#
# There is insufficient memory for the Java Runtime Environment to continue.
# Native memory allocation (mmap) failed to map 1048576 bytes. Error detail: G1 virtual space
# Possible reasons:
#   The system is out of physical RAM or swap space
#   This process is running with CompressedOops enabled, and the Java Heap may be blocking the growth of the native heap
# Possible solutions:
#   Reduce memory load on the system
#   Increase physical memory or swap space
#   Check if swap backing store is full
#   Decrease Java heap size (-Xmx/-Xms)
#   Decrease number of Java threads
#   Decrease Java thread stack sizes (-Xss)
#   Set larger code cache with -XX:ReservedCodeCacheSize=
#   JVM is running with Unscaled Compressed Oops mode in which the Java heap is
#     placed in the first 4GB address space. The Java Heap base address is the
#     maximum limit for the native heap growth. Please use -XX:HeapBaseMinAddress
#     to set the Java Heap base and to place the Java Heap above 4GB virtual address.
# This output file may be truncated or incomplete.
#
#  Out of Memory Error (os_windows.cpp:3564), pid=29572, tid=23008
#
# JRE version: Java(TM) SE Runtime Environment (24.0.1+9) (build 24.0.1+9-30)
# Java VM: Java HotSpot(TM) 64-Bit Server VM (24.0.1+9-30, mixed mode, sharing, tiered, compressed oops, compressed class ptrs, g1 gc, windows-amd64)
# No core dump will be written. Minidumps are not enabled by default on client versions of Windows
#

---------------  S U M M A R Y ------------

Command Line: --add-opens=java.base/java.lang=ALL-UNNAMED --add-opens=java.base/java.lang.invoke=ALL-UNNAMED --add-opens=java.base/java.util=ALL-UNNAMED --add-opens=java.prefs/java.util.prefs=ALL-UNNAMED --add-exports=jdk.compiler/com.sun.tools.javac.api=ALL-UNNAMED --add-exports=jdk.compiler/com.sun.tools.javac.util=ALL-UNNAMED --add-opens=java.base/java.util=ALL-UNNAMED --add-opens=java.prefs/java.util.prefs=ALL-UNNAMED --add-opens=java.base/java.nio.charset=ALL-UNNAMED --add-opens=java.base/java.net=ALL-UNNAMED --add-opens=java.base/java.util.concurrent.atomic=ALL-UNNAMED --add-opens=java.xml/javax.xml.namespace=ALL-UNNAMED -Xmx2048m -Dfile.encoding=UTF-8 -Duser.country=CO -Duser.language=es -Duser.variant -javaagent:C:\Users\santi\.gradle\wrapper\dists\gradle-8.13-bin\5xuhj0ry160q40clulazy9h7d\gradle-8.13\lib\agents\gradle-instrumentation-agent-8.13.jar org.gradle.launcher.daemon.bootstrap.GradleDaemon 8.13

Host: 12th Gen Intel(R) Core(TM) i5-12450H, 12 cores, 15G,  Windows 11 , 64 bit Build 26100 (10.0.26100.8328)
Time: Wed May 20 03:33:56 2026 Hora est. Pacífico, Sudamérica elapsed time: 75.801002 seconds (0d 0h 1m 15s)

---------------  T H R E A D  ---------------

Current thread (0x00000247c662a600):  WorkerThread "GC Thread#6"    [id=23008, stack(0x000000c584f00000,0x000000c585000000) (1024K)]

Stack: [0x000000c584f00000,0x000000c585000000]
Native frames: (J=compiled Java code, j=interpreted, Vv=VM code, C=native code)
V  [jvm.dll+0x730739]  (no source info available)
V  [jvm.dll+0x8d9b23]  (no source info available)
V  [jvm.dll+0x8dc00d]  (no source info available)
V  [jvm.dll+0x8dc683]  (no source info available)
V  [jvm.dll+0x2aa086]  (no source info available)
V  [jvm.dll+0x72cc65]  (no source info available)
V  [jvm.dll+0x72059a]  (no source info available)
V  [jvm.dll+0x390cea]  (no source info available)
V  [jvm.dll+0x3989f6]  (no source info available)
V  [jvm.dll+0x384f21]  (no source info available)
V  [jvm.dll+0x3855e4]  (no source info available)
V  [jvm.dll+0x3856ad]  (no source info available)
V  [jvm.dll+0x35e93c]  (no source info available)
V  [jvm.dll+0x35e68d]  (no source info available)
V  [jvm.dll+0x34c145]  (no source info available)
V  [jvm.dll+0x34c536]  (no source info available)
V  [jvm.dll+0x34d1cb]  (no source info available)
V  [jvm.dll+0x34d62e]  (no source info available)
V  [jvm.dll+0x34d0b7]  (no source info available)
V  [jvm.dll+0x392c82]  (no source info available)
V  [jvm.dll+0x39306f]  (no source info available)
V  [jvm.dll+0x3912ee]  (no source info available)
V  [jvm.dll+0x394368]  (no source info available)
V  [jvm.dll+0x393fce]  (no source info available)
V  [jvm.dll+0x3a95c9]  (no source info available)
V  [jvm.dll+0x3a9cea]  (no source info available)
V  [jvm.dll+0x3a9dd7]  (no source info available)
V  [jvm.dll+0x3aaf1b]  (no source info available)
V  [jvm.dll+0x90c487]  (no source info available)
V  [jvm.dll+0x87d76b]  (no source info available)
V  [jvm.dll+0x72ee55]  (no source info available)
C  [ucrtbase.dll+0x37b0]  (no source info available)
C  [KERNEL32.DLL+0x2e957]  (no source info available)
C  [ntdll.dll+0x427c]  (no source info available)


---------------  P R O C E S S  ---------------

Threads class SMR info:
_java_thread_list=0x00000247cbf27fe0, length=196, elements={
0x00000247cfcdaa20, 0x00000247eeab7a40, 0x00000247eeab8180, 0x00000247eeab92c0,
0x00000247eeab9df0, 0x00000247eeabaa50, 0x00000247eeabdad0, 0x00000247c10a2420,
0x00000247eeabe730, 0x00000247c127b900, 0x00000247c12c9950, 0x00000247c6f68860,
0x00000247c6f7b010, 0x00000247c710e2a0, 0x00000247c72dc780, 0x00000247c748ea90,
0x00000247c748f930, 0x00000247c748f1e0, 0x00000247c7490080, 0x00000247c72b7460,
0x00000247c72b7bb0, 0x00000247c72b5e70, 0x00000247c72b4880, 0x00000247c72b65c0,
0x00000247c72b4fd0, 0x00000247c72b8a50, 0x00000247c72b6d10, 0x00000247c72b5720,
0x00000247c72b91a0, 0x00000247c72bbd80, 0x00000247c72ba040, 0x00000247c72ba790,
0x00000247c7e152b0, 0x00000247c7e14410, 0x00000247c7e15a00, 0x00000247c7e13570,
0x00000247c7e12e20, 0x00000247c7e17e90, 0x00000247c7e17740, 0x00000247c7e16ff0,
0x00000247c7e16150, 0x00000247c7e168a0, 0x00000247c7e14b60, 0x00000247c7e18d30,
0x00000247c7e19bd0, 0x00000247c7e185e0, 0x00000247c7e19480, 0x00000247c7e1a320,
0x00000247c979be20, 0x00000247c979b6d0, 0x00000247c979d410, 0x00000247c979c570,
0x00000247c979e2b0, 0x00000247c979db60, 0x00000247c979f150, 0x00000247c979f8a0,
0x00000247c979fff0, 0x00000247c97a0740, 0x00000247c979ea00, 0x00000247c97a15e0,
0x00000247c97a0e90, 0x00000247c97a1d30, 0x00000247c97a2480, 0x00000247c8bb63a0,
0x00000247c8bb6af0, 0x00000247c8bb7990, 0x00000247c8bb4660, 0x00000247c848d490,
0x00000247c848dbe0, 0x00000247c848a8b0, 0x00000247c848f920, 0x00000247c848e330,
0x00000247c84907c0, 0x00000247c8490f10, 0x00000247c8491660, 0x00000247c8491db0,
0x00000247c848ea80, 0x00000247c848f1d0, 0x00000247c8490070, 0x00000247c8bb5500,
0x00000247cc6b3400, 0x00000247cc6b0820, 0x00000247cc6b49f0, 0x00000247cc6b2560,
0x00000247cc6b16c0, 0x00000247cc6b1e10, 0x00000247cc6b6730, 0x00000247cc6b5140,
0x00000247cc6b6e80, 0x00000247cc6b75d0, 0x00000247cc6b5890, 0x00000247cc6b5fe0,
0x00000247cb4f1e00, 0x00000247cb4f2550, 0x00000247cb4f0f60, 0x00000247cb4f2ca0,
0x00000247cb4f33f0, 0x00000247cb4f4290, 0x00000247cb4f3b40, 0x00000247cb4f49e0,
0x00000247cb4f16b0, 0x00000247cb4f5880, 0x00000247cb4f6e70, 0x00000247cb4f75c0,
0x00000247cb4f7d10, 0x00000247cb4f5130, 0x00000247cb4f5fd0, 0x00000247cb4f6720,
0x00000247cb0e1360, 0x00000247cb0e37f0, 0x00000247cb0e30a0, 0x00000247cb0e4de0,
0x00000247cb0e2200, 0x00000247cb0e4690, 0x00000247cb0e2950, 0x00000247cb0e3f40,
0x00000247cb0e1ab0, 0x00000247cb0e5c80, 0x00000247cb0e5530, 0x00000247cb0e63d0,
0x00000247cb0e8110, 0x00000247cb0e7270, 0x00000247cb0e6b20, 0x00000247cb0e79c0,
0x00000247cb0e8860, 0x00000247c8bb96d0, 0x00000247cc6617f0, 0x00000247cc660950,
0x00000247cc661f40, 0x00000247cc6643d0, 0x00000247cc663530, 0x00000247cc663c80,
0x00000247cc6610a0, 0x00000247cc664b20, 0x00000247cc6659c0, 0x00000247cc665270,
0x00000247cc666110, 0x00000247cc667700, 0x00000247cc666860, 0x00000247cc666fb0,
0x00000247cc667e50, 0x00000247c7d20970, 0x00000247c7d1dd90, 0x00000247c7d1e4e0,
0x00000247c7d1fad0, 0x00000247c7d20220, 0x00000247c7d210c0, 0x00000247c7d21810,
0x00000247c7d21f60, 0x00000247c7d1ec30, 0x00000247c7d23550, 0x00000247c7d23ca0,
0x00000247c7d243f0, 0x00000247c7d22e00, 0x00000247c7d24b40, 0x00000247c7d259e0,
0x00000247c7d226b0, 0x00000247c7d27e70, 0x00000247c7d285c0, 0x00000247c7d29460,
0x00000247c7d26880, 0x00000247c7d26130, 0x00000247c7d27720, 0x00000247c7d26fd0,
0x00000247c7d28d10, 0x00000247c7d2cee0, 0x00000247c7d2aa50, 0x00000247c7d29bb0,
0x00000247c7d2c790, 0x00000247cdb9b530, 0x00000247cdba22e0, 0x00000247cdba1440,
0x00000247cdba2a30, 0x00000247cdb9f700, 0x00000247cdba3180, 0x00000247cdba4020,
0x00000247cdba4770, 0x00000247cdba38d0, 0x00000247cdba4ec0, 0x00000247cdba1b90,
0x00000247cdba7aa0, 0x00000247cdba5610, 0x00000247f6759d20, 0x00000247f6757140,
0x00000247f675abc0, 0x00000247f6757890, 0x00000247f675b310, 0x00000247f675ba60,
0x00000247f6758730, 0x00000247f675c900, 0x00000247f675d050, 0x00000247f6761220,
0x00000247cdba7350, 0x00000247c8bb80e0, 0x00000247c87825d0, 0x00000247c8781e40
}

Java Threads: ( => current thread )
  0x00000247cfcdaa20 JavaThread "main"                              [_thread_blocked, id=15900, stack(0x000000c582900000,0x000000c582a00000) (1024K)]
  0x00000247eeab7a40 JavaThread "Reference Handler"          daemon [_thread_blocked, id=25268, stack(0x000000c583100000,0x000000c583200000) (1024K)]
  0x00000247eeab8180 JavaThread "Finalizer"                  daemon [_thread_blocked, id=5672, stack(0x000000c583200000,0x000000c583300000) (1024K)]
  0x00000247eeab92c0 JavaThread "Signal Dispatcher"          daemon [_thread_blocked, id=1336, stack(0x000000c583300000,0x000000c583400000) (1024K)]
  0x00000247eeab9df0 JavaThread "Attach Listener"            daemon [_thread_blocked, id=36764, stack(0x000000c583400000,0x000000c583500000) (1024K)]
  0x00000247eeabaa50 JavaThread "Service Thread"             daemon [_thread_blocked, id=22916, stack(0x000000c583500000,0x000000c583600000) (1024K)]
  0x00000247eeabdad0 JavaThread "Monitor Deflation Thread"   daemon [_thread_blocked, id=22992, stack(0x000000c583600000,0x000000c583700000) (1024K)]
  0x00000247c10a2420 JavaThread "C2 CompilerThread0"         daemon [_thread_blocked, id=18524, stack(0x000000c583700000,0x000000c583800000) (1024K)]
  0x00000247eeabe730 JavaThread "C1 CompilerThread0"         daemon [_thread_blocked, id=25996, stack(0x000000c583800000,0x000000c583900000) (1024K)]
  0x00000247c127b900 JavaThread "Common-Cleaner"             daemon [_thread_blocked, id=19212, stack(0x000000c583900000,0x000000c583a00000) (1024K)]
  0x00000247c12c9950 JavaThread "Notification Thread"        daemon [_thread_blocked, id=30852, stack(0x000000c583a00000,0x000000c583b00000) (1024K)]
  0x00000247c6f68860 JavaThread "Daemon health stats"               [_thread_blocked, id=20080, stack(0x000000c584200000,0x000000c584300000) (1024K)]
  0x00000247c6f7b010 JavaThread "Incoming local TCP Connector on port 61679"        [_thread_in_native, id=25936, stack(0x000000c584300000,0x000000c584400000) (1024K)]
  0x00000247c710e2a0 JavaThread "Daemon periodic checks"            [_thread_blocked, id=17568, stack(0x000000c584400000,0x000000c584500000) (1024K)]
  0x00000247c72dc780 JavaThread "Daemon"                            [_thread_blocked, id=21040, stack(0x000000c584500000,0x000000c584600000) (1024K)]
  0x00000247c748ea90 JavaThread "Handler for socket connection from /127.0.0.1:61679 to /127.0.0.1:61680"        [_thread_in_native, id=20028, stack(0x000000c584600000,0x000000c584700000) (1024K)]
  0x00000247c748f930 JavaThread "Cancel handler"                    [_thread_blocked, id=21380, stack(0x000000c584700000,0x000000c584800000) (1024K)]
  0x00000247c748f1e0 JavaThread "Daemon worker"                     [_thread_blocked, id=35820, stack(0x000000c584800000,0x000000c584900000) (1024K)]
  0x00000247c7490080 JavaThread "Asynchronous log dispatcher for DefaultDaemonConnection: socket connection from /127.0.0.1:61679 to /127.0.0.1:61680"        [_thread_blocked, id=31584, stack(0x000000c584900000,0x000000c584a00000) (1024K)]
  0x00000247c72b7460 JavaThread "Stdin handler"                     [_thread_blocked, id=9136, stack(0x000000c584a00000,0x000000c584b00000) (1024K)]
  0x00000247c72b7bb0 JavaThread "Daemon client event forwarder"        [_thread_blocked, id=32160, stack(0x000000c584b00000,0x000000c584c00000) (1024K)]
  0x00000247c72b5e70 JavaThread "Cache worker for journal cache (C:\Users\santi\.gradle\caches\journal-1)"        [_thread_blocked, id=30756, stack(0x000000c584c00000,0x000000c584d00000) (1024K)]
  0x00000247c72b4880 JavaThread "File lock request listener"        [_thread_in_native, id=13472, stack(0x000000c584d00000,0x000000c584e00000) (1024K)]
  0x00000247c72b65c0 JavaThread "Cache worker for file hash cache (C:\Users\santi\.gradle\caches\8.13\fileHashes)"        [_thread_blocked, id=27264, stack(0x000000c584e00000,0x000000c584f00000) (1024K)]
  0x00000247c72b4fd0 JavaThread "Cache worker for file hash cache (C:\Users\santi\Desktop\PetPulse\PetPulse\.gradle\8.13\fileHashes)"        [_thread_blocked, id=18784, stack(0x000000c585500000,0x000000c585600000) (1024K)]
  0x00000247c72b8a50 JavaThread "Cache worker for Build Output Cleanup Cache (C:\Users\santi\Desktop\PetPulse\PetPulse\.gradle\buildOutputCleanup)"        [_thread_blocked, id=24168, stack(0x000000c585600000,0x000000c585700000) (1024K)]
  0x00000247c72b6d10 JavaThread "File watcher server"        daemon [_thread_blocked, id=28428, stack(0x000000c585700000,0x000000c585800000) (1024K)]
  0x00000247c72b5720 JavaThread "File watcher consumer"      daemon [_thread_blocked, id=27936, stack(0x000000c585800000,0x000000c585900000) (1024K)]
  0x00000247c72b91a0 JavaThread "Cache worker for checksums cache (C:\Users\santi\Desktop\PetPulse\PetPulse\.gradle\8.13\checksums)"        [_thread_blocked, id=23704, stack(0x000000c585900000,0x000000c585a00000) (1024K)]
  0x00000247c72bbd80 JavaThread "Cache worker for file content cache (C:\Users\santi\.gradle\caches\8.13\fileContent)"        [_thread_blocked, id=22344, stack(0x000000c585a00000,0x000000c585b00000) (1024K)]
  0x00000247c72ba040 JavaThread "Cache worker for cache directory md-supplier (C:\Users\santi\.gradle\caches\8.13\md-supplier)"        [_thread_blocked, id=34760, stack(0x000000c585b00000,0x000000c585c00000) (1024K)]
  0x00000247c72ba790 JavaThread "Cache worker for cache directory md-rule (C:\Users\santi\.gradle\caches\8.13\md-rule)"        [_thread_blocked, id=16220, stack(0x000000c585c00000,0x000000c585d00000) (1024K)]
  0x00000247c7e152b0 JavaThread "Unconstrained build operations"        [_thread_blocked, id=28120, stack(0x000000c583c00000,0x000000c583d00000) (1024K)]
  0x00000247c7e14410 JavaThread "Unconstrained build operations Thread 2"        [_thread_blocked, id=21748, stack(0x000000c585d00000,0x000000c585e00000) (1024K)]
  0x00000247c7e15a00 JavaThread "Unconstrained build operations Thread 3"        [_thread_blocked, id=2144, stack(0x000000c585e00000,0x000000c585f00000) (1024K)]
  0x00000247c7e13570 JavaThread "Unconstrained build operations Thread 4"        [_thread_blocked, id=34000, stack(0x000000c585f00000,0x000000c586000000) (1024K)]
  0x00000247c7e12e20 JavaThread "Unconstrained build operations Thread 5"        [_thread_blocked, id=17708, stack(0x000000c586000000,0x000000c586100000) (1024K)]
  0x00000247c7e17e90 JavaThread "Unconstrained build operations Thread 6"        [_thread_blocked, id=24716, stack(0x000000c586100000,0x000000c586200000) (1024K)]
  0x00000247c7e17740 JavaThread "Unconstrained build operations Thread 7"        [_thread_blocked, id=19536, stack(0x000000c586200000,0x000000c586300000) (1024K)]
  0x00000247c7e16ff0 JavaThread "Unconstrained build operations Thread 8"        [_thread_blocked, id=24844, stack(0x000000c586300000,0x000000c586400000) (1024K)]
  0x00000247c7e16150 JavaThread "Unconstrained build operations Thread 9"        [_thread_blocked, id=30200, stack(0x000000c586400000,0x000000c586500000) (1024K)]
  0x00000247c7e168a0 JavaThread "Unconstrained build operations Thread 10"        [_thread_blocked, id=20316, stack(0x000000c586500000,0x000000c586600000) (1024K)]
  0x00000247c7e14b60 JavaThread "Unconstrained build operations Thread 11"        [_thread_blocked, id=16504, stack(0x000000c586600000,0x000000c586700000) (1024K)]
  0x00000247c7e18d30 JavaThread "Unconstrained build operations Thread 12"        [_thread_blocked, id=20476, stack(0x000000c586700000,0x000000c586800000) (1024K)]
  0x00000247c7e19bd0 JavaThread "Unconstrained build operations Thread 13"        [_thread_blocked, id=28340, stack(0x000000c586800000,0x000000c586900000) (1024K)]
  0x00000247c7e185e0 JavaThread "Unconstrained build operations Thread 14"        [_thread_blocked, id=34532, stack(0x000000c586900000,0x000000c586a00000) (1024K)]
  0x00000247c7e19480 JavaThread "Unconstrained build operations Thread 15"        [_thread_blocked, id=34960, stack(0x000000c586a00000,0x000000c586b00000) (1024K)]
  0x00000247c7e1a320 JavaThread "Unconstrained build operations Thread 16"        [_thread_blocked, id=7036, stack(0x000000c586b00000,0x000000c586c00000) (1024K)]
  0x00000247c979be20 JavaThread "Unconstrained build operations Thread 17"        [_thread_blocked, id=7832, stack(0x000000c586c00000,0x000000c586d00000) (1024K)]
  0x00000247c979b6d0 JavaThread "Unconstrained build operations Thread 18"        [_thread_blocked, id=28864, stack(0x000000c586d00000,0x000000c586e00000) (1024K)]
  0x00000247c979d410 JavaThread "Unconstrained build operations Thread 19"        [_thread_blocked, id=1508, stack(0x000000c586e00000,0x000000c586f00000) (1024K)]
  0x00000247c979c570 JavaThread "Unconstrained build operations Thread 20"        [_thread_blocked, id=33636, stack(0x000000c586f00000,0x000000c587000000) (1024K)]
  0x00000247c979e2b0 JavaThread "Unconstrained build operations Thread 21"        [_thread_blocked, id=23204, stack(0x000000c587000000,0x000000c587100000) (1024K)]
  0x00000247c979db60 JavaThread "Unconstrained build operations Thread 22"        [_thread_blocked, id=4704, stack(0x000000c587100000,0x000000c587200000) (1024K)]
  0x00000247c979f150 JavaThread "Unconstrained build operations Thread 23"        [_thread_blocked, id=32872, stack(0x000000c587300000,0x000000c587400000) (1024K)]
  0x00000247c979f8a0 JavaThread "Unconstrained build operations Thread 24"        [_thread_blocked, id=8276, stack(0x000000c587400000,0x000000c587500000) (1024K)]
  0x00000247c979fff0 JavaThread "Unconstrained build operations Thread 25"        [_thread_blocked, id=16008, stack(0x000000c587500000,0x000000c587600000) (1024K)]
  0x00000247c97a0740 JavaThread "Unconstrained build operations Thread 26"        [_thread_blocked, id=7132, stack(0x000000c587600000,0x000000c587700000) (1024K)]
  0x00000247c979ea00 JavaThread "Unconstrained build operations Thread 27"        [_thread_blocked, id=3524, stack(0x000000c587700000,0x000000c587800000) (1024K)]
  0x00000247c97a15e0 JavaThread "Unconstrained build operations Thread 28"        [_thread_blocked, id=16616, stack(0x000000c587800000,0x000000c587900000) (1024K)]
  0x00000247c97a0e90 JavaThread "Unconstrained build operations Thread 29"        [_thread_blocked, id=22828, stack(0x000000c587900000,0x000000c587a00000) (1024K)]
  0x00000247c97a1d30 JavaThread "Unconstrained build operations Thread 30"        [_thread_blocked, id=25852, stack(0x000000c587a00000,0x000000c587b00000) (1024K)]
  0x00000247c97a2480 JavaThread "Unconstrained build operations Thread 31"        [_thread_blocked, id=14432, stack(0x000000c587b00000,0x000000c587c00000) (1024K)]
  0x00000247c8bb63a0 JavaThread "Unconstrained build operations Thread 32"        [_thread_blocked, id=28024, stack(0x000000c587c00000,0x000000c587d00000) (1024K)]
  0x00000247c8bb6af0 JavaThread "Unconstrained build operations Thread 33"        [_thread_blocked, id=5892, stack(0x000000c587d00000,0x000000c587e00000) (1024K)]
  0x00000247c8bb7990 JavaThread "Memory manager"                    [_thread_blocked, id=34344, stack(0x000000c587200000,0x000000c587300000) (1024K)]
  0x00000247c8bb4660 JavaThread "build event listener"              [_thread_blocked, id=15448, stack(0x000000c587f00000,0x000000c588000000) (1024K)]
  0x00000247c848d490 JavaThread "pool-3-thread-1"                   [_thread_blocked, id=8004, stack(0x000000c588000000,0x000000c588100000) (1024K)]
  0x00000247c848dbe0 JavaThread "build event listener"              [_thread_blocked, id=19340, stack(0x000000c588100000,0x000000c588200000) (1024K)]
  0x00000247c848a8b0 JavaThread "included builds"                   [_thread_blocked, id=25068, stack(0x000000c588200000,0x000000c588300000) (1024K)]
  0x00000247c848f920 JavaThread "Execution worker"                  [_thread_blocked, id=17576, stack(0x000000c588300000,0x000000c588400000) (1024K)]
  0x00000247c848e330 JavaThread "Execution worker Thread 2"         [_thread_blocked, id=24512, stack(0x000000c588400000,0x000000c588500000) (1024K)]
  0x00000247c84907c0 JavaThread "Execution worker Thread 3"         [_thread_blocked, id=31124, stack(0x000000c588500000,0x000000c588600000) (1024K)]
  0x00000247c8490f10 JavaThread "Execution worker Thread 4"         [_thread_blocked, id=15576, stack(0x000000c588600000,0x000000c588700000) (1024K)]
  0x00000247c8491660 JavaThread "Execution worker Thread 5"         [_thread_blocked, id=31932, stack(0x000000c588700000,0x000000c588800000) (1024K)]
  0x00000247c8491db0 JavaThread "Execution worker Thread 6"         [_thread_blocked, id=26028, stack(0x000000c588800000,0x000000c588900000) (1024K)]
  0x00000247c848ea80 JavaThread "Execution worker Thread 7"         [_thread_blocked, id=34240, stack(0x000000c588900000,0x000000c588a00000) (1024K)]
  0x00000247c848f1d0 JavaThread "Execution worker Thread 8"         [_thread_blocked, id=16492, stack(0x000000c588a00000,0x000000c588b00000) (1024K)]
  0x00000247c8490070 JavaThread "Execution worker Thread 9"         [_thread_blocked, id=12128, stack(0x000000c588b00000,0x000000c588c00000) (1024K)]
  0x00000247c8bb5500 JavaThread "Execution worker Thread 10"        [_thread_blocked, id=29272, stack(0x000000c588c00000,0x000000c588d00000) (1024K)]
  0x00000247cc6b3400 JavaThread "Execution worker Thread 11"        [_thread_blocked, id=30884, stack(0x000000c588d00000,0x000000c588e00000) (1024K)]
  0x00000247cc6b0820 JavaThread "Cache worker for execution history cache (C:\Users\santi\Desktop\PetPulse\PetPulse\.gradle\8.13\executionHistory)"        [_thread_blocked, id=17920, stack(0x000000c588e00000,0x000000c588f00000) (1024K)]
  0x00000247cc6b49f0 JavaThread "Unconstrained build operations Thread 34"        [_thread_blocked, id=3940, stack(0x000000c588f00000,0x000000c589000000) (1024K)]
  0x00000247cc6b2560 JavaThread "Unconstrained build operations Thread 35"        [_thread_blocked, id=20548, stack(0x000000c589000000,0x000000c589100000) (1024K)]
  0x00000247cc6b16c0 JavaThread "Unconstrained build operations Thread 36"        [_thread_blocked, id=34880, stack(0x000000c589100000,0x000000c589200000) (1024K)]
  0x00000247cc6b1e10 JavaThread "Unconstrained build operations Thread 37"        [_thread_blocked, id=26272, stack(0x000000c589200000,0x000000c589300000) (1024K)]
  0x00000247cc6b6730 JavaThread "Unconstrained build operations Thread 38"        [_thread_blocked, id=26744, stack(0x000000c589300000,0x000000c589400000) (1024K)]
  0x00000247cc6b5140 JavaThread "Unconstrained build operations Thread 39"        [_thread_blocked, id=24836, stack(0x000000c589400000,0x000000c589500000) (1024K)]
  0x00000247cc6b6e80 JavaThread "Unconstrained build operations Thread 40"        [_thread_blocked, id=34080, stack(0x000000c589500000,0x000000c589600000) (1024K)]
  0x00000247cc6b75d0 JavaThread "Unconstrained build operations Thread 41"        [_thread_blocked, id=36412, stack(0x000000c589600000,0x000000c589700000) (1024K)]
  0x00000247cc6b5890 JavaThread "Unconstrained build operations Thread 42"        [_thread_blocked, id=15536, stack(0x000000c589700000,0x000000c589800000) (1024K)]
  0x00000247cc6b5fe0 JavaThread "Unconstrained build operations Thread 43"        [_thread_blocked, id=18928, stack(0x000000c589800000,0x000000c589900000) (1024K)]
  0x00000247cb4f1e00 JavaThread "Unconstrained build operations Thread 44"        [_thread_blocked, id=8504, stack(0x000000c589900000,0x000000c589a00000) (1024K)]
  0x00000247cb4f2550 JavaThread "Unconstrained build operations Thread 45"        [_thread_blocked, id=22824, stack(0x000000c589a00000,0x000000c589b00000) (1024K)]
  0x00000247cb4f0f60 JavaThread "Unconstrained build operations Thread 46"        [_thread_blocked, id=33016, stack(0x000000c589b00000,0x000000c589c00000) (1024K)]
  0x00000247cb4f2ca0 JavaThread "Unconstrained build operations Thread 47"        [_thread_blocked, id=25428, stack(0x000000c589c00000,0x000000c589d00000) (1024K)]
  0x00000247cb4f33f0 JavaThread "Unconstrained build operations Thread 48"        [_thread_blocked, id=30944, stack(0x000000c589d00000,0x000000c589e00000) (1024K)]
  0x00000247cb4f4290 JavaThread "Unconstrained build operations Thread 49"        [_thread_blocked, id=10628, stack(0x000000c589e00000,0x000000c589f00000) (1024K)]
  0x00000247cb4f3b40 JavaThread "Unconstrained build operations Thread 50"        [_thread_blocked, id=31356, stack(0x000000c589f00000,0x000000c58a000000) (1024K)]
  0x00000247cb4f49e0 JavaThread "Unconstrained build operations Thread 51"        [_thread_blocked, id=32652, stack(0x000000c58a000000,0x000000c58a100000) (1024K)]
  0x00000247cb4f16b0 JavaThread "Unconstrained build operations Thread 52"        [_thread_blocked, id=21420, stack(0x000000c58a100000,0x000000c58a200000) (1024K)]
  0x00000247cb4f5880 JavaThread "Unconstrained build operations Thread 53"        [_thread_blocked, id=22088, stack(0x000000c58a200000,0x000000c58a300000) (1024K)]
  0x00000247cb4f6e70 JavaThread "Unconstrained build operations Thread 54"        [_thread_blocked, id=4504, stack(0x000000c58a300000,0x000000c58a400000) (1024K)]
  0x00000247cb4f75c0 JavaThread "Unconstrained build operations Thread 55"        [_thread_blocked, id=29864, stack(0x000000c58a400000,0x000000c58a500000) (1024K)]
  0x00000247cb4f7d10 JavaThread "Unconstrained build operations Thread 56"        [_thread_blocked, id=36116, stack(0x000000c58a500000,0x000000c58a600000) (1024K)]
  0x00000247cb4f5130 JavaThread "Unconstrained build operations Thread 57"        [_thread_blocked, id=30724, stack(0x000000c58a600000,0x000000c58a700000) (1024K)]
  0x00000247cb4f5fd0 JavaThread "Unconstrained build operations Thread 58"        [_thread_blocked, id=16720, stack(0x000000c58a700000,0x000000c58a800000) (1024K)]
  0x00000247cb4f6720 JavaThread "Unconstrained build operations Thread 59"        [_thread_blocked, id=5096, stack(0x000000c58a800000,0x000000c58a900000) (1024K)]
  0x00000247cb0e1360 JavaThread "Unconstrained build operations Thread 60"        [_thread_blocked, id=12508, stack(0x000000c58a900000,0x000000c58aa00000) (1024K)]
  0x00000247cb0e37f0 JavaThread "Unconstrained build operations Thread 61"        [_thread_blocked, id=24800, stack(0x000000c58aa00000,0x000000c58ab00000) (1024K)]
  0x00000247cb0e30a0 JavaThread "Unconstrained build operations Thread 62"        [_thread_blocked, id=33064, stack(0x000000c58ab00000,0x000000c58ac00000) (1024K)]
  0x00000247cb0e4de0 JavaThread "Unconstrained build operations Thread 63"        [_thread_blocked, id=10892, stack(0x000000c58ac00000,0x000000c58ad00000) (1024K)]
  0x00000247cb0e2200 JavaThread "Unconstrained build operations Thread 64"        [_thread_blocked, id=28380, stack(0x000000c58ad00000,0x000000c58ae00000) (1024K)]
  0x00000247cb0e4690 JavaThread "Unconstrained build operations Thread 65"        [_thread_blocked, id=6860, stack(0x000000c58ae00000,0x000000c58af00000) (1024K)]
  0x00000247cb0e2950 JavaThread "Unconstrained build operations Thread 66"        [_thread_blocked, id=15388, stack(0x000000c58af00000,0x000000c58b000000) (1024K)]
  0x00000247cb0e3f40 JavaThread "Unconstrained build operations Thread 67"        [_thread_blocked, id=17412, stack(0x000000c58b000000,0x000000c58b100000) (1024K)]
  0x00000247cb0e1ab0 JavaThread "Unconstrained build operations Thread 68"        [_thread_blocked, id=12300, stack(0x000000c58b100000,0x000000c58b200000) (1024K)]
  0x00000247cb0e5c80 JavaThread "Unconstrained build operations Thread 69"        [_thread_blocked, id=16812, stack(0x000000c58b200000,0x000000c58b300000) (1024K)]
  0x00000247cb0e5530 JavaThread "Unconstrained build operations Thread 70"        [_thread_blocked, id=1340, stack(0x000000c58b300000,0x000000c58b400000) (1024K)]
  0x00000247cb0e63d0 JavaThread "Unconstrained build operations Thread 71"        [_thread_blocked, id=2004, stack(0x000000c58b400000,0x000000c58b500000) (1024K)]
  0x00000247cb0e8110 JavaThread "Unconstrained build operations Thread 72"        [_thread_blocked, id=35448, stack(0x000000c58b500000,0x000000c58b600000) (1024K)]
  0x00000247cb0e7270 JavaThread "Unconstrained build operations Thread 73"        [_thread_blocked, id=26408, stack(0x000000c58b600000,0x000000c58b700000) (1024K)]
  0x00000247cb0e6b20 JavaThread "Unconstrained build operations Thread 74"        [_thread_blocked, id=31968, stack(0x000000c58b700000,0x000000c58b800000) (1024K)]
  0x00000247cb0e79c0 JavaThread "Unconstrained build operations Thread 75"        [_thread_blocked, id=15176, stack(0x000000c58b800000,0x000000c58b900000) (1024K)]
  0x00000247cb0e8860 JavaThread "Unconstrained build operations Thread 76"        [_thread_blocked, id=4056, stack(0x000000c58b900000,0x000000c58ba00000) (1024K)]
  0x00000247c8bb96d0 JavaThread "Unconstrained build operations Thread 77"        [_thread_blocked, id=21220, stack(0x000000c58ba00000,0x000000c58bb00000) (1024K)]
  0x00000247cc6617f0 JavaThread "Unconstrained build operations Thread 78"        [_thread_blocked, id=28588, stack(0x000000c58bb00000,0x000000c58bc00000) (1024K)]
  0x00000247cc660950 JavaThread "Unconstrained build operations Thread 79"        [_thread_blocked, id=8688, stack(0x000000c58bc00000,0x000000c58bd00000) (1024K)]
  0x00000247cc661f40 JavaThread "Unconstrained build operations Thread 80"        [_thread_blocked, id=8036, stack(0x000000c58bd00000,0x000000c58be00000) (1024K)]
  0x00000247cc6643d0 JavaThread "Unconstrained build operations Thread 81"        [_thread_blocked, id=24476, stack(0x000000c58be00000,0x000000c58bf00000) (1024K)]
  0x00000247cc663530 JavaThread "Unconstrained build operations Thread 82"        [_thread_blocked, id=15708, stack(0x000000c58bf00000,0x000000c58c000000) (1024K)]
  0x00000247cc663c80 JavaThread "Unconstrained build operations Thread 83"        [_thread_blocked, id=25468, stack(0x000000c58c000000,0x000000c58c100000) (1024K)]
  0x00000247cc6610a0 JavaThread "Unconstrained build operations Thread 84"        [_thread_blocked, id=29008, stack(0x000000c58c100000,0x000000c58c200000) (1024K)]
  0x00000247cc664b20 JavaThread "Unconstrained build operations Thread 85"        [_thread_blocked, id=23248, stack(0x000000c58c200000,0x000000c58c300000) (1024K)]
  0x00000247cc6659c0 JavaThread "Unconstrained build operations Thread 86"        [_thread_blocked, id=28828, stack(0x000000c58c300000,0x000000c58c400000) (1024K)]
  0x00000247cc665270 JavaThread "Unconstrained build operations Thread 87"        [_thread_blocked, id=18392, stack(0x000000c58c400000,0x000000c58c500000) (1024K)]
  0x00000247cc666110 JavaThread "Unconstrained build operations Thread 88"        [_thread_blocked, id=17688, stack(0x000000c58c500000,0x000000c58c600000) (1024K)]
  0x00000247cc667700 JavaThread "Unconstrained build operations Thread 89"        [_thread_blocked, id=22524, stack(0x000000c58c600000,0x000000c58c700000) (1024K)]
  0x00000247cc666860 JavaThread "Unconstrained build operations Thread 90"        [_thread_blocked, id=17004, stack(0x000000c58c700000,0x000000c58c800000) (1024K)]
  0x00000247cc666fb0 JavaThread "Unconstrained build operations Thread 91"        [_thread_blocked, id=30976, stack(0x000000c58c800000,0x000000c58c900000) (1024K)]
  0x00000247cc667e50 JavaThread "Unconstrained build operations Thread 92"        [_thread_blocked, id=7836, stack(0x000000c58c900000,0x000000c58ca00000) (1024K)]
  0x00000247c7d20970 JavaThread "Unconstrained build operations Thread 93"        [_thread_blocked, id=35900, stack(0x000000c58ca00000,0x000000c58cb00000) (1024K)]
  0x00000247c7d1dd90 JavaThread "Unconstrained build operations Thread 94"        [_thread_blocked, id=31256, stack(0x000000c58cb00000,0x000000c58cc00000) (1024K)]
  0x00000247c7d1e4e0 JavaThread "Unconstrained build operations Thread 95"        [_thread_blocked, id=26592, stack(0x000000c58cc00000,0x000000c58cd00000) (1024K)]
  0x00000247c7d1fad0 JavaThread "Unconstrained build operations Thread 96"        [_thread_blocked, id=27836, stack(0x000000c58cd00000,0x000000c58ce00000) (1024K)]
  0x00000247c7d20220 JavaThread "Unconstrained build operations Thread 97"        [_thread_blocked, id=7204, stack(0x000000c58ce00000,0x000000c58cf00000) (1024K)]
  0x00000247c7d210c0 JavaThread "Unconstrained build operations Thread 98"        [_thread_blocked, id=24808, stack(0x000000c58cf00000,0x000000c58d000000) (1024K)]
  0x00000247c7d21810 JavaThread "Unconstrained build operations Thread 99"        [_thread_blocked, id=12804, stack(0x000000c58d000000,0x000000c58d100000) (1024K)]
  0x00000247c7d21f60 JavaThread "Unconstrained build operations Thread 100"        [_thread_blocked, id=8284, stack(0x000000c58d100000,0x000000c58d200000) (1024K)]
  0x00000247c7d1ec30 JavaThread "Unconstrained build operations Thread 101"        [_thread_blocked, id=16500, stack(0x000000c58d200000,0x000000c58d300000) (1024K)]
  0x00000247c7d23550 JavaThread "Unconstrained build operations Thread 102"        [_thread_blocked, id=9332, stack(0x000000c58d300000,0x000000c58d400000) (1024K)]
  0x00000247c7d23ca0 JavaThread "Unconstrained build operations Thread 103"        [_thread_blocked, id=18180, stack(0x000000c58d400000,0x000000c58d500000) (1024K)]
  0x00000247c7d243f0 JavaThread "Unconstrained build operations Thread 104"        [_thread_blocked, id=828, stack(0x000000c58d500000,0x000000c58d600000) (1024K)]
  0x00000247c7d22e00 JavaThread "Unconstrained build operations Thread 105"        [_thread_blocked, id=35080, stack(0x000000c58d600000,0x000000c58d700000) (1024K)]
  0x00000247c7d24b40 JavaThread "Unconstrained build operations Thread 106"        [_thread_blocked, id=33292, stack(0x000000c58d700000,0x000000c58d800000) (1024K)]
  0x00000247c7d259e0 JavaThread "Unconstrained build operations Thread 107"        [_thread_blocked, id=11564, stack(0x000000c58d800000,0x000000c58d900000) (1024K)]
  0x00000247c7d226b0 JavaThread "Unconstrained build operations Thread 108"        [_thread_blocked, id=28032, stack(0x000000c58d900000,0x000000c58da00000) (1024K)]
  0x00000247c7d27e70 JavaThread "Unconstrained build operations Thread 109"        [_thread_blocked, id=18644, stack(0x000000c58da00000,0x000000c58db00000) (1024K)]
  0x00000247c7d285c0 JavaThread "Unconstrained build operations Thread 110"        [_thread_blocked, id=33120, stack(0x000000c58db00000,0x000000c58dc00000) (1024K)]
  0x00000247c7d29460 JavaThread "Unconstrained build operations Thread 111"        [_thread_blocked, id=5884, stack(0x000000c58dc00000,0x000000c58dd00000) (1024K)]
  0x00000247c7d26880 JavaThread "Unconstrained build operations Thread 112"        [_thread_blocked, id=7084, stack(0x000000c58dd00000,0x000000c58de00000) (1024K)]
  0x00000247c7d26130 JavaThread "Unconstrained build operations Thread 113"        [_thread_blocked, id=29848, stack(0x000000c587e00000,0x000000c587f00000) (1024K)]
  0x00000247c7d27720 JavaThread "Unconstrained build operations Thread 114"        [_thread_blocked, id=22756, stack(0x000000c58de00000,0x000000c58df00000) (1024K)]
  0x00000247c7d26fd0 JavaThread "Unconstrained build operations Thread 115"        [_thread_blocked, id=3728, stack(0x000000c58df00000,0x000000c58e000000) (1024K)]
  0x00000247c7d28d10 JavaThread "Unconstrained build operations Thread 116"        [_thread_blocked, id=27436, stack(0x000000c58e000000,0x000000c58e100000) (1024K)]
  0x00000247c7d2cee0 JavaThread "Unconstrained build operations Thread 117"        [_thread_blocked, id=32520, stack(0x000000c58e100000,0x000000c58e200000) (1024K)]
  0x00000247c7d2aa50 JavaThread "Unconstrained build operations Thread 118"        [_thread_blocked, id=29592, stack(0x000000c58e200000,0x000000c58e300000) (1024K)]
  0x00000247c7d29bb0 JavaThread "Unconstrained build operations Thread 119"        [_thread_blocked, id=15844, stack(0x000000c58e300000,0x000000c58e400000) (1024K)]
  0x00000247c7d2c790 JavaThread "Unconstrained build operations Thread 120"        [_thread_blocked, id=12964, stack(0x000000c58e400000,0x000000c58e500000) (1024K)]
  0x00000247cdb9b530 JavaThread "WorkerExecutor Queue"              [_thread_blocked, id=35136, stack(0x000000c582800000,0x000000c582900000) (1024K)]
  0x00000247cdba22e0 JavaThread "WorkerExecutor Queue Thread 2"        [_thread_blocked, id=35280, stack(0x000000c583b00000,0x000000c583c00000) (1024K)]
  0x00000247cdba1440 JavaThread "WorkerExecutor Queue Thread 3"        [_thread_blocked, id=17624, stack(0x000000c58e500000,0x000000c58e600000) (1024K)]
  0x00000247cdba2a30 JavaThread "WorkerExecutor Queue Thread 4"        [_thread_blocked, id=5132, stack(0x000000c58e800000,0x000000c58e900000) (1024K)]
  0x00000247cdb9f700 JavaThread "WorkerExecutor Queue Thread 5"        [_thread_blocked, id=34252, stack(0x000000c58e900000,0x000000c58ea00000) (1024K)]
  0x00000247cdba3180 JavaThread "WorkerExecutor Queue Thread 6"        [_thread_blocked, id=4860, stack(0x000000c58ea00000,0x000000c58eb00000) (1024K)]
  0x00000247cdba4020 JavaThread "WorkerExecutor Queue Thread 7"        [_thread_blocked, id=28348, stack(0x000000c58eb00000,0x000000c58ec00000) (1024K)]
  0x00000247cdba4770 JavaThread "WorkerExecutor Queue Thread 8"        [_thread_blocked, id=29988, stack(0x000000c58ec00000,0x000000c58ed00000) (1024K)]
  0x00000247cdba38d0 JavaThread "WorkerExecutor Queue Thread 9"        [_thread_blocked, id=30540, stack(0x000000c58ed00000,0x000000c58ee00000) (1024K)]
  0x00000247cdba4ec0 JavaThread "WorkerExecutor Queue Thread 10"        [_thread_blocked, id=12936, stack(0x000000c58ee00000,0x000000c58ef00000) (1024K)]
  0x00000247cdba1b90 JavaThread "WorkerExecutor Queue Thread 11"        [_thread_blocked, id=36520, stack(0x000000c58ef00000,0x000000c58f000000) (1024K)]
  0x00000247cdba7aa0 JavaThread "WorkerExecutor Queue Thread 12"        [_thread_blocked, id=20132, stack(0x000000c58f000000,0x000000c58f100000) (1024K)]
  0x00000247cdba5610 JavaThread "WorkerExecutor Queue Thread 13"        [_thread_blocked, id=26544, stack(0x000000c58f100000,0x000000c58f200000) (1024K)]
  0x00000247f6759d20 JavaThread "ForkJoinPool-1-worker-1"    daemon [_thread_blocked, id=27620, stack(0x000000c582600000,0x000000c582700000) (1024K)]
  0x00000247f6757140 JavaThread "ForkJoinPool-1-worker-2"    daemon [_thread_blocked, id=3708, stack(0x000000c582700000,0x000000c582800000) (1024K)]
  0x00000247f675abc0 JavaThread "ForkJoinPool-1-worker-3"    daemon [_thread_blocked, id=35404, stack(0x000000c58f400000,0x000000c58f500000) (1024K)]
  0x00000247f6757890 JavaThread "ForkJoinPool-1-worker-4"    daemon [_thread_blocked, id=26032, stack(0x000000c58f500000,0x000000c58f600000) (1024K)]
  0x00000247f675b310 JavaThread "ForkJoinPool-1-worker-5"    daemon [_thread_blocked, id=22800, stack(0x000000c58f600000,0x000000c58f700000) (1024K)]
  0x00000247f675ba60 JavaThread "ForkJoinPool-1-worker-6"    daemon [_thread_blocked, id=22304, stack(0x000000c58f700000,0x000000c58f800000) (1024K)]
  0x00000247f6758730 JavaThread "ForkJoinPool-1-worker-7"    daemon [_thread_blocked, id=18908, stack(0x000000c58f800000,0x000000c58f900000) (1024K)]
  0x00000247f675c900 JavaThread "ForkJoinPool-1-worker-8"    daemon [_thread_blocked, id=23688, stack(0x000000c58f900000,0x000000c58fa00000) (1024K)]
  0x00000247f675d050 JavaThread "ForkJoinPool-1-worker-9"    daemon [_thread_blocked, id=36040, stack(0x000000c58fa00000,0x000000c58fb00000) (1024K)]
  0x00000247f6761220 JavaThread "ForkJoinPool-1-worker-10"   daemon [_thread_blocked, id=15888, stack(0x000000c58fb00000,0x000000c58fc00000) (1024K)]
  0x00000247cdba7350 JavaThread "ForkJoinPool-1-worker-11"   daemon [_thread_blocked, id=18368, stack(0x000000c58fc00000,0x000000c58fd00000) (1024K)]
  0x00000247c8bb80e0 JavaThread "ForkJoinPool-1-worker-12"   daemon [_thread_blocked, id=3992, stack(0x000000c58fd00000,0x000000c58fe00000) (1024K)]
  0x00000247c87825d0 JavaThread "C2 CompilerThread1"         daemon [_thread_blocked, id=33728, stack(0x000000c58fe00000,0x000000c58ff00000) (1024K)]
  0x00000247c8781e40 JavaThread "C2 CompilerThread2"         daemon [_thread_in_native, id=29288, stack(0x000000c58ff00000,0x000000c590000000) (1024K)]
Total: 196

Other Threads:
  0x00000247eeaa9370 VMThread "VM Thread"                           [id=13716, stack(0x000000c583000000,0x000000c583100000) (1024K)]
  0x00000247ee9f89d0 WatcherThread "VM Periodic Task Thread"        [id=20864, stack(0x000000c582f00000,0x000000c583000000) (1024K)]
  0x00000247d219cf10 WorkerThread "GC Thread#0"                     [id=6048, stack(0x000000c582a00000,0x000000c582b00000) (1024K)]
  0x00000247c6543ab0 WorkerThread "GC Thread#1"                     [id=8032, stack(0x000000c583d00000,0x000000c583e00000) (1024K)]
  0x00000247c6543e60 WorkerThread "GC Thread#2"                     [id=35236, stack(0x000000c583e00000,0x000000c583f00000) (1024K)]
  0x00000247c6544210 WorkerThread "GC Thread#3"                     [id=23720, stack(0x000000c583f00000,0x000000c584000000) (1024K)]
  0x00000247c65d9da0 WorkerThread "GC Thread#4"                     [id=22000, stack(0x000000c584000000,0x000000c584100000) (1024K)]
  0x00000247c6629af0 WorkerThread "GC Thread#5"                     [id=19944, stack(0x000000c584100000,0x000000c584200000) (1024K)]
=>0x00000247c662a600 WorkerThread "GC Thread#6"                     [id=23008, stack(0x000000c584f00000,0x000000c585000000) (1024K)]
  0x00000247c662a9b0 WorkerThread "GC Thread#7"                     [id=12860, stack(0x000000c585000000,0x000000c585100000) (1024K)]
  0x00000247c6629740 WorkerThread "GC Thread#8"                     [id=6752, stack(0x000000c585100000,0x000000c585200000) (1024K)]
  0x00000247c6628fe0 WorkerThread "GC Thread#9"                     [id=31400, stack(0x000000c585200000,0x000000c585300000) (1024K)]
  0x00000247d21f0b80 ConcurrentGCThread "G1 Main Marker"            [id=27416, stack(0x000000c582b00000,0x000000c582c00000) (1024K)]
  0x00000247d21f2450 WorkerThread "G1 Conc#0"                       [id=31724, stack(0x000000c582c00000,0x000000c582d00000) (1024K)]
  0x00000247c797e900 WorkerThread "G1 Conc#1"                       [id=31100, stack(0x000000c585300000,0x000000c585400000) (1024K)]
  0x00000247c797da40 WorkerThread "G1 Conc#2"                       [id=16460, stack(0x000000c585400000,0x000000c585500000) (1024K)]
  0x00000247ee9ec9b0 ConcurrentGCThread "G1 Refine#0"               [id=23924, stack(0x000000c582d00000,0x000000c582e00000) (1024K)]
  0x00000247ee9ed2e0 ConcurrentGCThread "G1 Service"                [id=23660, stack(0x000000c582e00000,0x000000c582f00000) (1024K)]
Total: 18

Threads with active compile tasks:
C2 CompilerThread0  75873 26388 %     4       com.android.tools.r8.dex.C::a @ 150 (881 bytes)
C2 CompilerThread1  75873 26456       4       com.android.tools.r8.dex.C::a (304 bytes)
C2 CompilerThread2  75873 26446       4       com.android.tools.r8.internal.On::a (3327 bytes)
Total: 3

VM state: at safepoint (normal execution)

VM Mutex/Monitor currently owned by a thread:  ([mutex/lock_event])
[0x00007ffc538a1fb0] FreeList_lock - owner thread: 0x00000247c662a600
[0x00007ffc538a44b0] Threads_lock - owner thread: 0x00000247eeaa9370
[0x00007ffc538a45b0] Heap_lock - owner thread: 0x00000247c8bb80e0

Heap address: 0x0000000080000000, size: 2048 MB, Compressed Oops mode: 32-bit

CDS archive(s) mapped at: [0x0000024780000000-0x0000024780d40000-0x0000024780d40000), size 13893632, SharedBaseAddress: 0x0000024780000000, ArchiveRelocationMode: 1.
Compressed class space mapped at: 0x0000024781000000-0x00000247c1000000, reserved size: 1073741824
UseCompressedClassPointers 1, UseCompactObjectHeaders 0
Narrow klass pointer bits 32, Max shift 3
Narrow klass base: 0x0000024780000000, Narrow klass shift: 0
Encoding Range: [0x0000024780000000 - 0x0000024880000000), (4294967296 bytes)
Klass Range:    [0x0000024780000000 - 0x00000247c1000000), (1090519040 bytes)
Klass ID Range:  [8 - 1090519033) (1090519025)

GC Precious Log:
 CardTable entry size: 512
 Card Set container configuration: InlinePtr #cards 5 size 8 Array Of Cards #cards 10 size 36 Howl #buckets 4 coarsen threshold 1843 Howl Bitmap #cards 512 size 80 coarsen threshold 460 Card regions per heap region 1 cards per card region 2048
 CPUs: 12 total, 12 available
 Memory: 16052M
 Large Page Support: Disabled
 NUMA Support: Disabled
 Compressed Oops: Enabled (32-bit)
 Heap Region Size: 1M
 Heap Min Capacity: 8M
 Heap Initial Capacity: 252M
 Heap Max Capacity: 2G
 Pre-touch: Disabled
 Parallel Workers: 10
 Concurrent Workers: 3
 Concurrent Refinement Workers: 10
 Periodic GC: Disabled

Heap:
 garbage-first heap   total reserved 2097152K, committed 1759232K, used 1535757K [0x0000000080000000, 0x0000000100000000)
  region size 1024K, 791 young (809984K), 113 survivors (115712K)
 Metaspace       used 129335K, committed 131584K, reserved 1179648K
  class space    used 15391K, committed 16448K, reserved 1048576K

Heap Regions: E=young(eden), S=young(survivor), O=old, HS=humongous(starts), HC=humongous(continues), CS=collection set, F=free, TAMS=top-at-mark-start, PB=parsable bottom
|   0|0x0000000080000000, 0x0000000080100000, 0x0000000080100000|100%|HS|  |TAMS 0x0000000080000000| PB 0x0000000080000000| Complete |  0
|   1|0x0000000080100000, 0x0000000080200000, 0x0000000080200000|100%|HC|  |TAMS 0x0000000080100000| PB 0x0000000080100000| Complete |  0
|   2|0x0000000080200000, 0x0000000080300000, 0x0000000080300000|100%|HC|  |TAMS 0x0000000080200000| PB 0x0000000080200000| Complete |  0
|   3|0x0000000080300000, 0x0000000080400000, 0x0000000080400000|100%| O|  |TAMS 0x0000000080300000| PB 0x0000000080300000| Untracked |  0
|   4|0x0000000080400000, 0x0000000080500000, 0x0000000080500000|100%| O|  |TAMS 0x0000000080400000| PB 0x0000000080400000| Untracked |  0
|   5|0x0000000080500000, 0x0000000080600000, 0x0000000080600000|100%|HS|  |TAMS 0x0000000080500000| PB 0x0000000080500000| Complete |  0
|   6|0x0000000080600000, 0x0000000080700000, 0x0000000080700000|100%| O|  |TAMS 0x0000000080600000| PB 0x0000000080600000| Untracked |  0
|   7|0x0000000080700000, 0x0000000080800000, 0x0000000080800000|100%| O|  |TAMS 0x0000000080700000| PB 0x0000000080700000| Untracked |  0
|   8|0x0000000080800000, 0x0000000080900000, 0x0000000080900000|100%| O|  |TAMS 0x0000000080800000| PB 0x0000000080800000| Untracked |  0
|   9|0x0000000080900000, 0x0000000080a00000, 0x0000000080a00000|100%| O|  |TAMS 0x0000000080900000| PB 0x0000000080900000| Untracked |  0
|  10|0x0000000080a00000, 0x0000000080b00000, 0x0000000080b00000|100%| O|  |TAMS 0x0000000080a00000| PB 0x0000000080a00000| Untracked |  0
|  11|0x0000000080b00000, 0x0000000080c00000, 0x0000000080c00000|100%| O|  |TAMS 0x0000000080b00000| PB 0x0000000080b00000| Untracked |  0
|  12|0x0000000080c00000, 0x0000000080d00000, 0x0000000080d00000|100%| O|  |TAMS 0x0000000080c00000| PB 0x0000000080c00000| Untracked |  0
|  13|0x0000000080d00000, 0x0000000080e00000, 0x0000000080e00000|100%| O|  |TAMS 0x0000000080d00000| PB 0x0000000080d00000| Untracked |  0
|  14|0x0000000080e00000, 0x0000000080f00000, 0x0000000080f00000|100%| O|  |TAMS 0x0000000080e00000| PB 0x0000000080e00000| Untracked |  0
|  15|0x0000000080f00000, 0x0000000081000000, 0x0000000081000000|100%| O|  |TAMS 0x0000000080f00000| PB 0x0000000080f00000| Untracked |  0
|  16|0x0000000081000000, 0x0000000081100000, 0x0000000081100000|100%| O|  |TAMS 0x0000000081000000| PB 0x0000000081000000| Untracked |  0
|  17|0x0000000081100000, 0x0000000081200000, 0x0000000081200000|100%| O|  |TAMS 0x0000000081100000| PB 0x0000000081100000| Untracked |  0
|  18|0x0000000081200000, 0x0000000081300000, 0x0000000081300000|100%| O|  |TAMS 0x0000000081200000| PB 0x0000000081200000| Untracked |  0
|  19|0x0000000081300000, 0x0000000081400000, 0x0000000081400000|100%| O|  |TAMS 0x0000000081300000| PB 0x0000000081300000| Untracked |  0
|  20|0x0000000081400000, 0x0000000081500000, 0x0000000081500000|100%| O|  |TAMS 0x0000000081400000| PB 0x0000000081400000| Untracked |  0
|  21|0x0000000081500000, 0x0000000081600000, 0x0000000081600000|100%| O|  |TAMS 0x0000000081500000| PB 0x0000000081500000| Untracked |  0
|  22|0x0000000081600000, 0x0000000081700000, 0x0000000081700000|100%| O|  |TAMS 0x0000000081600000| PB 0x0000000081600000| Untracked |  0
|  23|0x0000000081700000, 0x0000000081800000, 0x0000000081800000|100%| O|  |TAMS 0x0000000081700000| PB 0x0000000081700000| Untracked |  0
|  24|0x0000000081800000, 0x0000000081900000, 0x0000000081900000|100%| O|  |TAMS 0x0000000081800000| PB 0x0000000081800000| Untracked |  0
|  25|0x0000000081900000, 0x0000000081a00000, 0x0000000081a00000|100%| O|  |TAMS 0x0000000081900000| PB 0x0000000081900000| Untracked |  0
|  26|0x0000000081a00000, 0x0000000081b00000, 0x0000000081b00000|100%| O|  |TAMS 0x0000000081a00000| PB 0x0000000081a00000| Untracked |  0
|  27|0x0000000081b00000, 0x0000000081c00000, 0x0000000081c00000|100%| O|  |TAMS 0x0000000081b00000| PB 0x0000000081b00000| Untracked |  0
|  28|0x0000000081c00000, 0x0000000081d00000, 0x0000000081d00000|100%| O|  |TAMS 0x0000000081c00000| PB 0x0000000081c00000| Untracked |  0
|  29|0x0000000081d00000, 0x0000000081e00000, 0x0000000081e00000|100%| O|  |TAMS 0x0000000081d00000| PB 0x0000000081d00000| Untracked |  0
|  30|0x0000000081e00000, 0x0000000081f00000, 0x0000000081f00000|100%| O|  |TAMS 0x0000000081e00000| PB 0x0000000081e00000| Untracked |  0
|  31|0x0000000081f00000, 0x0000000082000000, 0x0000000082000000|100%| O|  |TAMS 0x0000000081f00000| PB 0x0000000081f00000| Untracked |  0
|  32|0x0000000082000000, 0x0000000082100000, 0x0000000082100000|100%| O|  |TAMS 0x0000000082000000| PB 0x0000000082000000| Untracked |  0
|  33|0x0000000082100000, 0x0000000082200000, 0x0000000082200000|100%| O|  |TAMS 0x0000000082100000| PB 0x0000000082100000| Untracked |  0
|  34|0x0000000082200000, 0x0000000082300000, 0x0000000082300000|100%| O|  |TAMS 0x0000000082200000| PB 0x0000000082200000| Untracked |  0
|  35|0x0000000082300000, 0x0000000082400000, 0x0000000082400000|100%| O|  |TAMS 0x0000000082300000| PB 0x0000000082300000| Untracked |  0
|  36|0x0000000082400000, 0x0000000082500000, 0x0000000082500000|100%| O|  |TAMS 0x0000000082400000| PB 0x0000000082400000| Untracked |  0
|  37|0x0000000082500000, 0x0000000082600000, 0x0000000082600000|100%| O|  |TAMS 0x0000000082500000| PB 0x0000000082500000| Untracked |  0
|  38|0x0000000082600000, 0x0000000082700000, 0x0000000082700000|100%| O|  |TAMS 0x0000000082600000| PB 0x0000000082600000| Untracked |  0
|  39|0x0000000082700000, 0x0000000082800000, 0x0000000082800000|100%| O|  |TAMS 0x0000000082700000| PB 0x0000000082700000| Untracked |  0
|  40|0x0000000082800000, 0x0000000082900000, 0x0000000082900000|100%| O|  |TAMS 0x0000000082800000| PB 0x0000000082800000| Untracked |  0
|  41|0x0000000082900000, 0x0000000082a00000, 0x0000000082a00000|100%| O|  |TAMS 0x0000000082900000| PB 0x0000000082900000| Untracked |  0
|  42|0x0000000082a00000, 0x0000000082b00000, 0x0000000082b00000|100%| O|  |TAMS 0x0000000082a00000| PB 0x0000000082a00000| Untracked |  0
|  43|0x0000000082b00000, 0x0000000082c00000, 0x0000000082c00000|100%| O|  |TAMS 0x0000000082b00000| PB 0x0000000082b00000| Untracked |  0
|  44|0x0000000082c00000, 0x0000000082d00000, 0x0000000082d00000|100%| O|  |TAMS 0x0000000082c00000| PB 0x0000000082c00000| Untracked |  0
|  45|0x0000000082d00000, 0x0000000082e00000, 0x0000000082e00000|100%| O|  |TAMS 0x0000000082d00000| PB 0x0000000082d00000| Untracked |  0
|  46|0x0000000082e00000, 0x0000000082f00000, 0x0000000082f00000|100%| O|  |TAMS 0x0000000082e00000| PB 0x0000000082e00000| Untracked |  0
|  47|0x0000000082f00000, 0x0000000083000000, 0x0000000083000000|100%| O|  |TAMS 0x0000000082f00000| PB 0x0000000082f00000| Untracked |  0
|  48|0x0000000083000000, 0x0000000083100000, 0x0000000083100000|100%| O|  |TAMS 0x0000000083000000| PB 0x0000000083000000| Untracked |  0
|  49|0x0000000083100000, 0x0000000083200000, 0x0000000083200000|100%| O|  |TAMS 0x0000000083100000| PB 0x0000000083100000| Untracked |  0
|  50|0x0000000083200000, 0x0000000083300000, 0x0000000083300000|100%|HS|  |TAMS 0x0000000083200000| PB 0x0000000083200000| Complete |  0
|  51|0x0000000083300000, 0x0000000083400000, 0x0000000083400000|100%|HS|  |TAMS 0x0000000083300000| PB 0x0000000083300000| Complete |  0
|  52|0x0000000083400000, 0x0000000083500000, 0x0000000083500000|100%|HS|  |TAMS 0x0000000083400000| PB 0x0000000083400000| Complete |  0
|  53|0x0000000083500000, 0x0000000083600000, 0x0000000083600000|100%|HC|  |TAMS 0x0000000083500000| PB 0x0000000083500000| Complete |  0
|  54|0x0000000083600000, 0x0000000083700000, 0x0000000083700000|100%|HS|  |TAMS 0x0000000083600000| PB 0x0000000083600000| Complete |  0
|  55|0x0000000083700000, 0x0000000083800000, 0x0000000083800000|100%|HC|  |TAMS 0x0000000083700000| PB 0x0000000083700000| Complete |  0
|  56|0x0000000083800000, 0x0000000083900000, 0x0000000083900000|100%|HS|  |TAMS 0x0000000083800000| PB 0x0000000083800000| Complete |  0
|  57|0x0000000083900000, 0x0000000083a00000, 0x0000000083a00000|100%|HC|  |TAMS 0x0000000083900000| PB 0x0000000083900000| Complete |  0
|  58|0x0000000083a00000, 0x0000000083b00000, 0x0000000083b00000|100%|HC|  |TAMS 0x0000000083a00000| PB 0x0000000083a00000| Complete |  0
|  59|0x0000000083b00000, 0x0000000083c00000, 0x0000000083c00000|100%|HS|  |TAMS 0x0000000083b00000| PB 0x0000000083b00000| Complete |  0
|  60|0x0000000083c00000, 0x0000000083d00000, 0x0000000083d00000|100%|HS|  |TAMS 0x0000000083c00000| PB 0x0000000083c00000| Complete |  0
|  61|0x0000000083d00000, 0x0000000083e00000, 0x0000000083e00000|100%| O|  |TAMS 0x0000000083d00000| PB 0x0000000083d00000| Untracked |  0
|  62|0x0000000083e00000, 0x0000000083f00000, 0x0000000083f00000|100%|HS|  |TAMS 0x0000000083e00000| PB 0x0000000083e00000| Complete |  0
|  63|0x0000000083f00000, 0x0000000084000000, 0x0000000084000000|100%|HS|  |TAMS 0x0000000083f00000| PB 0x0000000083f00000| Complete |  0
|  64|0x0000000084000000, 0x0000000084100000, 0x0000000084100000|100%| O|  |TAMS 0x0000000084000000| PB 0x0000000084000000| Untracked |  0
|  65|0x0000000084100000, 0x0000000084200000, 0x0000000084200000|100%| O|  |TAMS 0x0000000084100000| PB 0x0000000084100000| Untracked |  0
|  66|0x0000000084200000, 0x0000000084300000, 0x0000000084300000|100%|HS|  |TAMS 0x0000000084200000| PB 0x0000000084200000| Complete |  0
|  67|0x0000000084300000, 0x0000000084400000, 0x0000000084400000|100%| O|  |TAMS 0x0000000084300000| PB 0x0000000084300000| Untracked |  0
|  68|0x0000000084400000, 0x0000000084500000, 0x0000000084500000|100%| O|  |TAMS 0x0000000084400000| PB 0x0000000084400000| Untracked |  0
|  69|0x0000000084500000, 0x0000000084600000, 0x0000000084600000|100%| O|  |TAMS 0x0000000084500000| PB 0x0000000084500000| Untracked |  0
|  70|0x0000000084600000, 0x0000000084700000, 0x0000000084700000|100%| O|  |TAMS 0x0000000084600000| PB 0x0000000084600000| Untracked |  0
|  71|0x0000000084700000, 0x0000000084800000, 0x0000000084800000|100%| O|  |TAMS 0x0000000084700000| PB 0x0000000084700000| Untracked |  0
|  72|0x0000000084800000, 0x0000000084900000, 0x0000000084900000|100%| O|  |TAMS 0x0000000084800000| PB 0x0000000084800000| Untracked |  0
|  73|0x0000000084900000, 0x0000000084a00000, 0x0000000084a00000|100%| O|  |TAMS 0x0000000084900000| PB 0x0000000084900000| Untracked |  0
|  74|0x0000000084a00000, 0x0000000084b00000, 0x0000000084b00000|100%| O|  |TAMS 0x0000000084a00000| PB 0x0000000084a00000| Untracked |  0
|  75|0x0000000084b00000, 0x0000000084c00000, 0x0000000084c00000|100%| O|  |TAMS 0x0000000084b00000| PB 0x0000000084b00000| Untracked |  0
|  76|0x0000000084c00000, 0x0000000084d00000, 0x0000000084d00000|100%| O|  |TAMS 0x0000000084c00000| PB 0x0000000084c00000| Untracked |  0
|  77|0x0000000084d00000, 0x0000000084e00000, 0x0000000084e00000|100%| O|  |TAMS 0x0000000084d00000| PB 0x0000000084d00000| Untracked |  0
|  78|0x0000000084e00000, 0x0000000084f00000, 0x0000000084f00000|100%|HS|  |TAMS 0x0000000084e00000| PB 0x0000000084e00000| Complete |  0
|  79|0x0000000084f00000, 0x0000000085000000, 0x0000000085000000|100%|HC|  |TAMS 0x0000000084f00000| PB 0x0000000084f00000| Complete |  0
|  80|0x0000000085000000, 0x0000000085100000, 0x0000000085100000|100%|HC|  |TAMS 0x0000000085000000| PB 0x0000000085000000| Complete |  0
|  81|0x0000000085100000, 0x0000000085200000, 0x0000000085200000|100%| O|  |TAMS 0x0000000085100000| PB 0x0000000085100000| Untracked |  0
|  82|0x0000000085200000, 0x0000000085300000, 0x0000000085300000|100%| O|  |TAMS 0x0000000085200000| PB 0x0000000085200000| Untracked |  0
|  83|0x0000000085300000, 0x0000000085400000, 0x0000000085400000|100%| O|  |TAMS 0x0000000085300000| PB 0x0000000085300000| Untracked |  0
|  84|0x0000000085400000, 0x0000000085500000, 0x0000000085500000|100%| O|  |TAMS 0x0000000085400000| PB 0x0000000085400000| Untracked |  0
|  85|0x0000000085500000, 0x0000000085600000, 0x0000000085600000|100%| O|  |TAMS 0x0000000085500000| PB 0x0000000085500000| Untracked |  0
|  86|0x0000000085600000, 0x0000000085700000, 0x0000000085700000|100%| O|  |TAMS 0x0000000085600000| PB 0x0000000085600000| Untracked |  0
|  87|0x0000000085700000, 0x0000000085800000, 0x0000000085800000|100%| O|  |TAMS 0x0000000085700000| PB 0x0000000085700000| Untracked |  0
|  88|0x0000000085800000, 0x0000000085900000, 0x0000000085900000|100%| O|  |TAMS 0x0000000085800000| PB 0x0000000085800000| Untracked |  0
|  89|0x0000000085900000, 0x0000000085a00000, 0x0000000085a00000|100%| O|  |TAMS 0x0000000085900000| PB 0x0000000085900000| Untracked |  0
|  90|0x0000000085a00000, 0x0000000085b00000, 0x0000000085b00000|100%| O|  |TAMS 0x0000000085a00000| PB 0x0000000085a00000| Untracked |  0
|  91|0x0000000085b00000, 0x0000000085c00000, 0x0000000085c00000|100%| O|  |TAMS 0x0000000085b00000| PB 0x0000000085b00000| Untracked |  0
|  92|0x0000000085c00000, 0x0000000085d00000, 0x0000000085d00000|100%| O|  |TAMS 0x0000000085c00000| PB 0x0000000085c00000| Untracked |  0
|  93|0x0000000085d00000, 0x0000000085e00000, 0x0000000085e00000|100%| O|  |TAMS 0x0000000085d00000| PB 0x0000000085d00000| Untracked |  0
|  94|0x0000000085e00000, 0x0000000085f00000, 0x0000000085f00000|100%| O|  |TAMS 0x0000000085e00000| PB 0x0000000085e00000| Untracked |  0
|  95|0x0000000085f00000, 0x0000000086000000, 0x0000000086000000|100%| O|  |TAMS 0x0000000085f00000| PB 0x0000000085f00000| Untracked |  0
|  96|0x0000000086000000, 0x0000000086100000, 0x0000000086100000|100%| O|  |TAMS 0x0000000086000000| PB 0x0000000086000000| Untracked |  0
|  97|0x0000000086100000, 0x0000000086200000, 0x0000000086200000|100%| O|  |TAMS 0x0000000086100000| PB 0x0000000086100000| Untracked |  0
|  98|0x0000000086200000, 0x0000000086300000, 0x0000000086300000|100%| O|  |TAMS 0x0000000086200000| PB 0x0000000086200000| Untracked |  0
|  99|0x0000000086300000, 0x0000000086400000, 0x0000000086400000|100%| O|  |TAMS 0x0000000086300000| PB 0x0000000086300000| Untracked |  0
| 100|0x0000000086400000, 0x0000000086500000, 0x0000000086500000|100%| O|  |TAMS 0x0000000086400000| PB 0x0000000086400000| Untracked |  0
| 101|0x0000000086500000, 0x0000000086600000, 0x0000000086600000|100%| O|  |TAMS 0x0000000086500000| PB 0x0000000086500000| Untracked |  0
| 102|0x0000000086600000, 0x0000000086700000, 0x0000000086700000|100%| O|  |TAMS 0x0000000086600000| PB 0x0000000086600000| Untracked |  0
| 103|0x0000000086700000, 0x0000000086800000, 0x0000000086800000|100%| O|  |TAMS 0x0000000086700000| PB 0x0000000086700000| Untracked |  0
| 104|0x0000000086800000, 0x0000000086900000, 0x0000000086900000|100%| O|  |TAMS 0x0000000086800000| PB 0x0000000086800000| Untracked |  0
| 105|0x0000000086900000, 0x0000000086a00000, 0x0000000086a00000|100%| O|  |TAMS 0x0000000086900000| PB 0x0000000086900000| Untracked |  0
| 106|0x0000000086a00000, 0x0000000086b00000, 0x0000000086b00000|100%| O|  |TAMS 0x0000000086a00000| PB 0x0000000086a00000| Untracked |  0
| 107|0x0000000086b00000, 0x0000000086c00000, 0x0000000086c00000|100%| O|  |TAMS 0x0000000086b00000| PB 0x0000000086b00000| Untracked |  0
| 108|0x0000000086c00000, 0x0000000086d00000, 0x0000000086d00000|100%| O|  |TAMS 0x0000000086c00000| PB 0x0000000086c00000| Untracked |  0
| 109|0x0000000086d00000, 0x0000000086e00000, 0x0000000086e00000|100%| O|  |TAMS 0x0000000086d00000| PB 0x0000000086d00000| Untracked |  0
| 110|0x0000000086e00000, 0x0000000086f00000, 0x0000000086f00000|100%| O|  |TAMS 0x0000000086e00000| PB 0x0000000086e00000| Untracked |  0
| 111|0x0000000086f00000, 0x0000000087000000, 0x0000000087000000|100%| O|  |TAMS 0x0000000086f00000| PB 0x0000000086f00000| Untracked |  0
| 112|0x0000000087000000, 0x0000000087100000, 0x0000000087100000|100%| O|  |TAMS 0x0000000087000000| PB 0x0000000087000000| Untracked |  0
| 113|0x0000000087100000, 0x0000000087200000, 0x0000000087200000|100%| O|  |TAMS 0x0000000087100000| PB 0x0000000087100000| Untracked |  0
| 114|0x0000000087200000, 0x0000000087300000, 0x0000000087300000|100%| O|  |TAMS 0x0000000087200000| PB 0x0000000087200000| Untracked |  0
| 115|0x0000000087300000, 0x0000000087400000, 0x0000000087400000|100%| O|  |TAMS 0x0000000087300000| PB 0x0000000087300000| Untracked |  0
| 116|0x0000000087400000, 0x0000000087500000, 0x0000000087500000|100%| O|  |TAMS 0x0000000087400000| PB 0x0000000087400000| Untracked |  0
| 117|0x0000000087500000, 0x0000000087600000, 0x0000000087600000|100%|HS|  |TAMS 0x0000000087500000| PB 0x0000000087500000| Complete |  0
| 118|0x0000000087600000, 0x0000000087700000, 0x0000000087700000|100%|HC|  |TAMS 0x0000000087600000| PB 0x0000000087600000| Complete |  0
| 119|0x0000000087700000, 0x0000000087800000, 0x0000000087800000|100%| O|  |TAMS 0x0000000087700000| PB 0x0000000087700000| Untracked |  0
| 120|0x0000000087800000, 0x0000000087900000, 0x0000000087900000|100%| O|  |TAMS 0x0000000087800000| PB 0x0000000087800000| Untracked |  0
| 121|0x0000000087900000, 0x0000000087a00000, 0x0000000087a00000|100%| O|  |TAMS 0x0000000087900000| PB 0x0000000087900000| Untracked |  0
| 122|0x0000000087a00000, 0x0000000087b00000, 0x0000000087b00000|100%| O|  |TAMS 0x0000000087a00000| PB 0x0000000087a00000| Untracked |  0
| 123|0x0000000087b00000, 0x0000000087c00000, 0x0000000087c00000|100%| O|  |TAMS 0x0000000087b00000| PB 0x0000000087b00000| Untracked |  0
| 124|0x0000000087c00000, 0x0000000087d00000, 0x0000000087d00000|100%| O|  |TAMS 0x0000000087c00000| PB 0x0000000087c00000| Untracked |  0
| 125|0x0000000087d00000, 0x0000000087e00000, 0x0000000087e00000|100%| O|  |TAMS 0x0000000087d00000| PB 0x0000000087d00000| Untracked |  0
| 126|0x0000000087e00000, 0x0000000087f00000, 0x0000000087f00000|100%| O|  |TAMS 0x0000000087e00000| PB 0x0000000087e00000| Untracked |  0
| 127|0x0000000087f00000, 0x0000000088000000, 0x0000000088000000|100%| O|  |TAMS 0x0000000087f00000| PB 0x0000000087f00000| Untracked |  0
| 128|0x0000000088000000, 0x0000000088100000, 0x0000000088100000|100%| O|  |TAMS 0x0000000088000000| PB 0x0000000088000000| Untracked |  0
| 129|0x0000000088100000, 0x0000000088200000, 0x0000000088200000|100%| O|  |TAMS 0x0000000088100000| PB 0x0000000088100000| Untracked |  0
| 130|0x0000000088200000, 0x0000000088300000, 0x0000000088300000|100%| O|  |TAMS 0x0000000088200000| PB 0x0000000088200000| Untracked |  0
| 131|0x0000000088300000, 0x0000000088400000, 0x0000000088400000|100%| O|  |TAMS 0x0000000088300000| PB 0x0000000088300000| Untracked |  0
| 132|0x0000000088400000, 0x0000000088500000, 0x0000000088500000|100%| O|  |TAMS 0x0000000088400000| PB 0x0000000088400000| Untracked |  0
| 133|0x0000000088500000, 0x0000000088600000, 0x0000000088600000|100%| O|  |TAMS 0x0000000088500000| PB 0x0000000088500000| Untracked |  0
| 134|0x0000000088600000, 0x0000000088700000, 0x0000000088700000|100%| O|  |TAMS 0x0000000088600000| PB 0x0000000088600000| Untracked |  0
| 135|0x0000000088700000, 0x0000000088800000, 0x0000000088800000|100%| O|Cm|TAMS 0x0000000088700000| PB 0x0000000088700000| Complete |  0
| 136|0x0000000088800000, 0x0000000088900000, 0x0000000088900000|100%| O|Cm|TAMS 0x0000000088800000| PB 0x0000000088800000| Complete |  0
| 137|0x0000000088900000, 0x0000000088a00000, 0x0000000088a00000|100%| O|  |TAMS 0x0000000088900000| PB 0x0000000088900000| Untracked |  0
| 138|0x0000000088a00000, 0x0000000088b00000, 0x0000000088b00000|100%| O|Cm|TAMS 0x0000000088a00000| PB 0x0000000088a00000| Complete |  0
| 139|0x0000000088b00000, 0x0000000088c00000, 0x0000000088c00000|100%| O|  |TAMS 0x0000000088b00000| PB 0x0000000088b00000| Untracked |  0
| 140|0x0000000088c00000, 0x0000000088d00000, 0x0000000088d00000|100%|HS|  |TAMS 0x0000000088c00000| PB 0x0000000088c00000| Complete |  0
| 141|0x0000000088d00000, 0x0000000088e00000, 0x0000000088e00000|100%| O|  |TAMS 0x0000000088d00000| PB 0x0000000088d00000| Untracked |  0
| 142|0x0000000088e00000, 0x0000000088f00000, 0x0000000088f00000|100%| O|  |TAMS 0x0000000088e00000| PB 0x0000000088e00000| Untracked |  0
| 143|0x0000000088f00000, 0x0000000089000000, 0x0000000089000000|100%| O|  |TAMS 0x0000000088f00000| PB 0x0000000088f00000| Untracked |  0
| 144|0x0000000089000000, 0x0000000089100000, 0x0000000089100000|100%| O|  |TAMS 0x0000000089000000| PB 0x0000000089000000| Untracked |  0
| 145|0x0000000089100000, 0x0000000089200000, 0x0000000089200000|100%| O|  |TAMS 0x0000000089100000| PB 0x0000000089100000| Untracked |  0
| 146|0x0000000089200000, 0x0000000089300000, 0x0000000089300000|100%| O|  |TAMS 0x0000000089200000| PB 0x0000000089200000| Untracked |  0
| 147|0x0000000089300000, 0x0000000089400000, 0x0000000089400000|100%| O|  |TAMS 0x0000000089300000| PB 0x0000000089300000| Untracked |  0
| 148|0x0000000089400000, 0x0000000089500000, 0x0000000089500000|100%| O|  |TAMS 0x0000000089400000| PB 0x0000000089400000| Untracked |  0
| 149|0x0000000089500000, 0x0000000089600000, 0x0000000089600000|100%| O|  |TAMS 0x0000000089500000| PB 0x0000000089500000| Untracked |  0
| 150|0x0000000089600000, 0x0000000089700000, 0x0000000089700000|100%| O|  |TAMS 0x0000000089600000| PB 0x0000000089600000| Untracked |  0
| 151|0x0000000089700000, 0x0000000089800000, 0x0000000089800000|100%| O|  |TAMS 0x0000000089700000| PB 0x0000000089700000| Untracked |  0
| 152|0x0000000089800000, 0x0000000089900000, 0x0000000089900000|100%| O|  |TAMS 0x0000000089800000| PB 0x0000000089800000| Untracked |  0
| 153|0x0000000089900000, 0x0000000089a00000, 0x0000000089a00000|100%| O|  |TAMS 0x0000000089900000| PB 0x0000000089900000| Untracked |  0
| 154|0x0000000089a00000, 0x0000000089b00000, 0x0000000089b00000|100%| O|  |TAMS 0x0000000089a00000| PB 0x0000000089a00000| Untracked |  0
| 155|0x0000000089b00000, 0x0000000089c00000, 0x0000000089c00000|100%| O|  |TAMS 0x0000000089b00000| PB 0x0000000089b00000| Untracked |  0
| 156|0x0000000089c00000, 0x0000000089d00000, 0x0000000089d00000|100%| O|  |TAMS 0x0000000089c00000| PB 0x0000000089c00000| Untracked |  0
| 157|0x0000000089d00000, 0x0000000089e00000, 0x0000000089e00000|100%| O|  |TAMS 0x0000000089d00000| PB 0x0000000089d00000| Untracked |  0
| 158|0x0000000089e00000, 0x0000000089f00000, 0x0000000089f00000|100%| O|  |TAMS 0x0000000089e00000| PB 0x0000000089e00000| Untracked |  0
| 159|0x0000000089f00000, 0x000000008a000000, 0x000000008a000000|100%| O|  |TAMS 0x0000000089f00000| PB 0x0000000089f00000| Untracked |  0
| 160|0x000000008a000000, 0x000000008a100000, 0x000000008a100000|100%| O|  |TAMS 0x000000008a000000| PB 0x000000008a000000| Untracked |  0
| 161|0x000000008a100000, 0x000000008a200000, 0x000000008a200000|100%| O|  |TAMS 0x000000008a100000| PB 0x000000008a100000| Untracked |  0
| 162|0x000000008a200000, 0x000000008a300000, 0x000000008a300000|100%| O|  |TAMS 0x000000008a200000| PB 0x000000008a200000| Untracked |  0
| 163|0x000000008a300000, 0x000000008a400000, 0x000000008a400000|100%| O|  |TAMS 0x000000008a300000| PB 0x000000008a300000| Untracked |  0
| 164|0x000000008a400000, 0x000000008a500000, 0x000000008a500000|100%| O|  |TAMS 0x000000008a400000| PB 0x000000008a400000| Untracked |  0
| 165|0x000000008a500000, 0x000000008a600000, 0x000000008a600000|100%| O|  |TAMS 0x000000008a500000| PB 0x000000008a500000| Untracked |  0
| 166|0x000000008a600000, 0x000000008a700000, 0x000000008a700000|100%| O|  |TAMS 0x000000008a600000| PB 0x000000008a600000| Untracked |  0
| 167|0x000000008a700000, 0x000000008a800000, 0x000000008a800000|100%| O|  |TAMS 0x000000008a700000| PB 0x000000008a700000| Untracked |  0
| 168|0x000000008a800000, 0x000000008a900000, 0x000000008a900000|100%| O|  |TAMS 0x000000008a800000| PB 0x000000008a800000| Untracked |  0
| 169|0x000000008a900000, 0x000000008aa00000, 0x000000008aa00000|100%| O|  |TAMS 0x000000008a900000| PB 0x000000008a900000| Untracked |  0
| 170|0x000000008aa00000, 0x000000008ab00000, 0x000000008ab00000|100%| O|  |TAMS 0x000000008aa00000| PB 0x000000008aa00000| Untracked |  0
| 171|0x000000008ab00000, 0x000000008ac00000, 0x000000008ac00000|100%| O|  |TAMS 0x000000008ab00000| PB 0x000000008ab00000| Untracked |  0
| 172|0x000000008ac00000, 0x000000008ad00000, 0x000000008ad00000|100%| O|  |TAMS 0x000000008ac00000| PB 0x000000008ac00000| Untracked |  0
| 173|0x000000008ad00000, 0x000000008ae00000, 0x000000008ae00000|100%| O|  |TAMS 0x000000008ad00000| PB 0x000000008ad00000| Untracked |  0
| 174|0x000000008ae00000, 0x000000008af00000, 0x000000008af00000|100%| O|  |TAMS 0x000000008ae00000| PB 0x000000008ae00000| Untracked |  0
| 175|0x000000008af00000, 0x000000008b000000, 0x000000008b000000|100%| O|  |TAMS 0x000000008af00000| PB 0x000000008af00000| Untracked |  0
| 176|0x000000008b000000, 0x000000008b100000, 0x000000008b100000|100%| O|  |TAMS 0x000000008b000000| PB 0x000000008b000000| Untracked |  0
| 177|0x000000008b100000, 0x000000008b200000, 0x000000008b200000|100%| O|  |TAMS 0x000000008b100000| PB 0x000000008b100000| Untracked |  0
| 178|0x000000008b200000, 0x000000008b300000, 0x000000008b300000|100%| O|  |TAMS 0x000000008b200000| PB 0x000000008b200000| Untracked |  0
| 179|0x000000008b300000, 0x000000008b400000, 0x000000008b400000|100%| O|  |TAMS 0x000000008b300000| PB 0x000000008b300000| Untracked |  0
| 180|0x000000008b400000, 0x000000008b500000, 0x000000008b500000|100%| O|  |TAMS 0x000000008b400000| PB 0x000000008b400000| Untracked |  0
| 181|0x000000008b500000, 0x000000008b600000, 0x000000008b600000|100%| O|  |TAMS 0x000000008b500000| PB 0x000000008b500000| Untracked |  0
| 182|0x000000008b600000, 0x000000008b700000, 0x000000008b700000|100%| O|  |TAMS 0x000000008b600000| PB 0x000000008b600000| Untracked |  0
| 183|0x000000008b700000, 0x000000008b800000, 0x000000008b800000|100%| O|  |TAMS 0x000000008b700000| PB 0x000000008b700000| Untracked |  0
| 184|0x000000008b800000, 0x000000008b900000, 0x000000008b900000|100%| O|  |TAMS 0x000000008b800000| PB 0x000000008b800000| Untracked |  0
| 185|0x000000008b900000, 0x000000008ba00000, 0x000000008ba00000|100%| O|  |TAMS 0x000000008b900000| PB 0x000000008b900000| Untracked |  0
| 186|0x000000008ba00000, 0x000000008bb00000, 0x000000008bb00000|100%| O|  |TAMS 0x000000008ba00000| PB 0x000000008ba00000| Untracked |  0
| 187|0x000000008bb00000, 0x000000008bc00000, 0x000000008bc00000|100%| O|  |TAMS 0x000000008bb00000| PB 0x000000008bb00000| Untracked |  0
| 188|0x000000008bc00000, 0x000000008bd00000, 0x000000008bd00000|100%| O|  |TAMS 0x000000008bc00000| PB 0x000000008bc00000| Untracked |  0
| 189|0x000000008bd00000, 0x000000008be00000, 0x000000008be00000|100%| O|  |TAMS 0x000000008bd00000| PB 0x000000008bd00000| Untracked |  0
| 190|0x000000008be00000, 0x000000008bf00000, 0x000000008bf00000|100%| O|  |TAMS 0x000000008be00000| PB 0x000000008be00000| Untracked |  0
| 191|0x000000008bf00000, 0x000000008c000000, 0x000000008c000000|100%| O|  |TAMS 0x000000008bf00000| PB 0x000000008bf00000| Untracked |  0
| 192|0x000000008c000000, 0x000000008c100000, 0x000000008c100000|100%| O|  |TAMS 0x000000008c000000| PB 0x000000008c000000| Untracked |  0
| 193|0x000000008c100000, 0x000000008c200000, 0x000000008c200000|100%| O|  |TAMS 0x000000008c100000| PB 0x000000008c100000| Untracked |  0
| 194|0x000000008c200000, 0x000000008c300000, 0x000000008c300000|100%| O|  |TAMS 0x000000008c200000| PB 0x000000008c200000| Untracked |  0
| 195|0x000000008c300000, 0x000000008c400000, 0x000000008c400000|100%| O|  |TAMS 0x000000008c300000| PB 0x000000008c300000| Untracked |  0
| 196|0x000000008c400000, 0x000000008c500000, 0x000000008c500000|100%| O|  |TAMS 0x000000008c400000| PB 0x000000008c400000| Untracked |  0
| 197|0x000000008c500000, 0x000000008c600000, 0x000000008c600000|100%| O|  |TAMS 0x000000008c500000| PB 0x000000008c500000| Untracked |  0
| 198|0x000000008c600000, 0x000000008c700000, 0x000000008c700000|100%| O|  |TAMS 0x000000008c600000| PB 0x000000008c600000| Untracked |  0
| 199|0x000000008c700000, 0x000000008c800000, 0x000000008c800000|100%| O|  |TAMS 0x000000008c700000| PB 0x000000008c700000| Untracked |  0
| 200|0x000000008c800000, 0x000000008c900000, 0x000000008c900000|100%| O|  |TAMS 0x000000008c800000| PB 0x000000008c800000| Untracked |  0
| 201|0x000000008c900000, 0x000000008ca00000, 0x000000008ca00000|100%| O|  |TAMS 0x000000008c900000| PB 0x000000008c900000| Untracked |  0
| 202|0x000000008ca00000, 0x000000008cb00000, 0x000000008cb00000|100%| O|  |TAMS 0x000000008ca00000| PB 0x000000008ca00000| Untracked |  0
| 203|0x000000008cb00000, 0x000000008cc00000, 0x000000008cc00000|100%| O|  |TAMS 0x000000008cb00000| PB 0x000000008cb00000| Untracked |  0
| 204|0x000000008cc00000, 0x000000008cd00000, 0x000000008cd00000|100%| O|  |TAMS 0x000000008cc00000| PB 0x000000008cc00000| Untracked |  0
| 205|0x000000008cd00000, 0x000000008ce00000, 0x000000008ce00000|100%| O|Cm|TAMS 0x000000008cd00000| PB 0x000000008cd00000| Complete |  0
| 206|0x000000008ce00000, 0x000000008cf00000, 0x000000008cf00000|100%| O|  |TAMS 0x000000008ce00000| PB 0x000000008ce00000| Untracked |  0
| 207|0x000000008cf00000, 0x000000008d000000, 0x000000008d000000|100%| O|  |TAMS 0x000000008cf00000| PB 0x000000008cf00000| Untracked |  0
| 208|0x000000008d000000, 0x000000008d100000, 0x000000008d100000|100%| O|  |TAMS 0x000000008d000000| PB 0x000000008d000000| Untracked |  0
| 209|0x000000008d100000, 0x000000008d200000, 0x000000008d200000|100%| O|  |TAMS 0x000000008d100000| PB 0x000000008d100000| Untracked |  0
| 210|0x000000008d200000, 0x000000008d300000, 0x000000008d300000|100%| O|  |TAMS 0x000000008d200000| PB 0x000000008d200000| Untracked |  0
| 211|0x000000008d300000, 0x000000008d400000, 0x000000008d400000|100%| O|  |TAMS 0x000000008d300000| PB 0x000000008d300000| Untracked |  0
| 212|0x000000008d400000, 0x000000008d500000, 0x000000008d500000|100%| O|  |TAMS 0x000000008d400000| PB 0x000000008d400000| Untracked |  0
| 213|0x000000008d500000, 0x000000008d600000, 0x000000008d600000|100%| O|  |TAMS 0x000000008d500000| PB 0x000000008d500000| Untracked |  0
| 214|0x000000008d600000, 0x000000008d700000, 0x000000008d700000|100%| O|  |TAMS 0x000000008d600000| PB 0x000000008d600000| Untracked |  0
| 215|0x000000008d700000, 0x000000008d800000, 0x000000008d800000|100%| O|  |TAMS 0x000000008d700000| PB 0x000000008d700000| Untracked |  0
| 216|0x000000008d800000, 0x000000008d900000, 0x000000008d900000|100%| O|  |TAMS 0x000000008d800000| PB 0x000000008d800000| Untracked |  0
| 217|0x000000008d900000, 0x000000008da00000, 0x000000008da00000|100%| O|  |TAMS 0x000000008d900000| PB 0x000000008d900000| Untracked |  0
| 218|0x000000008da00000, 0x000000008db00000, 0x000000008db00000|100%| O|  |TAMS 0x000000008da00000| PB 0x000000008da00000| Untracked |  0
| 219|0x000000008db00000, 0x000000008dc00000, 0x000000008dc00000|100%| O|  |TAMS 0x000000008db00000| PB 0x000000008db00000| Untracked |  0
| 220|0x000000008dc00000, 0x000000008dd00000, 0x000000008dd00000|100%| O|  |TAMS 0x000000008dc00000| PB 0x000000008dc00000| Untracked |  0
| 221|0x000000008dd00000, 0x000000008de00000, 0x000000008de00000|100%| O|  |TAMS 0x000000008dd00000| PB 0x000000008dd00000| Untracked |  0
| 222|0x000000008de00000, 0x000000008df00000, 0x000000008df00000|100%| O|  |TAMS 0x000000008de00000| PB 0x000000008de00000| Untracked |  0
| 223|0x000000008df00000, 0x000000008e000000, 0x000000008e000000|100%| O|  |TAMS 0x000000008df00000| PB 0x000000008df00000| Untracked |  0
| 224|0x000000008e000000, 0x000000008e100000, 0x000000008e100000|100%| O|Cm|TAMS 0x000000008e000000| PB 0x000000008e000000| Complete |  0
| 225|0x000000008e100000, 0x000000008e200000, 0x000000008e200000|100%| O|  |TAMS 0x000000008e100000| PB 0x000000008e100000| Untracked |  0
| 226|0x000000008e200000, 0x000000008e300000, 0x000000008e300000|100%| O|  |TAMS 0x000000008e200000| PB 0x000000008e200000| Untracked |  0
| 227|0x000000008e300000, 0x000000008e400000, 0x000000008e400000|100%| O|  |TAMS 0x000000008e300000| PB 0x000000008e300000| Untracked |  0
| 228|0x000000008e400000, 0x000000008e500000, 0x000000008e500000|100%| O|  |TAMS 0x000000008e400000| PB 0x000000008e400000| Untracked |  0
| 229|0x000000008e500000, 0x000000008e600000, 0x000000008e600000|100%| O|  |TAMS 0x000000008e500000| PB 0x000000008e500000| Untracked |  0
| 230|0x000000008e600000, 0x000000008e700000, 0x000000008e700000|100%| O|  |TAMS 0x000000008e600000| PB 0x000000008e600000| Untracked |  0
| 231|0x000000008e700000, 0x000000008e800000, 0x000000008e800000|100%| O|  |TAMS 0x000000008e700000| PB 0x000000008e700000| Untracked |  0
| 232|0x000000008e800000, 0x000000008e900000, 0x000000008e900000|100%| O|  |TAMS 0x000000008e800000| PB 0x000000008e800000| Untracked |  0
| 233|0x000000008e900000, 0x000000008ea00000, 0x000000008ea00000|100%| O|  |TAMS 0x000000008e900000| PB 0x000000008e900000| Untracked |  0
| 234|0x000000008ea00000, 0x000000008eb00000, 0x000000008eb00000|100%| O|  |TAMS 0x000000008ea00000| PB 0x000000008ea00000| Untracked |  0
| 235|0x000000008eb00000, 0x000000008ec00000, 0x000000008ec00000|100%| O|  |TAMS 0x000000008eb00000| PB 0x000000008eb00000| Untracked |  0
| 236|0x000000008ec00000, 0x000000008ed00000, 0x000000008ed00000|100%| O|  |TAMS 0x000000008ec00000| PB 0x000000008ec00000| Untracked |  0
| 237|0x000000008ed00000, 0x000000008ee00000, 0x000000008ee00000|100%| O|  |TAMS 0x000000008ed00000| PB 0x000000008ed00000| Untracked |  0
| 238|0x000000008ee00000, 0x000000008ef00000, 0x000000008ef00000|100%| O|  |TAMS 0x000000008ee00000| PB 0x000000008ee00000| Untracked |  0
| 239|0x000000008ef00000, 0x000000008f000000, 0x000000008f000000|100%| O|  |TAMS 0x000000008ef00000| PB 0x000000008ef00000| Untracked |  0
| 240|0x000000008f000000, 0x000000008f100000, 0x000000008f100000|100%| O|  |TAMS 0x000000008f000000| PB 0x000000008f000000| Untracked |  0
| 241|0x000000008f100000, 0x000000008f200000, 0x000000008f200000|100%| O|  |TAMS 0x000000008f100000| PB 0x000000008f100000| Untracked |  0
| 242|0x000000008f200000, 0x000000008f300000, 0x000000008f300000|100%|HS|  |TAMS 0x000000008f200000| PB 0x000000008f200000| Complete |  0
| 243|0x000000008f300000, 0x000000008f400000, 0x000000008f400000|100%| O|  |TAMS 0x000000008f300000| PB 0x000000008f300000| Untracked |  0
| 244|0x000000008f400000, 0x000000008f500000, 0x000000008f500000|100%| O|  |TAMS 0x000000008f400000| PB 0x000000008f400000| Untracked |  0
| 245|0x000000008f500000, 0x000000008f600000, 0x000000008f600000|100%| O|  |TAMS 0x000000008f500000| PB 0x000000008f500000| Untracked |  0
| 246|0x000000008f600000, 0x000000008f700000, 0x000000008f700000|100%| O|  |TAMS 0x000000008f600000| PB 0x000000008f600000| Untracked |  0
| 247|0x000000008f700000, 0x000000008f800000, 0x000000008f800000|100%| O|  |TAMS 0x000000008f700000| PB 0x000000008f700000| Untracked |  0
| 248|0x000000008f800000, 0x000000008f900000, 0x000000008f900000|100%| O|Cm|TAMS 0x000000008f800000| PB 0x000000008f800000| Complete |  0
| 249|0x000000008f900000, 0x000000008fa00000, 0x000000008fa00000|100%|HS|  |TAMS 0x000000008f900000| PB 0x000000008f900000| Complete |  0
| 250|0x000000008fa00000, 0x000000008fb00000, 0x000000008fb00000|100%|HS|  |TAMS 0x000000008fa00000| PB 0x000000008fa00000| Complete |  0
| 251|0x000000008fb00000, 0x000000008fc00000, 0x000000008fc00000|100%|HC|  |TAMS 0x000000008fb00000| PB 0x000000008fb00000| Complete |  0
| 252|0x000000008fc00000, 0x000000008fd00000, 0x000000008fd00000|100%| O|  |TAMS 0x000000008fc00000| PB 0x000000008fc00000| Untracked |  0
| 253|0x000000008fd00000, 0x000000008fe00000, 0x000000008fe00000|100%| O|  |TAMS 0x000000008fd00000| PB 0x000000008fd00000| Untracked |  0
| 254|0x000000008fe00000, 0x000000008ff00000, 0x000000008ff00000|100%| O|  |TAMS 0x000000008fe00000| PB 0x000000008fe00000| Untracked |  0
| 255|0x000000008ff00000, 0x0000000090000000, 0x0000000090000000|100%|HS|  |TAMS 0x000000008ff00000| PB 0x000000008ff00000| Complete |  0
| 256|0x0000000090000000, 0x0000000090100000, 0x0000000090100000|100%| O|Cm|TAMS 0x0000000090000000| PB 0x0000000090000000| Complete |  0
| 257|0x0000000090100000, 0x0000000090200000, 0x0000000090200000|100%| O|  |TAMS 0x0000000090100000| PB 0x0000000090100000| Untracked |  0
| 258|0x0000000090200000, 0x0000000090300000, 0x0000000090300000|100%| O|  |TAMS 0x0000000090200000| PB 0x0000000090200000| Untracked |  0
| 259|0x0000000090300000, 0x0000000090400000, 0x0000000090400000|100%| O|Cm|TAMS 0x0000000090300000| PB 0x0000000090300000| Complete |  0
| 260|0x0000000090400000, 0x0000000090500000, 0x0000000090500000|100%| O|Cm|TAMS 0x0000000090400000| PB 0x0000000090400000| Complete |  0
| 261|0x0000000090500000, 0x0000000090600000, 0x0000000090600000|100%| O|  |TAMS 0x0000000090500000| PB 0x0000000090500000| Untracked |  0
| 262|0x0000000090600000, 0x0000000090700000, 0x0000000090700000|100%| O|  |TAMS 0x0000000090600000| PB 0x0000000090600000| Untracked |  0
| 263|0x0000000090700000, 0x0000000090800000, 0x0000000090800000|100%| O|  |TAMS 0x0000000090700000| PB 0x0000000090700000| Untracked |  0
| 264|0x0000000090800000, 0x0000000090900000, 0x0000000090900000|100%| O|  |TAMS 0x0000000090800000| PB 0x0000000090800000| Untracked |  0
| 265|0x0000000090900000, 0x0000000090a00000, 0x0000000090a00000|100%| O|  |TAMS 0x0000000090900000| PB 0x0000000090900000| Untracked |  0
| 266|0x0000000090a00000, 0x0000000090b00000, 0x0000000090b00000|100%| O|  |TAMS 0x0000000090a00000| PB 0x0000000090a00000| Untracked |  0
| 267|0x0000000090b00000, 0x0000000090c00000, 0x0000000090c00000|100%| O|  |TAMS 0x0000000090b00000| PB 0x0000000090b00000| Untracked |  0
| 268|0x0000000090c00000, 0x0000000090d00000, 0x0000000090d00000|100%| O|  |TAMS 0x0000000090c00000| PB 0x0000000090c00000| Untracked |  0
| 269|0x0000000090d00000, 0x0000000090e00000, 0x0000000090e00000|100%| O|  |TAMS 0x0000000090d00000| PB 0x0000000090d00000| Untracked |  0
| 270|0x0000000090e00000, 0x0000000090f00000, 0x0000000090f00000|100%| O|  |TAMS 0x0000000090e00000| PB 0x0000000090e00000| Untracked |  0
| 271|0x0000000090f00000, 0x0000000091000000, 0x0000000091000000|100%| O|  |TAMS 0x0000000090f00000| PB 0x0000000090f00000| Untracked |  0
| 272|0x0000000091000000, 0x0000000091100000, 0x0000000091100000|100%| O|  |TAMS 0x0000000091000000| PB 0x0000000091000000| Untracked |  0
| 273|0x0000000091100000, 0x0000000091200000, 0x0000000091200000|100%| O|  |TAMS 0x0000000091100000| PB 0x0000000091100000| Untracked |  0
| 274|0x0000000091200000, 0x0000000091300000, 0x0000000091300000|100%| O|  |TAMS 0x0000000091200000| PB 0x0000000091200000| Untracked |  0
| 275|0x0000000091300000, 0x0000000091400000, 0x0000000091400000|100%| O|  |TAMS 0x0000000091300000| PB 0x0000000091300000| Untracked |  0
| 276|0x0000000091400000, 0x0000000091500000, 0x0000000091500000|100%| O|  |TAMS 0x0000000091400000| PB 0x0000000091400000| Untracked |  0
| 277|0x0000000091500000, 0x0000000091600000, 0x0000000091600000|100%| O|  |TAMS 0x0000000091500000| PB 0x0000000091500000| Untracked |  0
| 278|0x0000000091600000, 0x0000000091700000, 0x0000000091700000|100%| O|  |TAMS 0x0000000091600000| PB 0x0000000091600000| Untracked |  0
| 279|0x0000000091700000, 0x0000000091800000, 0x0000000091800000|100%| O|  |TAMS 0x0000000091700000| PB 0x0000000091700000| Untracked |  0
| 280|0x0000000091800000, 0x0000000091900000, 0x0000000091900000|100%| O|  |TAMS 0x0000000091800000| PB 0x0000000091800000| Untracked |  0
| 281|0x0000000091900000, 0x0000000091a00000, 0x0000000091a00000|100%| O|  |TAMS 0x0000000091900000| PB 0x0000000091900000| Untracked |  0
| 282|0x0000000091a00000, 0x0000000091b00000, 0x0000000091b00000|100%| O|  |TAMS 0x0000000091a00000| PB 0x0000000091a00000| Untracked |  0
| 283|0x0000000091b00000, 0x0000000091c00000, 0x0000000091c00000|100%| O|  |TAMS 0x0000000091b00000| PB 0x0000000091b00000| Untracked |  0
| 284|0x0000000091c00000, 0x0000000091d00000, 0x0000000091d00000|100%| O|  |TAMS 0x0000000091c00000| PB 0x0000000091c00000| Untracked |  0
| 285|0x0000000091d00000, 0x0000000091e00000, 0x0000000091e00000|100%| O|  |TAMS 0x0000000091d00000| PB 0x0000000091d00000| Untracked |  0
| 286|0x0000000091e00000, 0x0000000091f00000, 0x0000000091f00000|100%| O|  |TAMS 0x0000000091e00000| PB 0x0000000091e00000| Untracked |  0
| 287|0x0000000091f00000, 0x0000000092000000, 0x0000000092000000|100%| O|  |TAMS 0x0000000091f00000| PB 0x0000000091f00000| Untracked |  0
| 288|0x0000000092000000, 0x0000000092100000, 0x0000000092100000|100%| O|  |TAMS 0x0000000092000000| PB 0x0000000092000000| Untracked |  0
| 289|0x0000000092100000, 0x0000000092200000, 0x0000000092200000|100%| O|  |TAMS 0x0000000092100000| PB 0x0000000092100000| Untracked |  0
| 290|0x0000000092200000, 0x0000000092300000, 0x0000000092300000|100%| O|  |TAMS 0x0000000092200000| PB 0x0000000092200000| Untracked |  0
| 291|0x0000000092300000, 0x0000000092400000, 0x0000000092400000|100%| O|  |TAMS 0x0000000092300000| PB 0x0000000092300000| Untracked |  0
| 292|0x0000000092400000, 0x0000000092500000, 0x0000000092500000|100%| O|  |TAMS 0x0000000092400000| PB 0x0000000092400000| Untracked |  0
| 293|0x0000000092500000, 0x0000000092600000, 0x0000000092600000|100%| O|  |TAMS 0x0000000092500000| PB 0x0000000092500000| Untracked |  0
| 294|0x0000000092600000, 0x0000000092700000, 0x0000000092700000|100%| O|  |TAMS 0x0000000092600000| PB 0x0000000092600000| Untracked |  0
| 295|0x0000000092700000, 0x0000000092800000, 0x0000000092800000|100%| O|  |TAMS 0x0000000092700000| PB 0x0000000092700000| Untracked |  0
| 296|0x0000000092800000, 0x0000000092900000, 0x0000000092900000|100%| O|  |TAMS 0x0000000092800000| PB 0x0000000092800000| Untracked |  0
| 297|0x0000000092900000, 0x0000000092a00000, 0x0000000092a00000|100%| O|  |TAMS 0x0000000092900000| PB 0x0000000092900000| Untracked |  0
| 298|0x0000000092a00000, 0x0000000092b00000, 0x0000000092b00000|100%| O|  |TAMS 0x0000000092a00000| PB 0x0000000092a00000| Untracked |  0
| 299|0x0000000092b00000, 0x0000000092c00000, 0x0000000092c00000|100%| O|  |TAMS 0x0000000092b00000| PB 0x0000000092b00000| Untracked |  0
| 300|0x0000000092c00000, 0x0000000092d00000, 0x0000000092d00000|100%| O|  |TAMS 0x0000000092c00000| PB 0x0000000092c00000| Untracked |  0
| 301|0x0000000092d00000, 0x0000000092e00000, 0x0000000092e00000|100%| O|Cm|TAMS 0x0000000092d00000| PB 0x0000000092d00000| Complete |  0
| 302|0x0000000092e00000, 0x0000000092f00000, 0x0000000092f00000|100%| O|  |TAMS 0x0000000092e00000| PB 0x0000000092e00000| Untracked |  0
| 303|0x0000000092f00000, 0x0000000093000000, 0x0000000093000000|100%| O|  |TAMS 0x0000000092f00000| PB 0x0000000092f00000| Untracked |  0
| 304|0x0000000093000000, 0x0000000093100000, 0x0000000093100000|100%| O|  |TAMS 0x0000000093000000| PB 0x0000000093000000| Untracked |  0
| 305|0x0000000093100000, 0x0000000093200000, 0x0000000093200000|100%| O|Cm|TAMS 0x0000000093100000| PB 0x0000000093100000| Complete |  0
| 306|0x0000000093200000, 0x0000000093300000, 0x0000000093300000|100%| O|  |TAMS 0x0000000093200000| PB 0x0000000093200000| Untracked |  0
| 307|0x0000000093300000, 0x0000000093400000, 0x0000000093400000|100%| O|  |TAMS 0x0000000093300000| PB 0x0000000093300000| Untracked |  0
| 308|0x0000000093400000, 0x0000000093500000, 0x0000000093500000|100%| O|  |TAMS 0x0000000093400000| PB 0x0000000093400000| Untracked |  0
| 309|0x0000000093500000, 0x0000000093600000, 0x0000000093600000|100%| O|  |TAMS 0x0000000093500000| PB 0x0000000093500000| Untracked |  0
| 310|0x0000000093600000, 0x0000000093700000, 0x0000000093700000|100%| O|  |TAMS 0x0000000093600000| PB 0x0000000093600000| Untracked |  0
| 311|0x0000000093700000, 0x0000000093800000, 0x0000000093800000|100%| O|  |TAMS 0x0000000093700000| PB 0x0000000093700000| Untracked |  0
| 312|0x0000000093800000, 0x0000000093900000, 0x0000000093900000|100%| O|  |TAMS 0x0000000093800000| PB 0x0000000093800000| Untracked |  0
| 313|0x0000000093900000, 0x0000000093a00000, 0x0000000093a00000|100%| O|  |TAMS 0x0000000093900000| PB 0x0000000093900000| Untracked |  0
| 314|0x0000000093a00000, 0x0000000093b00000, 0x0000000093b00000|100%| O|  |TAMS 0x0000000093a00000| PB 0x0000000093a00000| Untracked |  0
| 315|0x0000000093b00000, 0x0000000093c00000, 0x0000000093c00000|100%| O|  |TAMS 0x0000000093b00000| PB 0x0000000093b00000| Untracked |  0
| 316|0x0000000093c00000, 0x0000000093d00000, 0x0000000093d00000|100%| O|  |TAMS 0x0000000093c00000| PB 0x0000000093c00000| Untracked |  0
| 317|0x0000000093d00000, 0x0000000093e00000, 0x0000000093e00000|100%| O|Cm|TAMS 0x0000000093d00000| PB 0x0000000093d00000| Complete |  0
| 318|0x0000000093e00000, 0x0000000093f00000, 0x0000000093f00000|100%| O|  |TAMS 0x0000000093e00000| PB 0x0000000093e00000| Untracked |  0
| 319|0x0000000093f00000, 0x0000000094000000, 0x0000000094000000|100%| O|  |TAMS 0x0000000093f00000| PB 0x0000000093f00000| Untracked |  0
| 320|0x0000000094000000, 0x0000000094100000, 0x0000000094100000|100%| O|  |TAMS 0x0000000094000000| PB 0x0000000094000000| Untracked |  0
| 321|0x0000000094100000, 0x0000000094200000, 0x0000000094200000|100%| O|  |TAMS 0x0000000094100000| PB 0x0000000094100000| Untracked |  0
| 322|0x0000000094200000, 0x0000000094300000, 0x0000000094300000|100%| O|  |TAMS 0x0000000094200000| PB 0x0000000094200000| Untracked |  0
| 323|0x0000000094300000, 0x0000000094400000, 0x0000000094400000|100%| O|  |TAMS 0x0000000094300000| PB 0x0000000094300000| Untracked |  0
| 324|0x0000000094400000, 0x0000000094500000, 0x0000000094500000|100%| O|  |TAMS 0x0000000094400000| PB 0x0000000094400000| Untracked |  0
| 325|0x0000000094500000, 0x0000000094600000, 0x0000000094600000|100%| O|  |TAMS 0x0000000094500000| PB 0x0000000094500000| Untracked |  0
| 326|0x0000000094600000, 0x0000000094700000, 0x0000000094700000|100%| O|  |TAMS 0x0000000094600000| PB 0x0000000094600000| Untracked |  0
| 327|0x0000000094700000, 0x0000000094800000, 0x0000000094800000|100%| O|  |TAMS 0x0000000094700000| PB 0x0000000094700000| Untracked |  0
| 328|0x0000000094800000, 0x0000000094900000, 0x0000000094900000|100%| O|  |TAMS 0x0000000094800000| PB 0x0000000094800000| Untracked |  0
| 329|0x0000000094900000, 0x0000000094a00000, 0x0000000094a00000|100%| O|  |TAMS 0x0000000094900000| PB 0x0000000094900000| Untracked |  0
| 330|0x0000000094a00000, 0x0000000094b00000, 0x0000000094b00000|100%| O|  |TAMS 0x0000000094a00000| PB 0x0000000094a00000| Untracked |  0
| 331|0x0000000094b00000, 0x0000000094c00000, 0x0000000094c00000|100%| O|  |TAMS 0x0000000094b00000| PB 0x0000000094b00000| Untracked |  0
| 332|0x0000000094c00000, 0x0000000094d00000, 0x0000000094d00000|100%| O|  |TAMS 0x0000000094c00000| PB 0x0000000094c00000| Untracked |  0
| 333|0x0000000094d00000, 0x0000000094e00000, 0x0000000094e00000|100%| O|  |TAMS 0x0000000094d00000| PB 0x0000000094d00000| Untracked |  0
| 334|0x0000000094e00000, 0x0000000094f00000, 0x0000000094f00000|100%| O|  |TAMS 0x0000000094e00000| PB 0x0000000094e00000| Untracked |  0
| 335|0x0000000094f00000, 0x0000000095000000, 0x0000000095000000|100%| O|  |TAMS 0x0000000094f00000| PB 0x0000000094f00000| Untracked |  0
| 336|0x0000000095000000, 0x0000000095100000, 0x0000000095100000|100%| O|  |TAMS 0x0000000095000000| PB 0x0000000095000000| Untracked |  0
| 337|0x0000000095100000, 0x0000000095200000, 0x0000000095200000|100%| O|  |TAMS 0x0000000095100000| PB 0x0000000095100000| Untracked |  0
| 338|0x0000000095200000, 0x0000000095300000, 0x0000000095300000|100%| O|  |TAMS 0x0000000095200000| PB 0x0000000095200000| Untracked |  0
| 339|0x0000000095300000, 0x0000000095400000, 0x0000000095400000|100%| O|  |TAMS 0x0000000095300000| PB 0x0000000095300000| Untracked |  0
| 340|0x0000000095400000, 0x0000000095500000, 0x0000000095500000|100%| O|  |TAMS 0x0000000095400000| PB 0x0000000095400000| Untracked |  0
| 341|0x0000000095500000, 0x0000000095600000, 0x0000000095600000|100%| O|  |TAMS 0x0000000095500000| PB 0x0000000095500000| Untracked |  0
| 342|0x0000000095600000, 0x0000000095700000, 0x0000000095700000|100%| O|  |TAMS 0x0000000095600000| PB 0x0000000095600000| Untracked |  0
| 343|0x0000000095700000, 0x0000000095800000, 0x0000000095800000|100%| O|  |TAMS 0x0000000095700000| PB 0x0000000095700000| Untracked |  0
| 344|0x0000000095800000, 0x0000000095900000, 0x0000000095900000|100%| O|  |TAMS 0x0000000095800000| PB 0x0000000095800000| Untracked |  0
| 345|0x0000000095900000, 0x0000000095a00000, 0x0000000095a00000|100%| O|  |TAMS 0x0000000095900000| PB 0x0000000095900000| Untracked |  0
| 346|0x0000000095a00000, 0x0000000095b00000, 0x0000000095b00000|100%| O|  |TAMS 0x0000000095a00000| PB 0x0000000095a00000| Untracked |  0
| 347|0x0000000095b00000, 0x0000000095c00000, 0x0000000095c00000|100%| O|  |TAMS 0x0000000095b00000| PB 0x0000000095b00000| Untracked |  0
| 348|0x0000000095c00000, 0x0000000095d00000, 0x0000000095d00000|100%| O|  |TAMS 0x0000000095c00000| PB 0x0000000095c00000| Untracked |  0
| 349|0x0000000095d00000, 0x0000000095e00000, 0x0000000095e00000|100%| O|  |TAMS 0x0000000095d00000| PB 0x0000000095d00000| Untracked |  0
| 350|0x0000000095e00000, 0x0000000095f00000, 0x0000000095f00000|100%| O|  |TAMS 0x0000000095e00000| PB 0x0000000095e00000| Untracked |  0
| 351|0x0000000095f00000, 0x0000000096000000, 0x0000000096000000|100%| O|  |TAMS 0x0000000095f00000| PB 0x0000000095f00000| Untracked |  0
| 352|0x0000000096000000, 0x0000000096100000, 0x0000000096100000|100%| O|  |TAMS 0x0000000096000000| PB 0x0000000096000000| Untracked |  0
| 353|0x0000000096100000, 0x0000000096200000, 0x0000000096200000|100%| O|  |TAMS 0x0000000096100000| PB 0x0000000096100000| Untracked |  0
| 354|0x0000000096200000, 0x0000000096300000, 0x0000000096300000|100%| O|  |TAMS 0x0000000096200000| PB 0x0000000096200000| Untracked |  0
| 355|0x0000000096300000, 0x0000000096400000, 0x0000000096400000|100%| O|  |TAMS 0x0000000096300000| PB 0x0000000096300000| Untracked |  0
| 356|0x0000000096400000, 0x0000000096500000, 0x0000000096500000|100%| O|  |TAMS 0x0000000096400000| PB 0x0000000096400000| Untracked |  0
| 357|0x0000000096500000, 0x0000000096600000, 0x0000000096600000|100%| O|  |TAMS 0x0000000096500000| PB 0x0000000096500000| Untracked |  0
| 358|0x0000000096600000, 0x0000000096700000, 0x0000000096700000|100%| O|  |TAMS 0x0000000096600000| PB 0x0000000096600000| Untracked |  0
| 359|0x0000000096700000, 0x0000000096800000, 0x0000000096800000|100%| O|  |TAMS 0x0000000096700000| PB 0x0000000096700000| Untracked |  0
| 360|0x0000000096800000, 0x0000000096900000, 0x0000000096900000|100%| O|  |TAMS 0x0000000096800000| PB 0x0000000096800000| Untracked |  0
| 361|0x0000000096900000, 0x0000000096a00000, 0x0000000096a00000|100%| O|  |TAMS 0x0000000096900000| PB 0x0000000096900000| Untracked |  0
| 362|0x0000000096a00000, 0x0000000096b00000, 0x0000000096b00000|100%| O|  |TAMS 0x0000000096a00000| PB 0x0000000096a00000| Untracked |  0
| 363|0x0000000096b00000, 0x0000000096c00000, 0x0000000096c00000|100%| O|  |TAMS 0x0000000096b00000| PB 0x0000000096b00000| Untracked |  0
| 364|0x0000000096c00000, 0x0000000096d00000, 0x0000000096d00000|100%| O|  |TAMS 0x0000000096c00000| PB 0x0000000096c00000| Untracked |  0
| 365|0x0000000096d00000, 0x0000000096e00000, 0x0000000096e00000|100%| O|  |TAMS 0x0000000096d00000| PB 0x0000000096d00000| Untracked |  0
| 366|0x0000000096e00000, 0x0000000096f00000, 0x0000000096f00000|100%| O|  |TAMS 0x0000000096e00000| PB 0x0000000096e00000| Untracked |  0
| 367|0x0000000096f00000, 0x0000000097000000, 0x0000000097000000|100%| O|  |TAMS 0x0000000096f00000| PB 0x0000000096f00000| Untracked |  0
| 368|0x0000000097000000, 0x0000000097100000, 0x0000000097100000|100%| O|  |TAMS 0x0000000097000000| PB 0x0000000097000000| Untracked |  0
| 369|0x0000000097100000, 0x0000000097200000, 0x0000000097200000|100%| O|  |TAMS 0x0000000097100000| PB 0x0000000097100000| Untracked |  0
| 370|0x0000000097200000, 0x0000000097300000, 0x0000000097300000|100%| O|  |TAMS 0x0000000097200000| PB 0x0000000097200000| Untracked |  0
| 371|0x0000000097300000, 0x0000000097400000, 0x0000000097400000|100%| O|  |TAMS 0x0000000097300000| PB 0x0000000097300000| Untracked |  0
| 372|0x0000000097400000, 0x0000000097500000, 0x0000000097500000|100%| O|  |TAMS 0x0000000097400000| PB 0x0000000097400000| Untracked |  0
| 373|0x0000000097500000, 0x0000000097600000, 0x0000000097600000|100%| O|  |TAMS 0x0000000097500000| PB 0x0000000097500000| Untracked |  0
| 374|0x0000000097600000, 0x0000000097700000, 0x0000000097700000|100%| O|  |TAMS 0x0000000097600000| PB 0x0000000097600000| Untracked |  0
| 375|0x0000000097700000, 0x0000000097800000, 0x0000000097800000|100%| O|  |TAMS 0x0000000097700000| PB 0x0000000097700000| Untracked |  0
| 376|0x0000000097800000, 0x0000000097900000, 0x0000000097900000|100%| O|  |TAMS 0x0000000097800000| PB 0x0000000097800000| Untracked |  0
| 377|0x0000000097900000, 0x0000000097a00000, 0x0000000097a00000|100%| O|  |TAMS 0x0000000097900000| PB 0x0000000097900000| Untracked |  0
| 378|0x0000000097a00000, 0x0000000097b00000, 0x0000000097b00000|100%| O|  |TAMS 0x0000000097a00000| PB 0x0000000097a00000| Untracked |  0
| 379|0x0000000097b00000, 0x0000000097c00000, 0x0000000097c00000|100%| O|  |TAMS 0x0000000097b00000| PB 0x0000000097b00000| Untracked |  0
| 380|0x0000000097c00000, 0x0000000097d00000, 0x0000000097d00000|100%| O|  |TAMS 0x0000000097c00000| PB 0x0000000097c00000| Untracked |  0
| 381|0x0000000097d00000, 0x0000000097e00000, 0x0000000097e00000|100%| O|  |TAMS 0x0000000097d00000| PB 0x0000000097d00000| Untracked |  0
| 382|0x0000000097e00000, 0x0000000097f00000, 0x0000000097f00000|100%| O|  |TAMS 0x0000000097e00000| PB 0x0000000097e00000| Untracked |  0
| 383|0x0000000097f00000, 0x0000000098000000, 0x0000000098000000|100%| O|  |TAMS 0x0000000097f00000| PB 0x0000000097f00000| Untracked |  0
| 384|0x0000000098000000, 0x0000000098100000, 0x0000000098100000|100%| O|  |TAMS 0x0000000098000000| PB 0x0000000098000000| Untracked |  0
| 385|0x0000000098100000, 0x0000000098200000, 0x0000000098200000|100%|HS|  |TAMS 0x0000000098100000| PB 0x0000000098100000| Complete |  0
| 386|0x0000000098200000, 0x0000000098300000, 0x0000000098300000|100%| O|  |TAMS 0x0000000098200000| PB 0x0000000098200000| Untracked |  0
| 387|0x0000000098300000, 0x0000000098400000, 0x0000000098400000|100%| O|  |TAMS 0x0000000098300000| PB 0x0000000098300000| Untracked |  0
| 388|0x0000000098400000, 0x0000000098500000, 0x0000000098500000|100%| O|  |TAMS 0x0000000098400000| PB 0x0000000098400000| Untracked |  0
| 389|0x0000000098500000, 0x0000000098600000, 0x0000000098600000|100%| O|  |TAMS 0x0000000098500000| PB 0x0000000098500000| Untracked |  0
| 390|0x0000000098600000, 0x0000000098700000, 0x0000000098700000|100%|HS|  |TAMS 0x0000000098600000| PB 0x0000000098600000| Complete |  0
| 391|0x0000000098700000, 0x0000000098800000, 0x0000000098800000|100%|HS|  |TAMS 0x0000000098700000| PB 0x0000000098700000| Complete |  0
| 392|0x0000000098800000, 0x0000000098900000, 0x0000000098900000|100%| O|  |TAMS 0x0000000098800000| PB 0x0000000098800000| Untracked |  0
| 393|0x0000000098900000, 0x0000000098a00000, 0x0000000098a00000|100%| O|  |TAMS 0x0000000098900000| PB 0x0000000098900000| Untracked |  0
| 394|0x0000000098a00000, 0x0000000098b00000, 0x0000000098b00000|100%| O|  |TAMS 0x0000000098a00000| PB 0x0000000098a00000| Untracked |  0
| 395|0x0000000098b00000, 0x0000000098c00000, 0x0000000098c00000|100%|HS|  |TAMS 0x0000000098b00000| PB 0x0000000098b00000| Complete |  0
| 396|0x0000000098c00000, 0x0000000098d00000, 0x0000000098d00000|100%| O|  |TAMS 0x0000000098c00000| PB 0x0000000098c00000| Untracked |  0
| 397|0x0000000098d00000, 0x0000000098e00000, 0x0000000098e00000|100%| O|Cm|TAMS 0x0000000098d00000| PB 0x0000000098d00000| Complete |  0
| 398|0x0000000098e00000, 0x0000000098f00000, 0x0000000098f00000|100%| O|  |TAMS 0x0000000098e00000| PB 0x0000000098e00000| Untracked |  0
| 399|0x0000000098f00000, 0x0000000099000000, 0x0000000099000000|100%| O|  |TAMS 0x0000000098f00000| PB 0x0000000098f00000| Untracked |  0
| 400|0x0000000099000000, 0x0000000099100000, 0x0000000099100000|100%|HS|  |TAMS 0x0000000099000000| PB 0x0000000099000000| Complete |  0
| 401|0x0000000099100000, 0x0000000099200000, 0x0000000099200000|100%| O|Cm|TAMS 0x0000000099100000| PB 0x0000000099100000| Complete |  0
| 402|0x0000000099200000, 0x0000000099300000, 0x0000000099300000|100%| O|  |TAMS 0x0000000099200000| PB 0x0000000099200000| Untracked |  0
| 403|0x0000000099300000, 0x0000000099400000, 0x0000000099400000|100%| O|  |TAMS 0x0000000099300000| PB 0x0000000099300000| Untracked |  0
| 404|0x0000000099400000, 0x0000000099500000, 0x0000000099500000|100%| O|  |TAMS 0x0000000099400000| PB 0x0000000099400000| Untracked |  0
| 405|0x0000000099500000, 0x0000000099600000, 0x0000000099600000|100%|HS|  |TAMS 0x0000000099500000| PB 0x0000000099500000| Complete |  0
| 406|0x0000000099600000, 0x0000000099700000, 0x0000000099700000|100%|HC|  |TAMS 0x0000000099600000| PB 0x0000000099600000| Complete |  0
| 407|0x0000000099700000, 0x0000000099800000, 0x0000000099800000|100%| O|  |TAMS 0x0000000099700000| PB 0x0000000099700000| Untracked |  0
| 408|0x0000000099800000, 0x0000000099900000, 0x0000000099900000|100%| O|  |TAMS 0x0000000099800000| PB 0x0000000099800000| Untracked |  0
| 409|0x0000000099900000, 0x0000000099a00000, 0x0000000099a00000|100%|HS|  |TAMS 0x0000000099900000| PB 0x0000000099900000| Complete |  0
| 410|0x0000000099a00000, 0x0000000099b00000, 0x0000000099b00000|100%| O|  |TAMS 0x0000000099a00000| PB 0x0000000099a00000| Untracked |  0
| 411|0x0000000099b00000, 0x0000000099c00000, 0x0000000099c00000|100%| O|  |TAMS 0x0000000099b00000| PB 0x0000000099b00000| Untracked |  0
| 412|0x0000000099c00000, 0x0000000099d00000, 0x0000000099d00000|100%| O|  |TAMS 0x0000000099c00000| PB 0x0000000099c00000| Untracked |  0
| 413|0x0000000099d00000, 0x0000000099e00000, 0x0000000099e00000|100%| O|  |TAMS 0x0000000099d00000| PB 0x0000000099d00000| Untracked |  0
| 414|0x0000000099e00000, 0x0000000099f00000, 0x0000000099f00000|100%|HS|  |TAMS 0x0000000099e00000| PB 0x0000000099e00000| Complete |  0
| 415|0x0000000099f00000, 0x000000009a000000, 0x000000009a000000|100%|HS|  |TAMS 0x0000000099f00000| PB 0x0000000099f00000| Complete |  0
| 416|0x000000009a000000, 0x000000009a100000, 0x000000009a100000|100%|HS|  |TAMS 0x000000009a000000| PB 0x000000009a000000| Complete |  0
| 417|0x000000009a100000, 0x000000009a200000, 0x000000009a200000|100%|HS|  |TAMS 0x000000009a100000| PB 0x000000009a100000| Complete |  0
| 418|0x000000009a200000, 0x000000009a300000, 0x000000009a300000|100%|HC|  |TAMS 0x000000009a200000| PB 0x000000009a200000| Complete |  0
| 419|0x000000009a300000, 0x000000009a400000, 0x000000009a400000|100%| O|  |TAMS 0x000000009a300000| PB 0x000000009a300000| Untracked |  0
| 420|0x000000009a400000, 0x000000009a500000, 0x000000009a500000|100%| O|  |TAMS 0x000000009a400000| PB 0x000000009a400000| Untracked |  0
| 421|0x000000009a500000, 0x000000009a600000, 0x000000009a600000|100%| O|  |TAMS 0x000000009a500000| PB 0x000000009a500000| Untracked |  0
| 422|0x000000009a600000, 0x000000009a700000, 0x000000009a700000|100%| O|Cm|TAMS 0x000000009a600000| PB 0x000000009a600000| Complete |  0
| 423|0x000000009a700000, 0x000000009a800000, 0x000000009a800000|100%| O|  |TAMS 0x000000009a700000| PB 0x000000009a700000| Untracked |  0
| 424|0x000000009a800000, 0x000000009a900000, 0x000000009a900000|100%|HS|  |TAMS 0x000000009a800000| PB 0x000000009a800000| Complete |  0
| 425|0x000000009a900000, 0x000000009aa00000, 0x000000009aa00000|100%|HC|  |TAMS 0x000000009a900000| PB 0x000000009a900000| Complete |  0
| 426|0x000000009aa00000, 0x000000009ab00000, 0x000000009ab00000|100%|HS|  |TAMS 0x000000009aa00000| PB 0x000000009aa00000| Complete |  0
| 427|0x000000009ab00000, 0x000000009ac00000, 0x000000009ac00000|100%|HC|  |TAMS 0x000000009ab00000| PB 0x000000009ab00000| Complete |  0
| 428|0x000000009ac00000, 0x000000009ad00000, 0x000000009ad00000|100%|HS|  |TAMS 0x000000009ac00000| PB 0x000000009ac00000| Complete |  0
| 429|0x000000009ad00000, 0x000000009ae00000, 0x000000009ae00000|100%|HC|  |TAMS 0x000000009ad00000| PB 0x000000009ad00000| Complete |  0
| 430|0x000000009ae00000, 0x000000009af00000, 0x000000009af00000|100%| O|Cm|TAMS 0x000000009ae00000| PB 0x000000009ae00000| Complete |  0
| 431|0x000000009af00000, 0x000000009b000000, 0x000000009b000000|100%|HS|  |TAMS 0x000000009af00000| PB 0x000000009af00000| Complete |  0
| 432|0x000000009b000000, 0x000000009b100000, 0x000000009b100000|100%|HC|  |TAMS 0x000000009b000000| PB 0x000000009b000000| Complete |  0
| 433|0x000000009b100000, 0x000000009b200000, 0x000000009b200000|100%|HC|  |TAMS 0x000000009b100000| PB 0x000000009b100000| Complete |  0
| 434|0x000000009b200000, 0x000000009b300000, 0x000000009b300000|100%|HC|  |TAMS 0x000000009b200000| PB 0x000000009b200000| Complete |  0
| 435|0x000000009b300000, 0x000000009b400000, 0x000000009b400000|100%|HS|  |TAMS 0x000000009b300000| PB 0x000000009b300000| Complete |  0
| 436|0x000000009b400000, 0x000000009b500000, 0x000000009b500000|100%|HC|  |TAMS 0x000000009b400000| PB 0x000000009b400000| Complete |  0
| 437|0x000000009b500000, 0x000000009b600000, 0x000000009b600000|100%|HS|  |TAMS 0x000000009b500000| PB 0x000000009b500000| Complete |  0
| 438|0x000000009b600000, 0x000000009b700000, 0x000000009b700000|100%|HC|  |TAMS 0x000000009b600000| PB 0x000000009b600000| Complete |  0
| 439|0x000000009b700000, 0x000000009b800000, 0x000000009b800000|100%| O|  |TAMS 0x000000009b700000| PB 0x000000009b700000| Untracked |  0
| 440|0x000000009b800000, 0x000000009b900000, 0x000000009b900000|100%|HS|  |TAMS 0x000000009b800000| PB 0x000000009b800000| Complete |  0
| 441|0x000000009b900000, 0x000000009ba00000, 0x000000009ba00000|100%|HC|  |TAMS 0x000000009b900000| PB 0x000000009b900000| Complete |  0
| 442|0x000000009ba00000, 0x000000009bb00000, 0x000000009bb00000|100%|HC|  |TAMS 0x000000009ba00000| PB 0x000000009ba00000| Complete |  0
| 443|0x000000009bb00000, 0x000000009bc00000, 0x000000009bc00000|100%|HC|  |TAMS 0x000000009bb00000| PB 0x000000009bb00000| Complete |  0
| 444|0x000000009bc00000, 0x000000009bd00000, 0x000000009bd00000|100%|HC|  |TAMS 0x000000009bc00000| PB 0x000000009bc00000| Complete |  0
| 445|0x000000009bd00000, 0x000000009be00000, 0x000000009be00000|100%|HS|  |TAMS 0x000000009bd00000| PB 0x000000009bd00000| Complete |  0
| 446|0x000000009be00000, 0x000000009bf00000, 0x000000009bf00000|100%|HC|  |TAMS 0x000000009be00000| PB 0x000000009be00000| Complete |  0
| 447|0x000000009bf00000, 0x000000009c000000, 0x000000009c000000|100%|HC|  |TAMS 0x000000009bf00000| PB 0x000000009bf00000| Complete |  0
| 448|0x000000009c000000, 0x000000009c100000, 0x000000009c100000|100%|HC|  |TAMS 0x000000009c000000| PB 0x000000009c000000| Complete |  0
| 449|0x000000009c100000, 0x000000009c200000, 0x000000009c200000|100%|HS|  |TAMS 0x000000009c100000| PB 0x000000009c100000| Complete |  0
| 450|0x000000009c200000, 0x000000009c300000, 0x000000009c300000|100%|HC|  |TAMS 0x000000009c200000| PB 0x000000009c200000| Complete |  0
| 451|0x000000009c300000, 0x000000009c400000, 0x000000009c400000|100%|HS|  |TAMS 0x000000009c300000| PB 0x000000009c300000| Complete |  0
| 452|0x000000009c400000, 0x000000009c500000, 0x000000009c500000|100%|HC|  |TAMS 0x000000009c400000| PB 0x000000009c400000| Complete |  0
| 453|0x000000009c500000, 0x000000009c600000, 0x000000009c600000|100%|HS|  |TAMS 0x000000009c500000| PB 0x000000009c500000| Complete |  0
| 454|0x000000009c600000, 0x000000009c700000, 0x000000009c700000|100%|HC|  |TAMS 0x000000009c600000| PB 0x000000009c600000| Complete |  0
| 455|0x000000009c700000, 0x000000009c800000, 0x000000009c800000|100%|HC|  |TAMS 0x000000009c700000| PB 0x000000009c700000| Complete |  0
| 456|0x000000009c800000, 0x000000009c900000, 0x000000009c900000|100%|HS|  |TAMS 0x000000009c800000| PB 0x000000009c800000| Complete |  0
| 457|0x000000009c900000, 0x000000009ca00000, 0x000000009ca00000|100%|HS|  |TAMS 0x000000009c900000| PB 0x000000009c900000| Complete |  0
| 458|0x000000009ca00000, 0x000000009cb00000, 0x000000009cb00000|100%|HS|  |TAMS 0x000000009ca00000| PB 0x000000009ca00000| Complete |  0
| 459|0x000000009cb00000, 0x000000009cc00000, 0x000000009cc00000|100%|HS|  |TAMS 0x000000009cb00000| PB 0x000000009cb00000| Complete |  0
| 460|0x000000009cc00000, 0x000000009cd00000, 0x000000009cd00000|100%|HC|  |TAMS 0x000000009cc00000| PB 0x000000009cc00000| Complete |  0
| 461|0x000000009cd00000, 0x000000009ce00000, 0x000000009ce00000|100%|HC|  |TAMS 0x000000009cd00000| PB 0x000000009cd00000| Complete |  0
| 462|0x000000009ce00000, 0x000000009cf00000, 0x000000009cf00000|100%|HC|  |TAMS 0x000000009ce00000| PB 0x000000009ce00000| Complete |  0
| 463|0x000000009cf00000, 0x000000009d000000, 0x000000009d000000|100%|HC|  |TAMS 0x000000009cf00000| PB 0x000000009cf00000| Complete |  0
| 464|0x000000009d000000, 0x000000009d100000, 0x000000009d100000|100%|HC|  |TAMS 0x000000009d000000| PB 0x000000009d000000| Complete |  0
| 465|0x000000009d100000, 0x000000009d200000, 0x000000009d200000|100%|HC|  |TAMS 0x000000009d100000| PB 0x000000009d100000| Complete |  0
| 466|0x000000009d200000, 0x000000009d300000, 0x000000009d300000|100%|HC|  |TAMS 0x000000009d200000| PB 0x000000009d200000| Complete |  0
| 467|0x000000009d300000, 0x000000009d400000, 0x000000009d400000|100%|HC|  |TAMS 0x000000009d300000| PB 0x000000009d300000| Complete |  0
| 468|0x000000009d400000, 0x000000009d500000, 0x000000009d500000|100%|HC|  |TAMS 0x000000009d400000| PB 0x000000009d400000| Complete |  0
| 469|0x000000009d500000, 0x000000009d600000, 0x000000009d600000|100%|HC|  |TAMS 0x000000009d500000| PB 0x000000009d500000| Complete |  0
| 470|0x000000009d600000, 0x000000009d700000, 0x000000009d700000|100%|HC|  |TAMS 0x000000009d600000| PB 0x000000009d600000| Complete |  0
| 471|0x000000009d700000, 0x000000009d800000, 0x000000009d800000|100%|HC|  |TAMS 0x000000009d700000| PB 0x000000009d700000| Complete |  0
| 472|0x000000009d800000, 0x000000009d900000, 0x000000009d900000|100%|HC|  |TAMS 0x000000009d800000| PB 0x000000009d800000| Complete |  0
| 473|0x000000009d900000, 0x000000009da00000, 0x000000009da00000|100%|HC|  |TAMS 0x000000009d900000| PB 0x000000009d900000| Complete |  0
| 474|0x000000009da00000, 0x000000009db00000, 0x000000009db00000|100%|HC|  |TAMS 0x000000009da00000| PB 0x000000009da00000| Complete |  0
| 475|0x000000009db00000, 0x000000009dc00000, 0x000000009dc00000|100%|HC|  |TAMS 0x000000009db00000| PB 0x000000009db00000| Complete |  0
| 476|0x000000009dc00000, 0x000000009dd00000, 0x000000009dd00000|100%|HC|  |TAMS 0x000000009dc00000| PB 0x000000009dc00000| Complete |  0
| 477|0x000000009dd00000, 0x000000009de00000, 0x000000009de00000|100%|HC|  |TAMS 0x000000009dd00000| PB 0x000000009dd00000| Complete |  0
| 478|0x000000009de00000, 0x000000009df00000, 0x000000009df00000|100%|HC|  |TAMS 0x000000009de00000| PB 0x000000009de00000| Complete |  0
| 479|0x000000009df00000, 0x000000009e000000, 0x000000009e000000|100%|HC|  |TAMS 0x000000009df00000| PB 0x000000009df00000| Complete |  0
| 480|0x000000009e000000, 0x000000009e100000, 0x000000009e100000|100%|HC|  |TAMS 0x000000009e000000| PB 0x000000009e000000| Complete |  0
| 481|0x000000009e100000, 0x000000009e200000, 0x000000009e200000|100%|HC|  |TAMS 0x000000009e100000| PB 0x000000009e100000| Complete |  0
| 482|0x000000009e200000, 0x000000009e300000, 0x000000009e300000|100%|HC|  |TAMS 0x000000009e200000| PB 0x000000009e200000| Complete |  0
| 483|0x000000009e300000, 0x000000009e400000, 0x000000009e400000|100%|HC|  |TAMS 0x000000009e300000| PB 0x000000009e300000| Complete |  0
| 484|0x000000009e400000, 0x000000009e500000, 0x000000009e500000|100%|HC|  |TAMS 0x000000009e400000| PB 0x000000009e400000| Complete |  0
| 485|0x000000009e500000, 0x000000009e600000, 0x000000009e600000|100%|HS|  |TAMS 0x000000009e500000| PB 0x000000009e500000| Complete |  0
| 486|0x000000009e600000, 0x000000009e700000, 0x000000009e700000|100%|HC|  |TAMS 0x000000009e600000| PB 0x000000009e600000| Complete |  0
| 487|0x000000009e700000, 0x000000009e800000, 0x000000009e800000|100%|HC|  |TAMS 0x000000009e700000| PB 0x000000009e700000| Complete |  0
| 488|0x000000009e800000, 0x000000009e900000, 0x000000009e900000|100%|HC|  |TAMS 0x000000009e800000| PB 0x000000009e800000| Complete |  0
| 489|0x000000009e900000, 0x000000009ea00000, 0x000000009ea00000|100%|HC|  |TAMS 0x000000009e900000| PB 0x000000009e900000| Complete |  0
| 490|0x000000009ea00000, 0x000000009eb00000, 0x000000009eb00000|100%|HC|  |TAMS 0x000000009ea00000| PB 0x000000009ea00000| Complete |  0
| 491|0x000000009eb00000, 0x000000009ec00000, 0x000000009ec00000|100%|HC|  |TAMS 0x000000009eb00000| PB 0x000000009eb00000| Complete |  0
| 492|0x000000009ec00000, 0x000000009ed00000, 0x000000009ed00000|100%|HC|  |TAMS 0x000000009ec00000| PB 0x000000009ec00000| Complete |  0
| 493|0x000000009ed00000, 0x000000009ee00000, 0x000000009ee00000|100%|HC|  |TAMS 0x000000009ed00000| PB 0x000000009ed00000| Complete |  0
| 494|0x000000009ee00000, 0x000000009ef00000, 0x000000009ef00000|100%|HC|  |TAMS 0x000000009ee00000| PB 0x000000009ee00000| Complete |  0
| 495|0x000000009ef00000, 0x000000009f000000, 0x000000009f000000|100%|HC|  |TAMS 0x000000009ef00000| PB 0x000000009ef00000| Complete |  0
| 496|0x000000009f000000, 0x000000009f100000, 0x000000009f100000|100%|HC|  |TAMS 0x000000009f000000| PB 0x000000009f000000| Complete |  0
| 497|0x000000009f100000, 0x000000009f200000, 0x000000009f200000|100%|HC|  |TAMS 0x000000009f100000| PB 0x000000009f100000| Complete |  0
| 498|0x000000009f200000, 0x000000009f300000, 0x000000009f300000|100%|HC|  |TAMS 0x000000009f200000| PB 0x000000009f200000| Complete |  0
| 499|0x000000009f300000, 0x000000009f400000, 0x000000009f400000|100%|HC|  |TAMS 0x000000009f300000| PB 0x000000009f300000| Complete |  0
| 500|0x000000009f400000, 0x000000009f500000, 0x000000009f500000|100%|HC|  |TAMS 0x000000009f400000| PB 0x000000009f400000| Complete |  0
| 501|0x000000009f500000, 0x000000009f600000, 0x000000009f600000|100%|HC|  |TAMS 0x000000009f500000| PB 0x000000009f500000| Complete |  0
| 502|0x000000009f600000, 0x000000009f700000, 0x000000009f700000|100%|HC|  |TAMS 0x000000009f600000| PB 0x000000009f600000| Complete |  0
| 503|0x000000009f700000, 0x000000009f800000, 0x000000009f800000|100%|HC|  |TAMS 0x000000009f700000| PB 0x000000009f700000| Complete |  0
| 504|0x000000009f800000, 0x000000009f900000, 0x000000009f900000|100%|HC|  |TAMS 0x000000009f800000| PB 0x000000009f800000| Complete |  0
| 505|0x000000009f900000, 0x000000009fa00000, 0x000000009fa00000|100%|HC|  |TAMS 0x000000009f900000| PB 0x000000009f900000| Complete |  0
| 506|0x000000009fa00000, 0x000000009fb00000, 0x000000009fb00000|100%|HC|  |TAMS 0x000000009fa00000| PB 0x000000009fa00000| Complete |  0
| 507|0x000000009fb00000, 0x000000009fc00000, 0x000000009fc00000|100%|HC|  |TAMS 0x000000009fb00000| PB 0x000000009fb00000| Complete |  0
| 508|0x000000009fc00000, 0x000000009fd00000, 0x000000009fd00000|100%|HC|  |TAMS 0x000000009fc00000| PB 0x000000009fc00000| Complete |  0
| 509|0x000000009fd00000, 0x000000009fe00000, 0x000000009fe00000|100%|HC|  |TAMS 0x000000009fd00000| PB 0x000000009fd00000| Complete |  0
| 510|0x000000009fe00000, 0x000000009ff00000, 0x000000009ff00000|100%|HC|  |TAMS 0x000000009fe00000| PB 0x000000009fe00000| Complete |  0
| 511|0x000000009ff00000, 0x00000000a0000000, 0x00000000a0000000|100%|HC|  |TAMS 0x000000009ff00000| PB 0x000000009ff00000| Complete |  0
| 512|0x00000000a0000000, 0x00000000a0100000, 0x00000000a0100000|100%|HC|  |TAMS 0x00000000a0000000| PB 0x00000000a0000000| Complete |  0
| 513|0x00000000a0100000, 0x00000000a0200000, 0x00000000a0200000|100%|HC|  |TAMS 0x00000000a0100000| PB 0x00000000a0100000| Complete |  0
| 514|0x00000000a0200000, 0x00000000a0300000, 0x00000000a0300000|100%|HC|  |TAMS 0x00000000a0200000| PB 0x00000000a0200000| Complete |  0
| 515|0x00000000a0300000, 0x00000000a0400000, 0x00000000a0400000|100%|HC|  |TAMS 0x00000000a0300000| PB 0x00000000a0300000| Complete |  0
| 516|0x00000000a0400000, 0x00000000a0500000, 0x00000000a0500000|100%|HC|  |TAMS 0x00000000a0400000| PB 0x00000000a0400000| Complete |  0
| 517|0x00000000a0500000, 0x00000000a0600000, 0x00000000a0600000|100%|HC|  |TAMS 0x00000000a0500000| PB 0x00000000a0500000| Complete |  0
| 518|0x00000000a0600000, 0x00000000a0700000, 0x00000000a0700000|100%|HC|  |TAMS 0x00000000a0600000| PB 0x00000000a0600000| Complete |  0
| 519|0x00000000a0700000, 0x00000000a0800000, 0x00000000a0800000|100%|HC|  |TAMS 0x00000000a0700000| PB 0x00000000a0700000| Complete |  0
| 520|0x00000000a0800000, 0x00000000a0900000, 0x00000000a0900000|100%|HC|  |TAMS 0x00000000a0800000| PB 0x00000000a0800000| Complete |  0
| 521|0x00000000a0900000, 0x00000000a0a00000, 0x00000000a0a00000|100%|HC|  |TAMS 0x00000000a0900000| PB 0x00000000a0900000| Complete |  0
| 522|0x00000000a0a00000, 0x00000000a0b00000, 0x00000000a0b00000|100%|HC|  |TAMS 0x00000000a0a00000| PB 0x00000000a0a00000| Complete |  0
| 523|0x00000000a0b00000, 0x00000000a0c00000, 0x00000000a0c00000|100%|HC|  |TAMS 0x00000000a0b00000| PB 0x00000000a0b00000| Complete |  0
| 524|0x00000000a0c00000, 0x00000000a0d00000, 0x00000000a0d00000|100%|HC|  |TAMS 0x00000000a0c00000| PB 0x00000000a0c00000| Complete |  0
| 525|0x00000000a0d00000, 0x00000000a0e00000, 0x00000000a0e00000|100%|HC|  |TAMS 0x00000000a0d00000| PB 0x00000000a0d00000| Complete |  0
| 526|0x00000000a0e00000, 0x00000000a0f00000, 0x00000000a0f00000|100%|HC|  |TAMS 0x00000000a0e00000| PB 0x00000000a0e00000| Complete |  0
| 527|0x00000000a0f00000, 0x00000000a1000000, 0x00000000a1000000|100%|HC|  |TAMS 0x00000000a0f00000| PB 0x00000000a0f00000| Complete |  0
| 528|0x00000000a1000000, 0x00000000a1100000, 0x00000000a1100000|100%|HC|  |TAMS 0x00000000a1000000| PB 0x00000000a1000000| Complete |  0
| 529|0x00000000a1100000, 0x00000000a1200000, 0x00000000a1200000|100%|HC|  |TAMS 0x00000000a1100000| PB 0x00000000a1100000| Complete |  0
| 530|0x00000000a1200000, 0x00000000a1300000, 0x00000000a1300000|100%|HC|  |TAMS 0x00000000a1200000| PB 0x00000000a1200000| Complete |  0
| 531|0x00000000a1300000, 0x00000000a1400000, 0x00000000a1400000|100%|HC|  |TAMS 0x00000000a1300000| PB 0x00000000a1300000| Complete |  0
| 532|0x00000000a1400000, 0x00000000a1500000, 0x00000000a1500000|100%|HC|  |TAMS 0x00000000a1400000| PB 0x00000000a1400000| Complete |  0
| 533|0x00000000a1500000, 0x00000000a1600000, 0x00000000a1600000|100%|HC|  |TAMS 0x00000000a1500000| PB 0x00000000a1500000| Complete |  0
| 534|0x00000000a1600000, 0x00000000a1700000, 0x00000000a1700000|100%|HC|  |TAMS 0x00000000a1600000| PB 0x00000000a1600000| Complete |  0
| 535|0x00000000a1700000, 0x00000000a1800000, 0x00000000a1800000|100%|HC|  |TAMS 0x00000000a1700000| PB 0x00000000a1700000| Complete |  0
| 536|0x00000000a1800000, 0x00000000a1900000, 0x00000000a1900000|100%|HS|  |TAMS 0x00000000a1800000| PB 0x00000000a1800000| Complete |  0
| 537|0x00000000a1900000, 0x00000000a1a00000, 0x00000000a1a00000|100%|HC|  |TAMS 0x00000000a1900000| PB 0x00000000a1900000| Complete |  0
| 538|0x00000000a1a00000, 0x00000000a1b00000, 0x00000000a1b00000|100%|HC|  |TAMS 0x00000000a1a00000| PB 0x00000000a1a00000| Complete |  0
| 539|0x00000000a1b00000, 0x00000000a1c00000, 0x00000000a1c00000|100%|HS|  |TAMS 0x00000000a1b00000| PB 0x00000000a1b00000| Complete |  0
| 540|0x00000000a1c00000, 0x00000000a1d00000, 0x00000000a1d00000|100%|HS|  |TAMS 0x00000000a1c00000| PB 0x00000000a1c00000| Complete |  0
| 541|0x00000000a1d00000, 0x00000000a1e00000, 0x00000000a1e00000|100%|HC|  |TAMS 0x00000000a1d00000| PB 0x00000000a1d00000| Complete |  0
| 542|0x00000000a1e00000, 0x00000000a1f00000, 0x00000000a1f00000|100%|HS|  |TAMS 0x00000000a1e00000| PB 0x00000000a1e00000| Complete |  0
| 543|0x00000000a1f00000, 0x00000000a2000000, 0x00000000a2000000|100%|HC|  |TAMS 0x00000000a1f00000| PB 0x00000000a1f00000| Complete |  0
| 544|0x00000000a2000000, 0x00000000a2100000, 0x00000000a2100000|100%|HS|  |TAMS 0x00000000a2000000| PB 0x00000000a2000000| Complete |  0
| 545|0x00000000a2100000, 0x00000000a2200000, 0x00000000a2200000|100%|HS|  |TAMS 0x00000000a2100000| PB 0x00000000a2100000| Complete |  0
| 546|0x00000000a2200000, 0x00000000a2300000, 0x00000000a2300000|100%|HC|  |TAMS 0x00000000a2200000| PB 0x00000000a2200000| Complete |  0
| 547|0x00000000a2300000, 0x00000000a2400000, 0x00000000a2400000|100%|HS|  |TAMS 0x00000000a2300000| PB 0x00000000a2300000| Complete |  0
| 548|0x00000000a2400000, 0x00000000a2500000, 0x00000000a2500000|100%|HC|  |TAMS 0x00000000a2400000| PB 0x00000000a2400000| Complete |  0
| 549|0x00000000a2500000, 0x00000000a2600000, 0x00000000a2600000|100%|HS|  |TAMS 0x00000000a2500000| PB 0x00000000a2500000| Complete |  0
| 550|0x00000000a2600000, 0x00000000a2700000, 0x00000000a2700000|100%|HS|  |TAMS 0x00000000a2600000| PB 0x00000000a2600000| Complete |  0
| 551|0x00000000a2700000, 0x00000000a2800000, 0x00000000a2800000|100%|HC|  |TAMS 0x00000000a2700000| PB 0x00000000a2700000| Complete |  0
| 552|0x00000000a2800000, 0x00000000a2900000, 0x00000000a2900000|100%|HS|  |TAMS 0x00000000a2800000| PB 0x00000000a2800000| Complete |  0
| 553|0x00000000a2900000, 0x00000000a2a00000, 0x00000000a2a00000|100%|HC|  |TAMS 0x00000000a2900000| PB 0x00000000a2900000| Complete |  0
| 554|0x00000000a2a00000, 0x00000000a2b00000, 0x00000000a2b00000|100%|HC|  |TAMS 0x00000000a2a00000| PB 0x00000000a2a00000| Complete |  0
| 555|0x00000000a2b00000, 0x00000000a2c00000, 0x00000000a2c00000|100%|HS|  |TAMS 0x00000000a2b00000| PB 0x00000000a2b00000| Complete |  0
| 556|0x00000000a2c00000, 0x00000000a2d00000, 0x00000000a2d00000|100%|HC|  |TAMS 0x00000000a2c00000| PB 0x00000000a2c00000| Complete |  0
| 557|0x00000000a2d00000, 0x00000000a2e00000, 0x00000000a2e00000|100%|HC|  |TAMS 0x00000000a2d00000| PB 0x00000000a2d00000| Complete |  0
| 558|0x00000000a2e00000, 0x00000000a2f00000, 0x00000000a2f00000|100%|HC|  |TAMS 0x00000000a2e00000| PB 0x00000000a2e00000| Complete |  0
| 559|0x00000000a2f00000, 0x00000000a3000000, 0x00000000a3000000|100%| O|  |TAMS 0x00000000a2f00000| PB 0x00000000a2f00000| Untracked |  0
| 560|0x00000000a3000000, 0x00000000a3100000, 0x00000000a3100000|100%| O|  |TAMS 0x00000000a3000000| PB 0x00000000a3000000| Untracked |  0
| 561|0x00000000a3100000, 0x00000000a3200000, 0x00000000a3200000|100%|HS|  |TAMS 0x00000000a3100000| PB 0x00000000a3100000| Complete |  0
| 562|0x00000000a3200000, 0x00000000a3300000, 0x00000000a3300000|100%|HC|  |TAMS 0x00000000a3200000| PB 0x00000000a3200000| Complete |  0
| 563|0x00000000a3300000, 0x00000000a3400000, 0x00000000a3400000|100%|HC|  |TAMS 0x00000000a3300000| PB 0x00000000a3300000| Complete |  0
| 564|0x00000000a3400000, 0x00000000a3500000, 0x00000000a3500000|100%|HC|  |TAMS 0x00000000a3400000| PB 0x00000000a3400000| Complete |  0
| 565|0x00000000a3500000, 0x00000000a3600000, 0x00000000a3600000|100%|HC|  |TAMS 0x00000000a3500000| PB 0x00000000a3500000| Complete |  0
| 566|0x00000000a3600000, 0x00000000a3700000, 0x00000000a3700000|100%|HC|  |TAMS 0x00000000a3600000| PB 0x00000000a3600000| Complete |  0
| 567|0x00000000a3700000, 0x00000000a3800000, 0x00000000a3800000|100%|HC|  |TAMS 0x00000000a3700000| PB 0x00000000a3700000| Complete |  0
| 568|0x00000000a3800000, 0x00000000a3900000, 0x00000000a3900000|100%|HC|  |TAMS 0x00000000a3800000| PB 0x00000000a3800000| Complete |  0
| 569|0x00000000a3900000, 0x00000000a3a00000, 0x00000000a3a00000|100%|HC|  |TAMS 0x00000000a3900000| PB 0x00000000a3900000| Complete |  0
| 570|0x00000000a3a00000, 0x00000000a3b00000, 0x00000000a3b00000|100%|HC|  |TAMS 0x00000000a3a00000| PB 0x00000000a3a00000| Complete |  0
| 571|0x00000000a3b00000, 0x00000000a3c00000, 0x00000000a3c00000|100%|HC|  |TAMS 0x00000000a3b00000| PB 0x00000000a3b00000| Complete |  0
| 572|0x00000000a3c00000, 0x00000000a3d00000, 0x00000000a3d00000|100%|HC|  |TAMS 0x00000000a3c00000| PB 0x00000000a3c00000| Complete |  0
| 573|0x00000000a3d00000, 0x00000000a3e00000, 0x00000000a3e00000|100%|HC|  |TAMS 0x00000000a3d00000| PB 0x00000000a3d00000| Complete |  0
| 574|0x00000000a3e00000, 0x00000000a3f00000, 0x00000000a3f00000|100%|HC|  |TAMS 0x00000000a3e00000| PB 0x00000000a3e00000| Complete |  0
| 575|0x00000000a3f00000, 0x00000000a4000000, 0x00000000a4000000|100%|HC|  |TAMS 0x00000000a3f00000| PB 0x00000000a3f00000| Complete |  0
| 576|0x00000000a4000000, 0x00000000a4100000, 0x00000000a4100000|100%|HC|  |TAMS 0x00000000a4000000| PB 0x00000000a4000000| Complete |  0
| 577|0x00000000a4100000, 0x00000000a4200000, 0x00000000a4200000|100%|HC|  |TAMS 0x00000000a4100000| PB 0x00000000a4100000| Complete |  0
| 578|0x00000000a4200000, 0x00000000a4300000, 0x00000000a4300000|100%|HC|  |TAMS 0x00000000a4200000| PB 0x00000000a4200000| Complete |  0
| 579|0x00000000a4300000, 0x00000000a4400000, 0x00000000a4400000|100%|HC|  |TAMS 0x00000000a4300000| PB 0x00000000a4300000| Complete |  0
| 580|0x00000000a4400000, 0x00000000a4500000, 0x00000000a4500000|100%|HC|  |TAMS 0x00000000a4400000| PB 0x00000000a4400000| Complete |  0
| 581|0x00000000a4500000, 0x00000000a4600000, 0x00000000a4600000|100%|HC|  |TAMS 0x00000000a4500000| PB 0x00000000a4500000| Complete |  0
| 582|0x00000000a4600000, 0x00000000a4700000, 0x00000000a4700000|100%|HC|  |TAMS 0x00000000a4600000| PB 0x00000000a4600000| Complete |  0
| 583|0x00000000a4700000, 0x00000000a4800000, 0x00000000a4800000|100%|HC|  |TAMS 0x00000000a4700000| PB 0x00000000a4700000| Complete |  0
| 584|0x00000000a4800000, 0x00000000a4900000, 0x00000000a4900000|100%|HC|  |TAMS 0x00000000a4800000| PB 0x00000000a4800000| Complete |  0
| 585|0x00000000a4900000, 0x00000000a4a00000, 0x00000000a4a00000|100%|HC|  |TAMS 0x00000000a4900000| PB 0x00000000a4900000| Complete |  0
| 586|0x00000000a4a00000, 0x00000000a4b00000, 0x00000000a4b00000|100%|HC|  |TAMS 0x00000000a4a00000| PB 0x00000000a4a00000| Complete |  0
| 587|0x00000000a4b00000, 0x00000000a4c00000, 0x00000000a4c00000|100%|HC|  |TAMS 0x00000000a4b00000| PB 0x00000000a4b00000| Complete |  0
| 588|0x00000000a4c00000, 0x00000000a4d00000, 0x00000000a4d00000|100%|HC|  |TAMS 0x00000000a4c00000| PB 0x00000000a4c00000| Complete |  0
| 589|0x00000000a4d00000, 0x00000000a4e00000, 0x00000000a4e00000|100%|HC|  |TAMS 0x00000000a4d00000| PB 0x00000000a4d00000| Complete |  0
| 590|0x00000000a4e00000, 0x00000000a4f00000, 0x00000000a4f00000|100%|HC|  |TAMS 0x00000000a4e00000| PB 0x00000000a4e00000| Complete |  0
| 591|0x00000000a4f00000, 0x00000000a5000000, 0x00000000a5000000|100%|HS|  |TAMS 0x00000000a4f00000| PB 0x00000000a4f00000| Complete |  0
| 592|0x00000000a5000000, 0x00000000a5100000, 0x00000000a5100000|100%|HS|  |TAMS 0x00000000a5000000| PB 0x00000000a5000000| Complete |  0
| 593|0x00000000a5100000, 0x00000000a5200000, 0x00000000a5200000|100%|HC|  |TAMS 0x00000000a5100000| PB 0x00000000a5100000| Complete |  0
| 594|0x00000000a5200000, 0x00000000a5300000, 0x00000000a5300000|100%|HS|  |TAMS 0x00000000a5200000| PB 0x00000000a5200000| Complete |  0
| 595|0x00000000a5300000, 0x00000000a5400000, 0x00000000a5400000|100%|HC|  |TAMS 0x00000000a5300000| PB 0x00000000a5300000| Complete |  0
| 596|0x00000000a5400000, 0x00000000a5500000, 0x00000000a5500000|100%|HS|  |TAMS 0x00000000a5400000| PB 0x00000000a5400000| Complete |  0
| 597|0x00000000a5500000, 0x00000000a5600000, 0x00000000a5600000|100%|HS|  |TAMS 0x00000000a5500000| PB 0x00000000a5500000| Complete |  0
| 598|0x00000000a5600000, 0x00000000a5700000, 0x00000000a5700000|100%|HC|  |TAMS 0x00000000a5600000| PB 0x00000000a5600000| Complete |  0
| 599|0x00000000a5700000, 0x00000000a5800000, 0x00000000a5800000|100%|HS|  |TAMS 0x00000000a5700000| PB 0x00000000a5700000| Complete |  0
| 600|0x00000000a5800000, 0x00000000a5900000, 0x00000000a5900000|100%|HC|  |TAMS 0x00000000a5800000| PB 0x00000000a5800000| Complete |  0
| 601|0x00000000a5900000, 0x00000000a5a00000, 0x00000000a5a00000|100%|HC|  |TAMS 0x00000000a5900000| PB 0x00000000a5900000| Complete |  0
| 602|0x00000000a5a00000, 0x00000000a5b00000, 0x00000000a5b00000|100%|HS|  |TAMS 0x00000000a5a00000| PB 0x00000000a5a00000| Complete |  0
| 603|0x00000000a5b00000, 0x00000000a5c00000, 0x00000000a5c00000|100%|HC|  |TAMS 0x00000000a5b00000| PB 0x00000000a5b00000| Complete |  0
| 604|0x00000000a5c00000, 0x00000000a5d00000, 0x00000000a5d00000|100%|HC|  |TAMS 0x00000000a5c00000| PB 0x00000000a5c00000| Complete |  0
| 605|0x00000000a5d00000, 0x00000000a5e00000, 0x00000000a5e00000|100%|HC|  |TAMS 0x00000000a5d00000| PB 0x00000000a5d00000| Complete |  0
| 606|0x00000000a5e00000, 0x00000000a5f00000, 0x00000000a5f00000|100%|HC|  |TAMS 0x00000000a5e00000| PB 0x00000000a5e00000| Complete |  0
| 607|0x00000000a5f00000, 0x00000000a6000000, 0x00000000a6000000|100%|HS|  |TAMS 0x00000000a5f00000| PB 0x00000000a5f00000| Complete |  0
| 608|0x00000000a6000000, 0x00000000a6100000, 0x00000000a6100000|100%|HC|  |TAMS 0x00000000a6000000| PB 0x00000000a6000000| Complete |  0
| 609|0x00000000a6100000, 0x00000000a6200000, 0x00000000a6200000|100%|HC|  |TAMS 0x00000000a6100000| PB 0x00000000a6100000| Complete |  0
| 610|0x00000000a6200000, 0x00000000a6300000, 0x00000000a6300000|100%|HC|  |TAMS 0x00000000a6200000| PB 0x00000000a6200000| Complete |  0
| 611|0x00000000a6300000, 0x00000000a6400000, 0x00000000a6400000|100%|HC|  |TAMS 0x00000000a6300000| PB 0x00000000a6300000| Complete |  0
| 612|0x00000000a6400000, 0x00000000a6500000, 0x00000000a6500000|100%|HS|  |TAMS 0x00000000a6400000| PB 0x00000000a6400000| Complete |  0
| 613|0x00000000a6500000, 0x00000000a6600000, 0x00000000a6600000|100%|HS|  |TAMS 0x00000000a6500000| PB 0x00000000a6500000| Complete |  0
| 614|0x00000000a6600000, 0x00000000a6700000, 0x00000000a6700000|100%|HS|  |TAMS 0x00000000a6600000| PB 0x00000000a6600000| Complete |  0
| 615|0x00000000a6700000, 0x00000000a6800000, 0x00000000a6800000|100%|HS|  |TAMS 0x00000000a6700000| PB 0x00000000a6700000| Complete |  0
| 616|0x00000000a6800000, 0x00000000a6900000, 0x00000000a6900000|100%|HS|  |TAMS 0x00000000a6800000| PB 0x00000000a6800000| Complete |  0
| 617|0x00000000a6900000, 0x00000000a6a00000, 0x00000000a6a00000|100%|HS|  |TAMS 0x00000000a6900000| PB 0x00000000a6900000| Complete |  0
| 618|0x00000000a6a00000, 0x00000000a6b00000, 0x00000000a6b00000|100%|HS|  |TAMS 0x00000000a6a00000| PB 0x00000000a6a00000| Complete |  0
| 619|0x00000000a6b00000, 0x00000000a6c00000, 0x00000000a6c00000|100%|HS|  |TAMS 0x00000000a6b00000| PB 0x00000000a6b00000| Complete |  0
| 620|0x00000000a6c00000, 0x00000000a6d00000, 0x00000000a6d00000|100%|HC|  |TAMS 0x00000000a6c00000| PB 0x00000000a6c00000| Complete |  0
| 621|0x00000000a6d00000, 0x00000000a6e00000, 0x00000000a6e00000|100%|HS|  |TAMS 0x00000000a6d00000| PB 0x00000000a6d00000| Complete |  0
| 622|0x00000000a6e00000, 0x00000000a6f00000, 0x00000000a6f00000|100%|HC|  |TAMS 0x00000000a6e00000| PB 0x00000000a6e00000| Complete |  0
| 623|0x00000000a6f00000, 0x00000000a7000000, 0x00000000a7000000|100%|HS|  |TAMS 0x00000000a6f00000| PB 0x00000000a6f00000| Complete |  0
| 624|0x00000000a7000000, 0x00000000a7100000, 0x00000000a7100000|100%|HS|  |TAMS 0x00000000a7000000| PB 0x00000000a7000000| Complete |  0
| 625|0x00000000a7100000, 0x00000000a7200000, 0x00000000a7200000|100%|HC|  |TAMS 0x00000000a7100000| PB 0x00000000a7100000| Complete |  0
| 626|0x00000000a7200000, 0x00000000a7300000, 0x00000000a7300000|100%|HS|  |TAMS 0x00000000a7200000| PB 0x00000000a7200000| Complete |  0
| 627|0x00000000a7300000, 0x00000000a7400000, 0x00000000a7400000|100%|HC|  |TAMS 0x00000000a7300000| PB 0x00000000a7300000| Complete |  0
| 628|0x00000000a7400000, 0x00000000a7500000, 0x00000000a7500000|100%|HC|  |TAMS 0x00000000a7400000| PB 0x00000000a7400000| Complete |  0
| 629|0x00000000a7500000, 0x00000000a7600000, 0x00000000a7600000|100%|HS|  |TAMS 0x00000000a7500000| PB 0x00000000a7500000| Complete |  0
| 630|0x00000000a7600000, 0x00000000a7700000, 0x00000000a7700000|100%|HC|  |TAMS 0x00000000a7600000| PB 0x00000000a7600000| Complete |  0
| 631|0x00000000a7700000, 0x00000000a7800000, 0x00000000a7800000|100%|HC|  |TAMS 0x00000000a7700000| PB 0x00000000a7700000| Complete |  0
| 632|0x00000000a7800000, 0x00000000a7900000, 0x00000000a7900000|100%|HC|  |TAMS 0x00000000a7800000| PB 0x00000000a7800000| Complete |  0
| 633|0x00000000a7900000, 0x00000000a7a00000, 0x00000000a7a00000|100%|HC|  |TAMS 0x00000000a7900000| PB 0x00000000a7900000| Complete |  0
| 634|0x00000000a7a00000, 0x00000000a7b00000, 0x00000000a7b00000|100%|HS|  |TAMS 0x00000000a7a00000| PB 0x00000000a7a00000| Complete |  0
| 635|0x00000000a7b00000, 0x00000000a7c00000, 0x00000000a7c00000|100%|HC|  |TAMS 0x00000000a7b00000| PB 0x00000000a7b00000| Complete |  0
| 636|0x00000000a7c00000, 0x00000000a7d00000, 0x00000000a7d00000|100%|HC|  |TAMS 0x00000000a7c00000| PB 0x00000000a7c00000| Complete |  0
| 637|0x00000000a7d00000, 0x00000000a7e00000, 0x00000000a7e00000|100%|HC|  |TAMS 0x00000000a7d00000| PB 0x00000000a7d00000| Complete |  0
| 638|0x00000000a7e00000, 0x00000000a7f00000, 0x00000000a7f00000|100%|HC|  |TAMS 0x00000000a7e00000| PB 0x00000000a7e00000| Complete |  0
| 639|0x00000000a7f00000, 0x00000000a8000000, 0x00000000a8000000|100%|HC|  |TAMS 0x00000000a7f00000| PB 0x00000000a7f00000| Complete |  0
| 640|0x00000000a8000000, 0x00000000a8100000, 0x00000000a8100000|100%|HC|  |TAMS 0x00000000a8000000| PB 0x00000000a8000000| Complete |  0
| 641|0x00000000a8100000, 0x00000000a8200000, 0x00000000a8200000|100%|HC|  |TAMS 0x00000000a8100000| PB 0x00000000a8100000| Complete |  0
| 642|0x00000000a8200000, 0x00000000a8300000, 0x00000000a8300000|100%|HC|  |TAMS 0x00000000a8200000| PB 0x00000000a8200000| Complete |  0
| 643|0x00000000a8300000, 0x00000000a8400000, 0x00000000a8400000|100%|HS|  |TAMS 0x00000000a8300000| PB 0x00000000a8300000| Complete |  0
| 644|0x00000000a8400000, 0x00000000a8500000, 0x00000000a8500000|100%|HS|  |TAMS 0x00000000a8400000| PB 0x00000000a8400000| Complete |  0
| 645|0x00000000a8500000, 0x00000000a8600000, 0x00000000a8600000|100%|HS|  |TAMS 0x00000000a8500000| PB 0x00000000a8500000| Complete |  0
| 646|0x00000000a8600000, 0x00000000a8700000, 0x00000000a8700000|100%|HS|  |TAMS 0x00000000a8600000| PB 0x00000000a8600000| Complete |  0
| 647|0x00000000a8700000, 0x00000000a8800000, 0x00000000a8800000|100%|HC|  |TAMS 0x00000000a8700000| PB 0x00000000a8700000| Complete |  0
| 648|0x00000000a8800000, 0x00000000a8900000, 0x00000000a8900000|100%|HS|  |TAMS 0x00000000a8800000| PB 0x00000000a8800000| Complete |  0
| 649|0x00000000a8900000, 0x00000000a8a00000, 0x00000000a8a00000|100%|HS|  |TAMS 0x00000000a8900000| PB 0x00000000a8900000| Complete |  0
| 650|0x00000000a8a00000, 0x00000000a8b00000, 0x00000000a8b00000|100%| O|  |TAMS 0x00000000a8a00000| PB 0x00000000a8a00000| Untracked |  0
| 651|0x00000000a8b00000, 0x00000000a8c00000, 0x00000000a8c00000|100%|HS|  |TAMS 0x00000000a8b00000| PB 0x00000000a8b00000| Complete |  0
| 652|0x00000000a8c00000, 0x00000000a8d00000, 0x00000000a8d00000|100%|HC|  |TAMS 0x00000000a8c00000| PB 0x00000000a8c00000| Complete |  0
| 653|0x00000000a8d00000, 0x00000000a8e00000, 0x00000000a8e00000|100%| O|  |TAMS 0x00000000a8d00000| PB 0x00000000a8d00000| Untracked |  0
| 654|0x00000000a8e00000, 0x00000000a8f00000, 0x00000000a8f00000|100%|HS|  |TAMS 0x00000000a8e00000| PB 0x00000000a8e00000| Complete |  0
| 655|0x00000000a8f00000, 0x00000000a9000000, 0x00000000a9000000|100%|HC|  |TAMS 0x00000000a8f00000| PB 0x00000000a8f00000| Complete |  0
| 656|0x00000000a9000000, 0x00000000a9100000, 0x00000000a9100000|100%|HC|  |TAMS 0x00000000a9000000| PB 0x00000000a9000000| Complete |  0
| 657|0x00000000a9100000, 0x00000000a9200000, 0x00000000a9200000|100%|HC|  |TAMS 0x00000000a9100000| PB 0x00000000a9100000| Complete |  0
| 658|0x00000000a9200000, 0x00000000a9300000, 0x00000000a9300000|100%|HC|  |TAMS 0x00000000a9200000| PB 0x00000000a9200000| Complete |  0
| 659|0x00000000a9300000, 0x00000000a9400000, 0x00000000a9400000|100%|HC|  |TAMS 0x00000000a9300000| PB 0x00000000a9300000| Complete |  0
| 660|0x00000000a9400000, 0x00000000a9500000, 0x00000000a9500000|100%|HC|  |TAMS 0x00000000a9400000| PB 0x00000000a9400000| Complete |  0
| 661|0x00000000a9500000, 0x00000000a9600000, 0x00000000a9600000|100%|HC|  |TAMS 0x00000000a9500000| PB 0x00000000a9500000| Complete |  0
| 662|0x00000000a9600000, 0x00000000a9700000, 0x00000000a9700000|100%|HC|  |TAMS 0x00000000a9600000| PB 0x00000000a9600000| Complete |  0
| 663|0x00000000a9700000, 0x00000000a9800000, 0x00000000a9800000|100%|HC|  |TAMS 0x00000000a9700000| PB 0x00000000a9700000| Complete |  0
| 664|0x00000000a9800000, 0x00000000a9900000, 0x00000000a9900000|100%|HC|  |TAMS 0x00000000a9800000| PB 0x00000000a9800000| Complete |  0
| 665|0x00000000a9900000, 0x00000000a9a00000, 0x00000000a9a00000|100%|HC|  |TAMS 0x00000000a9900000| PB 0x00000000a9900000| Complete |  0
| 666|0x00000000a9a00000, 0x00000000a9b00000, 0x00000000a9b00000|100%|HC|  |TAMS 0x00000000a9a00000| PB 0x00000000a9a00000| Complete |  0
| 667|0x00000000a9b00000, 0x00000000a9c00000, 0x00000000a9c00000|100%|HC|  |TAMS 0x00000000a9b00000| PB 0x00000000a9b00000| Complete |  0
| 668|0x00000000a9c00000, 0x00000000a9d00000, 0x00000000a9d00000|100%|HC|  |TAMS 0x00000000a9c00000| PB 0x00000000a9c00000| Complete |  0
| 669|0x00000000a9d00000, 0x00000000a9e00000, 0x00000000a9e00000|100%|HC|  |TAMS 0x00000000a9d00000| PB 0x00000000a9d00000| Complete |  0
| 670|0x00000000a9e00000, 0x00000000a9f00000, 0x00000000a9f00000|100%|HC|  |TAMS 0x00000000a9e00000| PB 0x00000000a9e00000| Complete |  0
| 671|0x00000000a9f00000, 0x00000000aa000000, 0x00000000aa000000|100%|HS|  |TAMS 0x00000000a9f00000| PB 0x00000000a9f00000| Complete |  0
| 672|0x00000000aa000000, 0x00000000aa100000, 0x00000000aa100000|100%| O|Cm|TAMS 0x00000000aa000000| PB 0x00000000aa000000| Complete |  0
| 673|0x00000000aa100000, 0x00000000aa200000, 0x00000000aa200000|100%|HS|  |TAMS 0x00000000aa100000| PB 0x00000000aa100000| Complete |  0
| 674|0x00000000aa200000, 0x00000000aa300000, 0x00000000aa300000|100%|HC|  |TAMS 0x00000000aa200000| PB 0x00000000aa200000| Complete |  0
| 675|0x00000000aa300000, 0x00000000aa400000, 0x00000000aa400000|100%| O|Cm|TAMS 0x00000000aa300000| PB 0x00000000aa300000| Complete |  0
| 676|0x00000000aa400000, 0x00000000aa500000, 0x00000000aa500000|100%|HS|  |TAMS 0x00000000aa400000| PB 0x00000000aa400000| Complete |  0
| 677|0x00000000aa500000, 0x00000000aa600000, 0x00000000aa600000|100%|HC|  |TAMS 0x00000000aa500000| PB 0x00000000aa500000| Complete |  0
| 678|0x00000000aa600000, 0x00000000aa700000, 0x00000000aa700000|100%|HC|  |TAMS 0x00000000aa600000| PB 0x00000000aa600000| Complete |  0
| 679|0x00000000aa700000, 0x00000000aa800000, 0x00000000aa800000|100%|HS|  |TAMS 0x00000000aa700000| PB 0x00000000aa700000| Complete |  0
| 680|0x00000000aa800000, 0x00000000aa900000, 0x00000000aa900000|100%|HC|  |TAMS 0x00000000aa800000| PB 0x00000000aa800000| Complete |  0
| 681|0x00000000aa900000, 0x00000000aaa00000, 0x00000000aaa00000|100%|HC|  |TAMS 0x00000000aa900000| PB 0x00000000aa900000| Complete |  0
| 682|0x00000000aaa00000, 0x00000000aab00000, 0x00000000aab00000|100%|HC|  |TAMS 0x00000000aaa00000| PB 0x00000000aaa00000| Complete |  0
| 683|0x00000000aab00000, 0x00000000aac00000, 0x00000000aac00000|100%|HS|  |TAMS 0x00000000aab00000| PB 0x00000000aab00000| Complete |  0
| 684|0x00000000aac00000, 0x00000000aad00000, 0x00000000aad00000|100%|HC|  |TAMS 0x00000000aac00000| PB 0x00000000aac00000| Complete |  0
| 685|0x00000000aad00000, 0x00000000aae00000, 0x00000000aae00000|100%|HS|  |TAMS 0x00000000aad00000| PB 0x00000000aad00000| Complete |  0
| 686|0x00000000aae00000, 0x00000000aaf00000, 0x00000000aaf00000|100%|HC|  |TAMS 0x00000000aae00000| PB 0x00000000aae00000| Complete |  0
| 687|0x00000000aaf00000, 0x00000000ab000000, 0x00000000ab000000|100%|HS|  |TAMS 0x00000000aaf00000| PB 0x00000000aaf00000| Complete |  0
| 688|0x00000000ab000000, 0x00000000ab100000, 0x00000000ab100000|100%|HC|  |TAMS 0x00000000ab000000| PB 0x00000000ab000000| Complete |  0
| 689|0x00000000ab100000, 0x00000000ab200000, 0x00000000ab200000|100%|HS|  |TAMS 0x00000000ab100000| PB 0x00000000ab100000| Complete |  0
| 690|0x00000000ab200000, 0x00000000ab300000, 0x00000000ab300000|100%|HC|  |TAMS 0x00000000ab200000| PB 0x00000000ab200000| Complete |  0
| 691|0x00000000ab300000, 0x00000000ab400000, 0x00000000ab400000|100%| O|Cm|TAMS 0x00000000ab300000| PB 0x00000000ab300000| Complete |  0
| 692|0x00000000ab400000, 0x00000000ab500000, 0x00000000ab500000|100%| O|Cm|TAMS 0x00000000ab400000| PB 0x00000000ab400000| Complete |  0
| 693|0x00000000ab500000, 0x00000000ab600000, 0x00000000ab600000|100%|HS|  |TAMS 0x00000000ab500000| PB 0x00000000ab500000| Complete |  0
| 694|0x00000000ab600000, 0x00000000ab700000, 0x00000000ab700000|100%|HC|  |TAMS 0x00000000ab600000| PB 0x00000000ab600000| Complete |  0
| 695|0x00000000ab700000, 0x00000000ab800000, 0x00000000ab800000|100%|HC|  |TAMS 0x00000000ab700000| PB 0x00000000ab700000| Complete |  0
| 696|0x00000000ab800000, 0x00000000ab900000, 0x00000000ab900000|100%|HC|  |TAMS 0x00000000ab800000| PB 0x00000000ab800000| Complete |  0
| 697|0x00000000ab900000, 0x00000000aba00000, 0x00000000aba00000|100%|HC|  |TAMS 0x00000000ab900000| PB 0x00000000ab900000| Complete |  0
| 698|0x00000000aba00000, 0x00000000abb00000, 0x00000000abb00000|100%|HC|  |TAMS 0x00000000aba00000| PB 0x00000000aba00000| Complete |  0
| 699|0x00000000abb00000, 0x00000000abc00000, 0x00000000abc00000|100%|HC|  |TAMS 0x00000000abb00000| PB 0x00000000abb00000| Complete |  0
| 700|0x00000000abc00000, 0x00000000abd00000, 0x00000000abd00000|100%|HC|  |TAMS 0x00000000abc00000| PB 0x00000000abc00000| Complete |  0
| 701|0x00000000abd00000, 0x00000000abe00000, 0x00000000abe00000|100%|HC|  |TAMS 0x00000000abd00000| PB 0x00000000abd00000| Complete |  0
| 702|0x00000000abe00000, 0x00000000abf00000, 0x00000000abf00000|100%|HC|  |TAMS 0x00000000abe00000| PB 0x00000000abe00000| Complete |  0
| 703|0x00000000abf00000, 0x00000000ac000000, 0x00000000ac000000|100%|HC|  |TAMS 0x00000000abf00000| PB 0x00000000abf00000| Complete |  0
| 704|0x00000000ac000000, 0x00000000ac100000, 0x00000000ac100000|100%|HC|  |TAMS 0x00000000ac000000| PB 0x00000000ac000000| Complete |  0
| 705|0x00000000ac100000, 0x00000000ac200000, 0x00000000ac200000|100%|HC|  |TAMS 0x00000000ac100000| PB 0x00000000ac100000| Complete |  0
| 706|0x00000000ac200000, 0x00000000ac300000, 0x00000000ac300000|100%|HC|  |TAMS 0x00000000ac200000| PB 0x00000000ac200000| Complete |  0
| 707|0x00000000ac300000, 0x00000000ac400000, 0x00000000ac400000|100%|HC|  |TAMS 0x00000000ac300000| PB 0x00000000ac300000| Complete |  0
| 708|0x00000000ac400000, 0x00000000ac500000, 0x00000000ac500000|100%|HC|  |TAMS 0x00000000ac400000| PB 0x00000000ac400000| Complete |  0
| 709|0x00000000ac500000, 0x00000000ac600000, 0x00000000ac600000|100%|HC|  |TAMS 0x00000000ac500000| PB 0x00000000ac500000| Complete |  0
| 710|0x00000000ac600000, 0x00000000ac700000, 0x00000000ac700000|100%|HC|  |TAMS 0x00000000ac600000| PB 0x00000000ac600000| Complete |  0
| 711|0x00000000ac700000, 0x00000000ac800000, 0x00000000ac800000|100%|HC|  |TAMS 0x00000000ac700000| PB 0x00000000ac700000| Complete |  0
| 712|0x00000000ac800000, 0x00000000ac900000, 0x00000000ac900000|100%|HC|  |TAMS 0x00000000ac800000| PB 0x00000000ac800000| Complete |  0
| 713|0x00000000ac900000, 0x00000000aca00000, 0x00000000aca00000|100%|HC|  |TAMS 0x00000000ac900000| PB 0x00000000ac900000| Complete |  0
| 714|0x00000000aca00000, 0x00000000acb00000, 0x00000000acb00000|100%|HC|  |TAMS 0x00000000aca00000| PB 0x00000000aca00000| Complete |  0
| 715|0x00000000acb00000, 0x00000000acc00000, 0x00000000acc00000|100%|HC|  |TAMS 0x00000000acb00000| PB 0x00000000acb00000| Complete |  0
| 716|0x00000000acc00000, 0x00000000acd00000, 0x00000000acd00000|100%|HC|  |TAMS 0x00000000acc00000| PB 0x00000000acc00000| Complete |  0
| 717|0x00000000acd00000, 0x00000000ace00000, 0x00000000ace00000|100%|HC|  |TAMS 0x00000000acd00000| PB 0x00000000acd00000| Complete |  0
| 718|0x00000000ace00000, 0x00000000acf00000, 0x00000000acf00000|100%|HC|  |TAMS 0x00000000ace00000| PB 0x00000000ace00000| Complete |  0
| 719|0x00000000acf00000, 0x00000000ad000000, 0x00000000ad000000|100%|HC|  |TAMS 0x00000000acf00000| PB 0x00000000acf00000| Complete |  0
| 720|0x00000000ad000000, 0x00000000ad100000, 0x00000000ad100000|100%|HC|  |TAMS 0x00000000ad000000| PB 0x00000000ad000000| Complete |  0
| 721|0x00000000ad100000, 0x00000000ad200000, 0x00000000ad200000|100%|HC|  |TAMS 0x00000000ad100000| PB 0x00000000ad100000| Complete |  0
| 722|0x00000000ad200000, 0x00000000ad300000, 0x00000000ad300000|100%|HC|  |TAMS 0x00000000ad200000| PB 0x00000000ad200000| Complete |  0
| 723|0x00000000ad300000, 0x00000000ad400000, 0x00000000ad400000|100%|HS|  |TAMS 0x00000000ad300000| PB 0x00000000ad300000| Complete |  0
| 724|0x00000000ad400000, 0x00000000ad500000, 0x00000000ad500000|100%|HS|  |TAMS 0x00000000ad400000| PB 0x00000000ad400000| Complete |  0
| 725|0x00000000ad500000, 0x00000000ad600000, 0x00000000ad600000|100%|HS|  |TAMS 0x00000000ad500000| PB 0x00000000ad500000| Complete |  0
| 726|0x00000000ad600000, 0x00000000ad700000, 0x00000000ad700000|100%|HS|  |TAMS 0x00000000ad600000| PB 0x00000000ad600000| Complete |  0
| 727|0x00000000ad700000, 0x00000000ad800000, 0x00000000ad800000|100%|HC|  |TAMS 0x00000000ad700000| PB 0x00000000ad700000| Complete |  0
| 728|0x00000000ad800000, 0x00000000ad900000, 0x00000000ad900000|100%|HS|  |TAMS 0x00000000ad800000| PB 0x00000000ad800000| Complete |  0
| 729|0x00000000ad900000, 0x00000000ada00000, 0x00000000ada00000|100%| O|Cm|TAMS 0x00000000ad900000| PB 0x00000000ad900000| Complete |  0
| 730|0x00000000ada00000, 0x00000000adb00000, 0x00000000adb00000|100%|HS|  |TAMS 0x00000000ada00000| PB 0x00000000ada00000| Complete |  0
| 731|0x00000000adb00000, 0x00000000adc00000, 0x00000000adc00000|100%|HC|  |TAMS 0x00000000adb00000| PB 0x00000000adb00000| Complete |  0
| 732|0x00000000adc00000, 0x00000000add00000, 0x00000000add00000|100%|HC|  |TAMS 0x00000000adc00000| PB 0x00000000adc00000| Complete |  0
| 733|0x00000000add00000, 0x00000000ade00000, 0x00000000ade00000|100%|HS|  |TAMS 0x00000000add00000| PB 0x00000000add00000| Complete |  0
| 734|0x00000000ade00000, 0x00000000adf00000, 0x00000000adf00000|100%|HC|  |TAMS 0x00000000ade00000| PB 0x00000000ade00000| Complete |  0
| 735|0x00000000adf00000, 0x00000000ae000000, 0x00000000ae000000|100%|HC|  |TAMS 0x00000000adf00000| PB 0x00000000adf00000| Complete |  0
| 736|0x00000000ae000000, 0x00000000ae100000, 0x00000000ae100000|100%|HS|  |TAMS 0x00000000ae000000| PB 0x00000000ae000000| Complete |  0
| 737|0x00000000ae100000, 0x00000000ae200000, 0x00000000ae200000|100%|HC|  |TAMS 0x00000000ae100000| PB 0x00000000ae100000| Complete |  0
| 738|0x00000000ae200000, 0x00000000ae300000, 0x00000000ae300000|100%|HS|  |TAMS 0x00000000ae200000| PB 0x00000000ae200000| Complete |  0
| 739|0x00000000ae300000, 0x00000000ae400000, 0x00000000ae400000|100%|HC|  |TAMS 0x00000000ae300000| PB 0x00000000ae300000| Complete |  0
| 740|0x00000000ae400000, 0x00000000ae500000, 0x00000000ae500000|100%|HC|  |TAMS 0x00000000ae400000| PB 0x00000000ae400000| Complete |  0
| 741|0x00000000ae500000, 0x00000000ae600000, 0x00000000ae600000|100%|HS|  |TAMS 0x00000000ae500000| PB 0x00000000ae500000| Complete |  0
| 742|0x00000000ae600000, 0x00000000ae700000, 0x00000000ae700000|100%| O|Cm|TAMS 0x00000000ae600000| PB 0x00000000ae600000| Complete |  0
| 743|0x00000000ae700000, 0x00000000ae800000, 0x00000000ae800000|100%| O|Cm|TAMS 0x00000000ae700000| PB 0x00000000ae700000| Complete |  0
| 744|0x00000000ae800000, 0x00000000ae900000, 0x00000000ae900000|100%| O|Cm|TAMS 0x00000000ae800000| PB 0x00000000ae800000| Complete |  0
| 745|0x00000000ae900000, 0x00000000aea00000, 0x00000000aea00000|100%|HS|  |TAMS 0x00000000ae900000| PB 0x00000000ae900000| Complete |  0
| 746|0x00000000aea00000, 0x00000000aeb00000, 0x00000000aeb00000|100%|HC|  |TAMS 0x00000000aea00000| PB 0x00000000aea00000| Complete |  0
| 747|0x00000000aeb00000, 0x00000000aec00000, 0x00000000aec00000|100%|HC|  |TAMS 0x00000000aeb00000| PB 0x00000000aeb00000| Complete |  0
| 748|0x00000000aec00000, 0x00000000aed00000, 0x00000000aed00000|100%|HS|  |TAMS 0x00000000aec00000| PB 0x00000000aec00000| Complete |  0
| 749|0x00000000aed00000, 0x00000000aee00000, 0x00000000aee00000|100%|HS|  |TAMS 0x00000000aed00000| PB 0x00000000aed00000| Complete |  0
| 750|0x00000000aee00000, 0x00000000aef00000, 0x00000000aef00000|100%|HS|  |TAMS 0x00000000aee00000| PB 0x00000000aee00000| Complete |  0
| 751|0x00000000aef00000, 0x00000000af000000, 0x00000000af000000|100%|HS|  |TAMS 0x00000000aef00000| PB 0x00000000aef00000| Complete |  0
| 752|0x00000000af000000, 0x00000000af100000, 0x00000000af100000|100%|HS|  |TAMS 0x00000000af000000| PB 0x00000000af000000| Complete |  0
| 753|0x00000000af100000, 0x00000000af200000, 0x00000000af200000|100%|HS|  |TAMS 0x00000000af100000| PB 0x00000000af100000| Complete |  0
| 754|0x00000000af200000, 0x00000000af300000, 0x00000000af300000|100%|HC|  |TAMS 0x00000000af200000| PB 0x00000000af200000| Complete |  0
| 755|0x00000000af300000, 0x00000000af400000, 0x00000000af400000|100%|HS|  |TAMS 0x00000000af300000| PB 0x00000000af300000| Complete |  0
| 756|0x00000000af400000, 0x00000000af500000, 0x00000000af500000|100%|HS|  |TAMS 0x00000000af400000| PB 0x00000000af400000| Complete |  0
| 757|0x00000000af500000, 0x00000000af600000, 0x00000000af600000|100%|HC|  |TAMS 0x00000000af500000| PB 0x00000000af500000| Complete |  0
| 758|0x00000000af600000, 0x00000000af700000, 0x00000000af700000|100%|HS|  |TAMS 0x00000000af600000| PB 0x00000000af600000| Complete |  0
| 759|0x00000000af700000, 0x00000000af800000, 0x00000000af800000|100%|HS|  |TAMS 0x00000000af700000| PB 0x00000000af700000| Complete |  0
| 760|0x00000000af800000, 0x00000000af900000, 0x00000000af900000|100%|HC|  |TAMS 0x00000000af800000| PB 0x00000000af800000| Complete |  0
| 761|0x00000000af900000, 0x00000000afa00000, 0x00000000afa00000|100%|HS|  |TAMS 0x00000000af900000| PB 0x00000000af900000| Complete |  0
| 762|0x00000000afa00000, 0x00000000afb00000, 0x00000000afb00000|100%|HS|  |TAMS 0x00000000afa00000| PB 0x00000000afa00000| Complete |  0
| 763|0x00000000afb00000, 0x00000000afc00000, 0x00000000afc00000|100%|HS|  |TAMS 0x00000000afb00000| PB 0x00000000afb00000| Complete |  0
| 764|0x00000000afc00000, 0x00000000afd00000, 0x00000000afd00000|100%|HS|  |TAMS 0x00000000afc00000| PB 0x00000000afc00000| Complete |  0
| 765|0x00000000afd00000, 0x00000000afe00000, 0x00000000afe00000|100%|HC|  |TAMS 0x00000000afd00000| PB 0x00000000afd00000| Complete |  0
| 766|0x00000000afe00000, 0x00000000aff00000, 0x00000000aff00000|100%| O|Cm|TAMS 0x00000000afe00000| PB 0x00000000afe00000| Complete |  0
| 767|0x00000000aff00000, 0x00000000b0000000, 0x00000000b0000000|100%| O|Cm|TAMS 0x00000000aff00000| PB 0x00000000aff00000| Complete |  0
| 768|0x00000000b0000000, 0x00000000b0100000, 0x00000000b0100000|100%| O|Cm|TAMS 0x00000000b0000000| PB 0x00000000b0000000| Complete |  0
| 769|0x00000000b0100000, 0x00000000b0200000, 0x00000000b0200000|100%| O|Cm|TAMS 0x00000000b0100000| PB 0x00000000b0100000| Complete |  0
| 770|0x00000000b0200000, 0x00000000b0300000, 0x00000000b0300000|100%|HS|  |TAMS 0x00000000b0200000| PB 0x00000000b0200000| Complete |  0
| 771|0x00000000b0300000, 0x00000000b0400000, 0x00000000b0400000|100%|HC|  |TAMS 0x00000000b0300000| PB 0x00000000b0300000| Complete |  0
| 772|0x00000000b0400000, 0x00000000b0500000, 0x00000000b0500000|100%|HC|  |TAMS 0x00000000b0400000| PB 0x00000000b0400000| Complete |  0
| 773|0x00000000b0500000, 0x00000000b0600000, 0x00000000b0600000|100%|HS|  |TAMS 0x00000000b0500000| PB 0x00000000b0500000| Complete |  0
| 774|0x00000000b0600000, 0x00000000b0700000, 0x00000000b0700000|100%|HC|  |TAMS 0x00000000b0600000| PB 0x00000000b0600000| Complete |  0
| 775|0x00000000b0700000, 0x00000000b0800000, 0x00000000b0800000|100%|HC|  |TAMS 0x00000000b0700000| PB 0x00000000b0700000| Complete |  0
| 776|0x00000000b0800000, 0x00000000b0900000, 0x00000000b0900000|100%| E|CS|TAMS 0x00000000b0800000| PB 0x00000000b0800000| Complete |  0
| 777|0x00000000b0900000, 0x00000000b0a00000, 0x00000000b0a00000|100%| E|CS|TAMS 0x00000000b0900000| PB 0x00000000b0900000| Complete |  0
| 778|0x00000000b0a00000, 0x00000000b0b00000, 0x00000000b0b00000|100%| E|CS|TAMS 0x00000000b0a00000| PB 0x00000000b0a00000| Complete |  0
| 779|0x00000000b0b00000, 0x00000000b0c00000, 0x00000000b0c00000|100%| E|CS|TAMS 0x00000000b0b00000| PB 0x00000000b0b00000| Complete |  0
| 780|0x00000000b0c00000, 0x00000000b0d00000, 0x00000000b0d00000|100%| E|CS|TAMS 0x00000000b0c00000| PB 0x00000000b0c00000| Complete |  0
| 781|0x00000000b0d00000, 0x00000000b0e00000, 0x00000000b0e00000|100%| E|CS|TAMS 0x00000000b0d00000| PB 0x00000000b0d00000| Complete |  0
| 782|0x00000000b0e00000, 0x00000000b0f00000, 0x00000000b0f00000|100%| E|CS|TAMS 0x00000000b0e00000| PB 0x00000000b0e00000| Complete |  0
| 783|0x00000000b0f00000, 0x00000000b1000000, 0x00000000b1000000|100%| E|CS|TAMS 0x00000000b0f00000| PB 0x00000000b0f00000| Complete |  0
| 784|0x00000000b1000000, 0x00000000b1100000, 0x00000000b1100000|100%| E|CS|TAMS 0x00000000b1000000| PB 0x00000000b1000000| Complete |  0
| 785|0x00000000b1100000, 0x00000000b1200000, 0x00000000b1200000|100%| E|CS|TAMS 0x00000000b1100000| PB 0x00000000b1100000| Complete |  0
| 786|0x00000000b1200000, 0x00000000b1300000, 0x00000000b1300000|100%| E|CS|TAMS 0x00000000b1200000| PB 0x00000000b1200000| Complete |  0
| 787|0x00000000b1300000, 0x00000000b1400000, 0x00000000b1400000|100%| E|CS|TAMS 0x00000000b1300000| PB 0x00000000b1300000| Complete |  0
| 788|0x00000000b1400000, 0x00000000b1500000, 0x00000000b1500000|100%| E|CS|TAMS 0x00000000b1400000| PB 0x00000000b1400000| Complete |  0
| 789|0x00000000b1500000, 0x00000000b1600000, 0x00000000b1600000|100%| E|CS|TAMS 0x00000000b1500000| PB 0x00000000b1500000| Complete |  0
| 790|0x00000000b1600000, 0x00000000b1700000, 0x00000000b1700000|100%| E|CS|TAMS 0x00000000b1600000| PB 0x00000000b1600000| Complete |  0
| 791|0x00000000b1700000, 0x00000000b1800000, 0x00000000b1800000|100%| E|CS|TAMS 0x00000000b1700000| PB 0x00000000b1700000| Complete |  0
| 792|0x00000000b1800000, 0x00000000b1900000, 0x00000000b1900000|100%| E|CS|TAMS 0x00000000b1800000| PB 0x00000000b1800000| Complete |  0
| 793|0x00000000b1900000, 0x00000000b1a00000, 0x00000000b1a00000|100%| E|CS|TAMS 0x00000000b1900000| PB 0x00000000b1900000| Complete |  0
| 794|0x00000000b1a00000, 0x00000000b1b00000, 0x00000000b1b00000|100%| E|CS|TAMS 0x00000000b1a00000| PB 0x00000000b1a00000| Complete |  0
| 795|0x00000000b1b00000, 0x00000000b1c00000, 0x00000000b1c00000|100%| E|CS|TAMS 0x00000000b1b00000| PB 0x00000000b1b00000| Complete |  0
| 796|0x00000000b1c00000, 0x00000000b1d00000, 0x00000000b1d00000|100%| E|CS|TAMS 0x00000000b1c00000| PB 0x00000000b1c00000| Complete |  0
| 797|0x00000000b1d00000, 0x00000000b1e00000, 0x00000000b1e00000|100%| E|CS|TAMS 0x00000000b1d00000| PB 0x00000000b1d00000| Complete |  0
| 798|0x00000000b1e00000, 0x00000000b1f00000, 0x00000000b1f00000|100%| E|CS|TAMS 0x00000000b1e00000| PB 0x00000000b1e00000| Complete |  0
| 799|0x00000000b1f00000, 0x00000000b2000000, 0x00000000b2000000|100%| E|CS|TAMS 0x00000000b1f00000| PB 0x00000000b1f00000| Complete |  0
| 800|0x00000000b2000000, 0x00000000b2100000, 0x00000000b2100000|100%| E|CS|TAMS 0x00000000b2000000| PB 0x00000000b2000000| Complete |  0
| 801|0x00000000b2100000, 0x00000000b2200000, 0x00000000b2200000|100%| E|CS|TAMS 0x00000000b2100000| PB 0x00000000b2100000| Complete |  0
| 802|0x00000000b2200000, 0x00000000b2300000, 0x00000000b2300000|100%| E|CS|TAMS 0x00000000b2200000| PB 0x00000000b2200000| Complete |  0
| 803|0x00000000b2300000, 0x00000000b2400000, 0x00000000b2400000|100%| E|CS|TAMS 0x00000000b2300000| PB 0x00000000b2300000| Complete |  0
| 804|0x00000000b2400000, 0x00000000b2500000, 0x00000000b2500000|100%| E|CS|TAMS 0x00000000b2400000| PB 0x00000000b2400000| Complete |  0
| 805|0x00000000b2500000, 0x00000000b2600000, 0x00000000b2600000|100%| E|CS|TAMS 0x00000000b2500000| PB 0x00000000b2500000| Complete |  0
| 806|0x00000000b2600000, 0x00000000b2700000, 0x00000000b2700000|100%| E|CS|TAMS 0x00000000b2600000| PB 0x00000000b2600000| Complete |  0
| 807|0x00000000b2700000, 0x00000000b2800000, 0x00000000b2800000|100%| E|CS|TAMS 0x00000000b2700000| PB 0x00000000b2700000| Complete |  0
| 808|0x00000000b2800000, 0x00000000b2900000, 0x00000000b2900000|100%| E|CS|TAMS 0x00000000b2800000| PB 0x00000000b2800000| Complete |  0
| 809|0x00000000b2900000, 0x00000000b2a00000, 0x00000000b2a00000|100%| E|CS|TAMS 0x00000000b2900000| PB 0x00000000b2900000| Complete |  0
| 810|0x00000000b2a00000, 0x00000000b2b00000, 0x00000000b2b00000|100%| E|CS|TAMS 0x00000000b2a00000| PB 0x00000000b2a00000| Complete |  0
| 811|0x00000000b2b00000, 0x00000000b2c00000, 0x00000000b2c00000|100%| E|CS|TAMS 0x00000000b2b00000| PB 0x00000000b2b00000| Complete |  0
| 812|0x00000000b2c00000, 0x00000000b2d00000, 0x00000000b2d00000|100%| E|CS|TAMS 0x00000000b2c00000| PB 0x00000000b2c00000| Complete |  0
| 813|0x00000000b2d00000, 0x00000000b2e00000, 0x00000000b2e00000|100%| E|CS|TAMS 0x00000000b2d00000| PB 0x00000000b2d00000| Complete |  0
| 814|0x00000000b2e00000, 0x00000000b2f00000, 0x00000000b2f00000|100%| E|CS|TAMS 0x00000000b2e00000| PB 0x00000000b2e00000| Complete |  0
| 815|0x00000000b2f00000, 0x00000000b3000000, 0x00000000b3000000|100%| E|CS|TAMS 0x00000000b2f00000| PB 0x00000000b2f00000| Complete |  0
| 816|0x00000000b3000000, 0x00000000b3100000, 0x00000000b3100000|100%| E|CS|TAMS 0x00000000b3000000| PB 0x00000000b3000000| Complete |  0
| 817|0x00000000b3100000, 0x00000000b3200000, 0x00000000b3200000|100%| E|CS|TAMS 0x00000000b3100000| PB 0x00000000b3100000| Complete |  0
| 818|0x00000000b3200000, 0x00000000b3300000, 0x00000000b3300000|100%| E|CS|TAMS 0x00000000b3200000| PB 0x00000000b3200000| Complete |  0
| 819|0x00000000b3300000, 0x00000000b3400000, 0x00000000b3400000|100%| E|CS|TAMS 0x00000000b3300000| PB 0x00000000b3300000| Complete |  0
| 820|0x00000000b3400000, 0x00000000b3500000, 0x00000000b3500000|100%| E|CS|TAMS 0x00000000b3400000| PB 0x00000000b3400000| Complete |  0
| 821|0x00000000b3500000, 0x00000000b3600000, 0x00000000b3600000|100%| E|CS|TAMS 0x00000000b3500000| PB 0x00000000b3500000| Complete |  0
| 822|0x00000000b3600000, 0x00000000b3700000, 0x00000000b3700000|100%| E|CS|TAMS 0x00000000b3600000| PB 0x00000000b3600000| Complete |  0
| 823|0x00000000b3700000, 0x00000000b3800000, 0x00000000b3800000|100%| E|CS|TAMS 0x00000000b3700000| PB 0x00000000b3700000| Complete |  0
| 824|0x00000000b3800000, 0x00000000b3900000, 0x00000000b3900000|100%| E|CS|TAMS 0x00000000b3800000| PB 0x00000000b3800000| Complete |  0
| 825|0x00000000b3900000, 0x00000000b3a00000, 0x00000000b3a00000|100%| E|CS|TAMS 0x00000000b3900000| PB 0x00000000b3900000| Complete |  0
| 826|0x00000000b3a00000, 0x00000000b3b00000, 0x00000000b3b00000|100%| E|CS|TAMS 0x00000000b3a00000| PB 0x00000000b3a00000| Complete |  0
| 827|0x00000000b3b00000, 0x00000000b3c00000, 0x00000000b3c00000|100%| E|CS|TAMS 0x00000000b3b00000| PB 0x00000000b3b00000| Complete |  0
| 828|0x00000000b3c00000, 0x00000000b3d00000, 0x00000000b3d00000|100%| E|CS|TAMS 0x00000000b3c00000| PB 0x00000000b3c00000| Complete |  0
| 829|0x00000000b3d00000, 0x00000000b3e00000, 0x00000000b3e00000|100%| E|CS|TAMS 0x00000000b3d00000| PB 0x00000000b3d00000| Complete |  0
| 830|0x00000000b3e00000, 0x00000000b3f00000, 0x00000000b3f00000|100%| E|CS|TAMS 0x00000000b3e00000| PB 0x00000000b3e00000| Complete |  0
| 831|0x00000000b3f00000, 0x00000000b4000000, 0x00000000b4000000|100%| E|CS|TAMS 0x00000000b3f00000| PB 0x00000000b3f00000| Complete |  0
| 832|0x00000000b4000000, 0x00000000b4100000, 0x00000000b4100000|100%| E|CS|TAMS 0x00000000b4000000| PB 0x00000000b4000000| Complete |  0
| 833|0x00000000b4100000, 0x00000000b4200000, 0x00000000b4200000|100%| E|CS|TAMS 0x00000000b4100000| PB 0x00000000b4100000| Complete |  0
| 834|0x00000000b4200000, 0x00000000b4300000, 0x00000000b4300000|100%| E|CS|TAMS 0x00000000b4200000| PB 0x00000000b4200000| Complete |  0
| 835|0x00000000b4300000, 0x00000000b4400000, 0x00000000b4400000|100%| E|CS|TAMS 0x00000000b4300000| PB 0x00000000b4300000| Complete |  0
| 836|0x00000000b4400000, 0x00000000b4500000, 0x00000000b4500000|100%| E|CS|TAMS 0x00000000b4400000| PB 0x00000000b4400000| Complete |  0
| 837|0x00000000b4500000, 0x00000000b4600000, 0x00000000b4600000|100%| E|CS|TAMS 0x00000000b4500000| PB 0x00000000b4500000| Complete |  0
| 838|0x00000000b4600000, 0x00000000b4700000, 0x00000000b4700000|100%| E|CS|TAMS 0x00000000b4600000| PB 0x00000000b4600000| Complete |  0
| 839|0x00000000b4700000, 0x00000000b4800000, 0x00000000b4800000|100%| E|CS|TAMS 0x00000000b4700000| PB 0x00000000b4700000| Complete |  0
| 840|0x00000000b4800000, 0x00000000b4900000, 0x00000000b4900000|100%| E|CS|TAMS 0x00000000b4800000| PB 0x00000000b4800000| Complete |  0
| 841|0x00000000b4900000, 0x00000000b4a00000, 0x00000000b4a00000|100%| E|CS|TAMS 0x00000000b4900000| PB 0x00000000b4900000| Complete |  0
| 842|0x00000000b4a00000, 0x00000000b4b00000, 0x00000000b4b00000|100%| E|CS|TAMS 0x00000000b4a00000| PB 0x00000000b4a00000| Complete |  0
| 843|0x00000000b4b00000, 0x00000000b4c00000, 0x00000000b4c00000|100%| E|CS|TAMS 0x00000000b4b00000| PB 0x00000000b4b00000| Complete |  0
| 844|0x00000000b4c00000, 0x00000000b4d00000, 0x00000000b4d00000|100%| E|CS|TAMS 0x00000000b4c00000| PB 0x00000000b4c00000| Complete |  0
| 845|0x00000000b4d00000, 0x00000000b4e00000, 0x00000000b4e00000|100%| E|CS|TAMS 0x00000000b4d00000| PB 0x00000000b4d00000| Complete |  0
| 846|0x00000000b4e00000, 0x00000000b4f00000, 0x00000000b4f00000|100%| E|CS|TAMS 0x00000000b4e00000| PB 0x00000000b4e00000| Complete |  0
| 847|0x00000000b4f00000, 0x00000000b5000000, 0x00000000b5000000|100%| E|CS|TAMS 0x00000000b4f00000| PB 0x00000000b4f00000| Complete |  0
| 848|0x00000000b5000000, 0x00000000b5100000, 0x00000000b5100000|100%| E|CS|TAMS 0x00000000b5000000| PB 0x00000000b5000000| Complete |  0
| 849|0x00000000b5100000, 0x00000000b5200000, 0x00000000b5200000|100%| E|CS|TAMS 0x00000000b5100000| PB 0x00000000b5100000| Complete |  0
| 850|0x00000000b5200000, 0x00000000b5300000, 0x00000000b5300000|100%| E|CS|TAMS 0x00000000b5200000| PB 0x00000000b5200000| Complete |  0
| 851|0x00000000b5300000, 0x00000000b5400000, 0x00000000b5400000|100%| E|CS|TAMS 0x00000000b5300000| PB 0x00000000b5300000| Complete |  0
| 852|0x00000000b5400000, 0x00000000b5500000, 0x00000000b5500000|100%| E|CS|TAMS 0x00000000b5400000| PB 0x00000000b5400000| Complete |  0
| 853|0x00000000b5500000, 0x00000000b5600000, 0x00000000b5600000|100%| E|CS|TAMS 0x00000000b5500000| PB 0x00000000b5500000| Complete |  0
| 854|0x00000000b5600000, 0x00000000b5700000, 0x00000000b5700000|100%| E|CS|TAMS 0x00000000b5600000| PB 0x00000000b5600000| Complete |  0
| 855|0x00000000b5700000, 0x00000000b5800000, 0x00000000b5800000|100%| E|CS|TAMS 0x00000000b5700000| PB 0x00000000b5700000| Complete |  0
| 856|0x00000000b5800000, 0x00000000b5900000, 0x00000000b5900000|100%| E|CS|TAMS 0x00000000b5800000| PB 0x00000000b5800000| Complete |  0
| 857|0x00000000b5900000, 0x00000000b5a00000, 0x00000000b5a00000|100%| E|CS|TAMS 0x00000000b5900000| PB 0x00000000b5900000| Complete |  0
| 858|0x00000000b5a00000, 0x00000000b5b00000, 0x00000000b5b00000|100%| E|CS|TAMS 0x00000000b5a00000| PB 0x00000000b5a00000| Complete |  0
| 859|0x00000000b5b00000, 0x00000000b5c00000, 0x00000000b5c00000|100%| E|CS|TAMS 0x00000000b5b00000| PB 0x00000000b5b00000| Complete |  0
| 860|0x00000000b5c00000, 0x00000000b5d00000, 0x00000000b5d00000|100%| E|CS|TAMS 0x00000000b5c00000| PB 0x00000000b5c00000| Complete |  0
| 861|0x00000000b5d00000, 0x00000000b5e00000, 0x00000000b5e00000|100%| E|CS|TAMS 0x00000000b5d00000| PB 0x00000000b5d00000| Complete |  0
| 862|0x00000000b5e00000, 0x00000000b5f00000, 0x00000000b5f00000|100%| E|CS|TAMS 0x00000000b5e00000| PB 0x00000000b5e00000| Complete |  0
| 863|0x00000000b5f00000, 0x00000000b6000000, 0x00000000b6000000|100%| E|CS|TAMS 0x00000000b5f00000| PB 0x00000000b5f00000| Complete |  0
| 864|0x00000000b6000000, 0x00000000b6100000, 0x00000000b6100000|100%| E|CS|TAMS 0x00000000b6000000| PB 0x00000000b6000000| Complete |  0
| 865|0x00000000b6100000, 0x00000000b6200000, 0x00000000b6200000|100%| E|CS|TAMS 0x00000000b6100000| PB 0x00000000b6100000| Complete |  0
| 866|0x00000000b6200000, 0x00000000b6300000, 0x00000000b6300000|100%| E|CS|TAMS 0x00000000b6200000| PB 0x00000000b6200000| Complete |  0
| 867|0x00000000b6300000, 0x00000000b6400000, 0x00000000b6400000|100%| E|CS|TAMS 0x00000000b6300000| PB 0x00000000b6300000| Complete |  0
| 868|0x00000000b6400000, 0x00000000b6500000, 0x00000000b6500000|100%| E|CS|TAMS 0x00000000b6400000| PB 0x00000000b6400000| Complete |  0
| 869|0x00000000b6500000, 0x00000000b6600000, 0x00000000b6600000|100%| E|CS|TAMS 0x00000000b6500000| PB 0x00000000b6500000| Complete |  0
| 870|0x00000000b6600000, 0x00000000b6700000, 0x00000000b6700000|100%| E|CS|TAMS 0x00000000b6600000| PB 0x00000000b6600000| Complete |  0
| 871|0x00000000b6700000, 0x00000000b6800000, 0x00000000b6800000|100%| E|CS|TAMS 0x00000000b6700000| PB 0x00000000b6700000| Complete |  0
| 872|0x00000000b6800000, 0x00000000b6900000, 0x00000000b6900000|100%| E|CS|TAMS 0x00000000b6800000| PB 0x00000000b6800000| Complete |  0
| 873|0x00000000b6900000, 0x00000000b6a00000, 0x00000000b6a00000|100%| E|CS|TAMS 0x00000000b6900000| PB 0x00000000b6900000| Complete |  0
| 874|0x00000000b6a00000, 0x00000000b6b00000, 0x00000000b6b00000|100%| E|CS|TAMS 0x00000000b6a00000| PB 0x00000000b6a00000| Complete |  0
| 875|0x00000000b6b00000, 0x00000000b6c00000, 0x00000000b6c00000|100%| E|CS|TAMS 0x00000000b6b00000| PB 0x00000000b6b00000| Complete |  0
| 876|0x00000000b6c00000, 0x00000000b6d00000, 0x00000000b6d00000|100%| E|CS|TAMS 0x00000000b6c00000| PB 0x00000000b6c00000| Complete |  0
| 877|0x00000000b6d00000, 0x00000000b6e00000, 0x00000000b6e00000|100%| E|CS|TAMS 0x00000000b6d00000| PB 0x00000000b6d00000| Complete |  0
| 878|0x00000000b6e00000, 0x00000000b6f00000, 0x00000000b6f00000|100%| E|CS|TAMS 0x00000000b6e00000| PB 0x00000000b6e00000| Complete |  0
| 879|0x00000000b6f00000, 0x00000000b7000000, 0x00000000b7000000|100%| E|CS|TAMS 0x00000000b6f00000| PB 0x00000000b6f00000| Complete |  0
| 880|0x00000000b7000000, 0x00000000b7100000, 0x00000000b7100000|100%| E|CS|TAMS 0x00000000b7000000| PB 0x00000000b7000000| Complete |  0
| 881|0x00000000b7100000, 0x00000000b7200000, 0x00000000b7200000|100%| E|CS|TAMS 0x00000000b7100000| PB 0x00000000b7100000| Complete |  0
| 882|0x00000000b7200000, 0x00000000b7300000, 0x00000000b7300000|100%| E|CS|TAMS 0x00000000b7200000| PB 0x00000000b7200000| Complete |  0
| 883|0x00000000b7300000, 0x00000000b7400000, 0x00000000b7400000|100%| E|CS|TAMS 0x00000000b7300000| PB 0x00000000b7300000| Complete |  0
| 884|0x00000000b7400000, 0x00000000b7500000, 0x00000000b7500000|100%| E|CS|TAMS 0x00000000b7400000| PB 0x00000000b7400000| Complete |  0
| 885|0x00000000b7500000, 0x00000000b7600000, 0x00000000b7600000|100%| E|CS|TAMS 0x00000000b7500000| PB 0x00000000b7500000| Complete |  0
| 886|0x00000000b7600000, 0x00000000b7700000, 0x00000000b7700000|100%| E|CS|TAMS 0x00000000b7600000| PB 0x00000000b7600000| Complete |  0
| 887|0x00000000b7700000, 0x00000000b7800000, 0x00000000b7800000|100%| E|CS|TAMS 0x00000000b7700000| PB 0x00000000b7700000| Complete |  0
| 888|0x00000000b7800000, 0x00000000b7900000, 0x00000000b7900000|100%| E|CS|TAMS 0x00000000b7800000| PB 0x00000000b7800000| Complete |  0
| 889|0x00000000b7900000, 0x00000000b7a00000, 0x00000000b7a00000|100%| E|CS|TAMS 0x00000000b7900000| PB 0x00000000b7900000| Complete |  0
| 890|0x00000000b7a00000, 0x00000000b7b00000, 0x00000000b7b00000|100%| E|CS|TAMS 0x00000000b7a00000| PB 0x00000000b7a00000| Complete |  0
| 891|0x00000000b7b00000, 0x00000000b7c00000, 0x00000000b7c00000|100%| E|CS|TAMS 0x00000000b7b00000| PB 0x00000000b7b00000| Complete |  0
| 892|0x00000000b7c00000, 0x00000000b7d00000, 0x00000000b7d00000|100%| E|CS|TAMS 0x00000000b7c00000| PB 0x00000000b7c00000| Complete |  0
| 893|0x00000000b7d00000, 0x00000000b7e00000, 0x00000000b7e00000|100%| E|CS|TAMS 0x00000000b7d00000| PB 0x00000000b7d00000| Complete |  0
| 894|0x00000000b7e00000, 0x00000000b7f00000, 0x00000000b7f00000|100%| E|CS|TAMS 0x00000000b7e00000| PB 0x00000000b7e00000| Complete |  0
| 895|0x00000000b7f00000, 0x00000000b8000000, 0x00000000b8000000|100%| E|CS|TAMS 0x00000000b7f00000| PB 0x00000000b7f00000| Complete |  0
| 896|0x00000000b8000000, 0x00000000b8100000, 0x00000000b8100000|100%| E|CS|TAMS 0x00000000b8000000| PB 0x00000000b8000000| Complete |  0
| 897|0x00000000b8100000, 0x00000000b8200000, 0x00000000b8200000|100%| E|CS|TAMS 0x00000000b8100000| PB 0x00000000b8100000| Complete |  0
| 898|0x00000000b8200000, 0x00000000b8300000, 0x00000000b8300000|100%| E|CS|TAMS 0x00000000b8200000| PB 0x00000000b8200000| Complete |  0
| 899|0x00000000b8300000, 0x00000000b8400000, 0x00000000b8400000|100%| E|CS|TAMS 0x00000000b8300000| PB 0x00000000b8300000| Complete |  0
| 900|0x00000000b8400000, 0x00000000b8500000, 0x00000000b8500000|100%| E|CS|TAMS 0x00000000b8400000| PB 0x00000000b8400000| Complete |  0
| 901|0x00000000b8500000, 0x00000000b8600000, 0x00000000b8600000|100%| E|CS|TAMS 0x00000000b8500000| PB 0x00000000b8500000| Complete |  0
| 902|0x00000000b8600000, 0x00000000b8700000, 0x00000000b8700000|100%| E|CS|TAMS 0x00000000b8600000| PB 0x00000000b8600000| Complete |  0
| 903|0x00000000b8700000, 0x00000000b8800000, 0x00000000b8800000|100%| E|CS|TAMS 0x00000000b8700000| PB 0x00000000b8700000| Complete |  0
| 904|0x00000000b8800000, 0x00000000b8900000, 0x00000000b8900000|100%| E|CS|TAMS 0x00000000b8800000| PB 0x00000000b8800000| Complete |  0
| 905|0x00000000b8900000, 0x00000000b8a00000, 0x00000000b8a00000|100%| E|CS|TAMS 0x00000000b8900000| PB 0x00000000b8900000| Complete |  0
| 906|0x00000000b8a00000, 0x00000000b8b00000, 0x00000000b8b00000|100%| E|CS|TAMS 0x00000000b8a00000| PB 0x00000000b8a00000| Complete |  0
| 907|0x00000000b8b00000, 0x00000000b8c00000, 0x00000000b8c00000|100%| E|CS|TAMS 0x00000000b8b00000| PB 0x00000000b8b00000| Complete |  0
| 908|0x00000000b8c00000, 0x00000000b8d00000, 0x00000000b8d00000|100%| E|CS|TAMS 0x00000000b8c00000| PB 0x00000000b8c00000| Complete |  0
| 909|0x00000000b8d00000, 0x00000000b8e00000, 0x00000000b8e00000|100%| E|CS|TAMS 0x00000000b8d00000| PB 0x00000000b8d00000| Complete |  0
| 910|0x00000000b8e00000, 0x00000000b8f00000, 0x00000000b8f00000|100%| E|CS|TAMS 0x00000000b8e00000| PB 0x00000000b8e00000| Complete |  0
| 911|0x00000000b8f00000, 0x00000000b9000000, 0x00000000b9000000|100%| E|CS|TAMS 0x00000000b8f00000| PB 0x00000000b8f00000| Complete |  0
| 912|0x00000000b9000000, 0x00000000b9100000, 0x00000000b9100000|100%| E|CS|TAMS 0x00000000b9000000| PB 0x00000000b9000000| Complete |  0
| 913|0x00000000b9100000, 0x00000000b9200000, 0x00000000b9200000|100%| E|CS|TAMS 0x00000000b9100000| PB 0x00000000b9100000| Complete |  0
| 914|0x00000000b9200000, 0x00000000b9300000, 0x00000000b9300000|100%| E|CS|TAMS 0x00000000b9200000| PB 0x00000000b9200000| Complete |  0
| 915|0x00000000b9300000, 0x00000000b9400000, 0x00000000b9400000|100%| E|CS|TAMS 0x00000000b9300000| PB 0x00000000b9300000| Complete |  0
| 916|0x00000000b9400000, 0x00000000b9500000, 0x00000000b9500000|100%| E|CS|TAMS 0x00000000b9400000| PB 0x00000000b9400000| Complete |  0
| 917|0x00000000b9500000, 0x00000000b9600000, 0x00000000b9600000|100%| E|CS|TAMS 0x00000000b9500000| PB 0x00000000b9500000| Complete |  0
| 918|0x00000000b9600000, 0x00000000b9700000, 0x00000000b9700000|100%| E|CS|TAMS 0x00000000b9600000| PB 0x00000000b9600000| Complete |  0
| 919|0x00000000b9700000, 0x00000000b9800000, 0x00000000b9800000|100%| E|CS|TAMS 0x00000000b9700000| PB 0x00000000b9700000| Complete |  0
| 920|0x00000000b9800000, 0x00000000b9900000, 0x00000000b9900000|100%| E|CS|TAMS 0x00000000b9800000| PB 0x00000000b9800000| Complete |  0
| 921|0x00000000b9900000, 0x00000000b9a00000, 0x00000000b9a00000|100%| E|CS|TAMS 0x00000000b9900000| PB 0x00000000b9900000| Complete |  0
| 922|0x00000000b9a00000, 0x00000000b9b00000, 0x00000000b9b00000|100%| E|CS|TAMS 0x00000000b9a00000| PB 0x00000000b9a00000| Complete |  0
| 923|0x00000000b9b00000, 0x00000000b9c00000, 0x00000000b9c00000|100%| E|CS|TAMS 0x00000000b9b00000| PB 0x00000000b9b00000| Complete |  0
| 924|0x00000000b9c00000, 0x00000000b9d00000, 0x00000000b9d00000|100%| E|CS|TAMS 0x00000000b9c00000| PB 0x00000000b9c00000| Complete |  0
| 925|0x00000000b9d00000, 0x00000000b9e00000, 0x00000000b9e00000|100%| E|CS|TAMS 0x00000000b9d00000| PB 0x00000000b9d00000| Complete |  0
| 926|0x00000000b9e00000, 0x00000000b9f00000, 0x00000000b9f00000|100%| E|CS|TAMS 0x00000000b9e00000| PB 0x00000000b9e00000| Complete |  0
| 927|0x00000000b9f00000, 0x00000000ba000000, 0x00000000ba000000|100%| E|CS|TAMS 0x00000000b9f00000| PB 0x00000000b9f00000| Complete |  0
| 928|0x00000000ba000000, 0x00000000ba100000, 0x00000000ba100000|100%| E|CS|TAMS 0x00000000ba000000| PB 0x00000000ba000000| Complete |  0
| 929|0x00000000ba100000, 0x00000000ba200000, 0x00000000ba200000|100%| E|CS|TAMS 0x00000000ba100000| PB 0x00000000ba100000| Complete |  0
| 930|0x00000000ba200000, 0x00000000ba300000, 0x00000000ba300000|100%| E|CS|TAMS 0x00000000ba200000| PB 0x00000000ba200000| Complete |  0
| 931|0x00000000ba300000, 0x00000000ba400000, 0x00000000ba400000|100%| E|CS|TAMS 0x00000000ba300000| PB 0x00000000ba300000| Complete |  0
| 932|0x00000000ba400000, 0x00000000ba500000, 0x00000000ba500000|100%| E|CS|TAMS 0x00000000ba400000| PB 0x00000000ba400000| Complete |  0
| 933|0x00000000ba500000, 0x00000000ba600000, 0x00000000ba600000|100%| E|CS|TAMS 0x00000000ba500000| PB 0x00000000ba500000| Complete |  0
| 934|0x00000000ba600000, 0x00000000ba700000, 0x00000000ba700000|100%| E|CS|TAMS 0x00000000ba600000| PB 0x00000000ba600000| Complete |  0
| 935|0x00000000ba700000, 0x00000000ba800000, 0x00000000ba800000|100%| E|CS|TAMS 0x00000000ba700000| PB 0x00000000ba700000| Complete |  0
| 936|0x00000000ba800000, 0x00000000ba900000, 0x00000000ba900000|100%| E|CS|TAMS 0x00000000ba800000| PB 0x00000000ba800000| Complete |  0
| 937|0x00000000ba900000, 0x00000000baa00000, 0x00000000baa00000|100%| E|CS|TAMS 0x00000000ba900000| PB 0x00000000ba900000| Complete |  0
| 938|0x00000000baa00000, 0x00000000bab00000, 0x00000000bab00000|100%| E|CS|TAMS 0x00000000baa00000| PB 0x00000000baa00000| Complete |  0
| 939|0x00000000bab00000, 0x00000000bac00000, 0x00000000bac00000|100%| E|CS|TAMS 0x00000000bab00000| PB 0x00000000bab00000| Complete |  0
| 940|0x00000000bac00000, 0x00000000bad00000, 0x00000000bad00000|100%| E|CS|TAMS 0x00000000bac00000| PB 0x00000000bac00000| Complete |  0
| 941|0x00000000bad00000, 0x00000000bae00000, 0x00000000bae00000|100%| E|CS|TAMS 0x00000000bad00000| PB 0x00000000bad00000| Complete |  0
| 942|0x00000000bae00000, 0x00000000baf00000, 0x00000000baf00000|100%| E|CS|TAMS 0x00000000bae00000| PB 0x00000000bae00000| Complete |  0
| 943|0x00000000baf00000, 0x00000000bb000000, 0x00000000bb000000|100%| E|CS|TAMS 0x00000000baf00000| PB 0x00000000baf00000| Complete |  0
| 944|0x00000000bb000000, 0x00000000bb100000, 0x00000000bb100000|100%| E|CS|TAMS 0x00000000bb000000| PB 0x00000000bb000000| Complete |  0
| 945|0x00000000bb100000, 0x00000000bb200000, 0x00000000bb200000|100%| E|CS|TAMS 0x00000000bb100000| PB 0x00000000bb100000| Complete |  0
| 946|0x00000000bb200000, 0x00000000bb300000, 0x00000000bb300000|100%| E|CS|TAMS 0x00000000bb200000| PB 0x00000000bb200000| Complete |  0
| 947|0x00000000bb300000, 0x00000000bb400000, 0x00000000bb400000|100%| E|CS|TAMS 0x00000000bb300000| PB 0x00000000bb300000| Complete |  0
| 948|0x00000000bb400000, 0x00000000bb500000, 0x00000000bb500000|100%| E|CS|TAMS 0x00000000bb400000| PB 0x00000000bb400000| Complete |  0
| 949|0x00000000bb500000, 0x00000000bb600000, 0x00000000bb600000|100%| E|CS|TAMS 0x00000000bb500000| PB 0x00000000bb500000| Complete |  0
| 950|0x00000000bb600000, 0x00000000bb700000, 0x00000000bb700000|100%| E|CS|TAMS 0x00000000bb600000| PB 0x00000000bb600000| Complete |  0
| 951|0x00000000bb700000, 0x00000000bb800000, 0x00000000bb800000|100%| E|CS|TAMS 0x00000000bb700000| PB 0x00000000bb700000| Complete |  0
| 952|0x00000000bb800000, 0x00000000bb900000, 0x00000000bb900000|100%| E|CS|TAMS 0x00000000bb800000| PB 0x00000000bb800000| Complete |  0
| 953|0x00000000bb900000, 0x00000000bba00000, 0x00000000bba00000|100%| E|CS|TAMS 0x00000000bb900000| PB 0x00000000bb900000| Complete |  0
| 954|0x00000000bba00000, 0x00000000bbb00000, 0x00000000bbb00000|100%| E|CS|TAMS 0x00000000bba00000| PB 0x00000000bba00000| Complete |  0
| 955|0x00000000bbb00000, 0x00000000bbc00000, 0x00000000bbc00000|100%| E|CS|TAMS 0x00000000bbb00000| PB 0x00000000bbb00000| Complete |  0
| 956|0x00000000bbc00000, 0x00000000bbd00000, 0x00000000bbd00000|100%| E|CS|TAMS 0x00000000bbc00000| PB 0x00000000bbc00000| Complete |  0
| 957|0x00000000bbd00000, 0x00000000bbe00000, 0x00000000bbe00000|100%| E|CS|TAMS 0x00000000bbd00000| PB 0x00000000bbd00000| Complete |  0
| 958|0x00000000bbe00000, 0x00000000bbf00000, 0x00000000bbf00000|100%| E|CS|TAMS 0x00000000bbe00000| PB 0x00000000bbe00000| Complete |  0
| 959|0x00000000bbf00000, 0x00000000bc000000, 0x00000000bc000000|100%| E|CS|TAMS 0x00000000bbf00000| PB 0x00000000bbf00000| Complete |  0
| 960|0x00000000bc000000, 0x00000000bc100000, 0x00000000bc100000|100%| E|CS|TAMS 0x00000000bc000000| PB 0x00000000bc000000| Complete |  0
| 961|0x00000000bc100000, 0x00000000bc200000, 0x00000000bc200000|100%| E|CS|TAMS 0x00000000bc100000| PB 0x00000000bc100000| Complete |  0
| 962|0x00000000bc200000, 0x00000000bc300000, 0x00000000bc300000|100%| E|CS|TAMS 0x00000000bc200000| PB 0x00000000bc200000| Complete |  0
| 963|0x00000000bc300000, 0x00000000bc400000, 0x00000000bc400000|100%| E|CS|TAMS 0x00000000bc300000| PB 0x00000000bc300000| Complete |  0
| 964|0x00000000bc400000, 0x00000000bc500000, 0x00000000bc500000|100%| E|CS|TAMS 0x00000000bc400000| PB 0x00000000bc400000| Complete |  0
| 965|0x00000000bc500000, 0x00000000bc600000, 0x00000000bc600000|100%| E|CS|TAMS 0x00000000bc500000| PB 0x00000000bc500000| Complete |  0
| 966|0x00000000bc600000, 0x00000000bc700000, 0x00000000bc700000|100%| E|CS|TAMS 0x00000000bc600000| PB 0x00000000bc600000| Complete |  0
| 967|0x00000000bc700000, 0x00000000bc800000, 0x00000000bc800000|100%| E|CS|TAMS 0x00000000bc700000| PB 0x00000000bc700000| Complete |  0
| 968|0x00000000bc800000, 0x00000000bc900000, 0x00000000bc900000|100%| E|CS|TAMS 0x00000000bc800000| PB 0x00000000bc800000| Complete |  0
| 969|0x00000000bc900000, 0x00000000bca00000, 0x00000000bca00000|100%| E|CS|TAMS 0x00000000bc900000| PB 0x00000000bc900000| Complete |  0
| 970|0x00000000bca00000, 0x00000000bcb00000, 0x00000000bcb00000|100%| E|CS|TAMS 0x00000000bca00000| PB 0x00000000bca00000| Complete |  0
| 971|0x00000000bcb00000, 0x00000000bcc00000, 0x00000000bcc00000|100%| E|CS|TAMS 0x00000000bcb00000| PB 0x00000000bcb00000| Complete |  0
| 972|0x00000000bcc00000, 0x00000000bcd00000, 0x00000000bcd00000|100%| E|CS|TAMS 0x00000000bcc00000| PB 0x00000000bcc00000| Complete |  0
| 973|0x00000000bcd00000, 0x00000000bce00000, 0x00000000bce00000|100%| E|CS|TAMS 0x00000000bcd00000| PB 0x00000000bcd00000| Complete |  0
| 974|0x00000000bce00000, 0x00000000bcf00000, 0x00000000bcf00000|100%| E|CS|TAMS 0x00000000bce00000| PB 0x00000000bce00000| Complete |  0
| 975|0x00000000bcf00000, 0x00000000bd000000, 0x00000000bd000000|100%| E|CS|TAMS 0x00000000bcf00000| PB 0x00000000bcf00000| Complete |  0
| 976|0x00000000bd000000, 0x00000000bd100000, 0x00000000bd100000|100%| E|CS|TAMS 0x00000000bd000000| PB 0x00000000bd000000| Complete |  0
| 977|0x00000000bd100000, 0x00000000bd200000, 0x00000000bd200000|100%| E|CS|TAMS 0x00000000bd100000| PB 0x00000000bd100000| Complete |  0
| 978|0x00000000bd200000, 0x00000000bd300000, 0x00000000bd300000|100%| E|CS|TAMS 0x00000000bd200000| PB 0x00000000bd200000| Complete |  0
| 979|0x00000000bd300000, 0x00000000bd400000, 0x00000000bd400000|100%| E|CS|TAMS 0x00000000bd300000| PB 0x00000000bd300000| Complete |  0
| 980|0x00000000bd400000, 0x00000000bd500000, 0x00000000bd500000|100%| E|CS|TAMS 0x00000000bd400000| PB 0x00000000bd400000| Complete |  0
| 981|0x00000000bd500000, 0x00000000bd600000, 0x00000000bd600000|100%| E|CS|TAMS 0x00000000bd500000| PB 0x00000000bd500000| Complete |  0
| 982|0x00000000bd600000, 0x00000000bd700000, 0x00000000bd700000|100%| E|CS|TAMS 0x00000000bd600000| PB 0x00000000bd600000| Complete |  0
| 983|0x00000000bd700000, 0x00000000bd800000, 0x00000000bd800000|100%| E|CS|TAMS 0x00000000bd700000| PB 0x00000000bd700000| Complete |  0
| 984|0x00000000bd800000, 0x00000000bd900000, 0x00000000bd900000|100%| E|CS|TAMS 0x00000000bd800000| PB 0x00000000bd800000| Complete |  0
| 985|0x00000000bd900000, 0x00000000bda00000, 0x00000000bda00000|100%| E|CS|TAMS 0x00000000bd900000| PB 0x00000000bd900000| Complete |  0
| 986|0x00000000bda00000, 0x00000000bdb00000, 0x00000000bdb00000|100%| E|CS|TAMS 0x00000000bda00000| PB 0x00000000bda00000| Complete |  0
| 987|0x00000000bdb00000, 0x00000000bdc00000, 0x00000000bdc00000|100%| E|CS|TAMS 0x00000000bdb00000| PB 0x00000000bdb00000| Complete |  0
| 988|0x00000000bdc00000, 0x00000000bdd00000, 0x00000000bdd00000|100%| E|CS|TAMS 0x00000000bdc00000| PB 0x00000000bdc00000| Complete |  0
| 989|0x00000000bdd00000, 0x00000000bde00000, 0x00000000bde00000|100%| E|CS|TAMS 0x00000000bdd00000| PB 0x00000000bdd00000| Complete |  0
| 990|0x00000000bde00000, 0x00000000bdf00000, 0x00000000bdf00000|100%| E|CS|TAMS 0x00000000bde00000| PB 0x00000000bde00000| Complete |  0
| 991|0x00000000bdf00000, 0x00000000be000000, 0x00000000be000000|100%| E|CS|TAMS 0x00000000bdf00000| PB 0x00000000bdf00000| Complete |  0
| 992|0x00000000be000000, 0x00000000be100000, 0x00000000be100000|100%| E|CS|TAMS 0x00000000be000000| PB 0x00000000be000000| Complete |  0
| 993|0x00000000be100000, 0x00000000be200000, 0x00000000be200000|100%| E|CS|TAMS 0x00000000be100000| PB 0x00000000be100000| Complete |  0
| 994|0x00000000be200000, 0x00000000be300000, 0x00000000be300000|100%| E|CS|TAMS 0x00000000be200000| PB 0x00000000be200000| Complete |  0
| 995|0x00000000be300000, 0x00000000be400000, 0x00000000be400000|100%| E|CS|TAMS 0x00000000be300000| PB 0x00000000be300000| Complete |  0
| 996|0x00000000be400000, 0x00000000be500000, 0x00000000be500000|100%| E|CS|TAMS 0x00000000be400000| PB 0x00000000be400000| Complete |  0
| 997|0x00000000be500000, 0x00000000be600000, 0x00000000be600000|100%| E|CS|TAMS 0x00000000be500000| PB 0x00000000be500000| Complete |  0
| 998|0x00000000be600000, 0x00000000be700000, 0x00000000be700000|100%| E|CS|TAMS 0x00000000be600000| PB 0x00000000be600000| Complete |  0
| 999|0x00000000be700000, 0x00000000be800000, 0x00000000be800000|100%| E|CS|TAMS 0x00000000be700000| PB 0x00000000be700000| Complete |  0
|1000|0x00000000be800000, 0x00000000be900000, 0x00000000be900000|100%| E|CS|TAMS 0x00000000be800000| PB 0x00000000be800000| Complete |  0
|1001|0x00000000be900000, 0x00000000bea00000, 0x00000000bea00000|100%| E|CS|TAMS 0x00000000be900000| PB 0x00000000be900000| Complete |  0
|1002|0x00000000bea00000, 0x00000000beb00000, 0x00000000beb00000|100%| E|CS|TAMS 0x00000000bea00000| PB 0x00000000bea00000| Complete |  0
|1003|0x00000000beb00000, 0x00000000bec00000, 0x00000000bec00000|100%| E|CS|TAMS 0x00000000beb00000| PB 0x00000000beb00000| Complete |  0
|1004|0x00000000bec00000, 0x00000000bed00000, 0x00000000bed00000|100%| E|CS|TAMS 0x00000000bec00000| PB 0x00000000bec00000| Complete |  0
|1005|0x00000000bed00000, 0x00000000bee00000, 0x00000000bee00000|100%| E|CS|TAMS 0x00000000bed00000| PB 0x00000000bed00000| Complete |  0
|1006|0x00000000bee00000, 0x00000000bef00000, 0x00000000bef00000|100%| E|CS|TAMS 0x00000000bee00000| PB 0x00000000bee00000| Complete |  0
|1007|0x00000000bef00000, 0x00000000bf000000, 0x00000000bf000000|100%| E|CS|TAMS 0x00000000bef00000| PB 0x00000000bef00000| Complete |  0
|1008|0x00000000bf000000, 0x00000000bf100000, 0x00000000bf100000|100%| E|CS|TAMS 0x00000000bf000000| PB 0x00000000bf000000| Complete |  0
|1009|0x00000000bf100000, 0x00000000bf200000, 0x00000000bf200000|100%| E|CS|TAMS 0x00000000bf100000| PB 0x00000000bf100000| Complete |  0
|1010|0x00000000bf200000, 0x00000000bf300000, 0x00000000bf300000|100%| E|CS|TAMS 0x00000000bf200000| PB 0x00000000bf200000| Complete |  0
|1011|0x00000000bf300000, 0x00000000bf400000, 0x00000000bf400000|100%| E|CS|TAMS 0x00000000bf300000| PB 0x00000000bf300000| Complete |  0
|1012|0x00000000bf400000, 0x00000000bf500000, 0x00000000bf500000|100%| E|CS|TAMS 0x00000000bf400000| PB 0x00000000bf400000| Complete |  0
|1013|0x00000000bf500000, 0x00000000bf600000, 0x00000000bf600000|100%| E|CS|TAMS 0x00000000bf500000| PB 0x00000000bf500000| Complete |  0
|1014|0x00000000bf600000, 0x00000000bf700000, 0x00000000bf700000|100%| E|CS|TAMS 0x00000000bf600000| PB 0x00000000bf600000| Complete |  0
|1015|0x00000000bf700000, 0x00000000bf800000, 0x00000000bf800000|100%| E|CS|TAMS 0x00000000bf700000| PB 0x00000000bf700000| Complete |  0
|1016|0x00000000bf800000, 0x00000000bf900000, 0x00000000bf900000|100%| E|CS|TAMS 0x00000000bf800000| PB 0x00000000bf800000| Complete |  0
|1017|0x00000000bf900000, 0x00000000bfa00000, 0x00000000bfa00000|100%| E|CS|TAMS 0x00000000bf900000| PB 0x00000000bf900000| Complete |  0
|1018|0x00000000bfa00000, 0x00000000bfb00000, 0x00000000bfb00000|100%| E|CS|TAMS 0x00000000bfa00000| PB 0x00000000bfa00000| Complete |  0
|1019|0x00000000bfb00000, 0x00000000bfc00000, 0x00000000bfc00000|100%| E|CS|TAMS 0x00000000bfb00000| PB 0x00000000bfb00000| Complete |  0
|1020|0x00000000bfc00000, 0x00000000bfd00000, 0x00000000bfd00000|100%| E|CS|TAMS 0x00000000bfc00000| PB 0x00000000bfc00000| Complete |  0
|1021|0x00000000bfd00000, 0x00000000bfe00000, 0x00000000bfe00000|100%| E|CS|TAMS 0x00000000bfd00000| PB 0x00000000bfd00000| Complete |  0
|1022|0x00000000bfe00000, 0x00000000bff00000, 0x00000000bff00000|100%| E|CS|TAMS 0x00000000bfe00000| PB 0x00000000bfe00000| Complete |  0
|1023|0x00000000bff00000, 0x00000000c0000000, 0x00000000c0000000|100%| E|CS|TAMS 0x00000000bff00000| PB 0x00000000bff00000| Complete |  0
|1024|0x00000000c0000000, 0x00000000c0100000, 0x00000000c0100000|100%| E|CS|TAMS 0x00000000c0000000| PB 0x00000000c0000000| Complete |  0
|1025|0x00000000c0100000, 0x00000000c0200000, 0x00000000c0200000|100%| E|CS|TAMS 0x00000000c0100000| PB 0x00000000c0100000| Complete |  0
|1026|0x00000000c0200000, 0x00000000c0300000, 0x00000000c0300000|100%| E|CS|TAMS 0x00000000c0200000| PB 0x00000000c0200000| Complete |  0
|1027|0x00000000c0300000, 0x00000000c0400000, 0x00000000c0400000|100%| E|CS|TAMS 0x00000000c0300000| PB 0x00000000c0300000| Complete |  0
|1028|0x00000000c0400000, 0x00000000c0500000, 0x00000000c0500000|100%| E|CS|TAMS 0x00000000c0400000| PB 0x00000000c0400000| Complete |  0
|1029|0x00000000c0500000, 0x00000000c0600000, 0x00000000c0600000|100%| E|CS|TAMS 0x00000000c0500000| PB 0x00000000c0500000| Complete |  0
|1030|0x00000000c0600000, 0x00000000c0700000, 0x00000000c0700000|100%| E|CS|TAMS 0x00000000c0600000| PB 0x00000000c0600000| Complete |  0
|1031|0x00000000c0700000, 0x00000000c0800000, 0x00000000c0800000|100%| E|CS|TAMS 0x00000000c0700000| PB 0x00000000c0700000| Complete |  0
|1032|0x00000000c0800000, 0x00000000c0900000, 0x00000000c0900000|100%| E|CS|TAMS 0x00000000c0800000| PB 0x00000000c0800000| Complete |  0
|1033|0x00000000c0900000, 0x00000000c0a00000, 0x00000000c0a00000|100%| E|CS|TAMS 0x00000000c0900000| PB 0x00000000c0900000| Complete |  0
|1034|0x00000000c0a00000, 0x00000000c0b00000, 0x00000000c0b00000|100%| E|CS|TAMS 0x00000000c0a00000| PB 0x00000000c0a00000| Complete |  0
|1035|0x00000000c0b00000, 0x00000000c0c00000, 0x00000000c0c00000|100%| E|CS|TAMS 0x00000000c0b00000| PB 0x00000000c0b00000| Complete |  0
|1036|0x00000000c0c00000, 0x00000000c0d00000, 0x00000000c0d00000|100%| E|CS|TAMS 0x00000000c0c00000| PB 0x00000000c0c00000| Complete |  0
|1037|0x00000000c0d00000, 0x00000000c0e00000, 0x00000000c0e00000|100%| E|CS|TAMS 0x00000000c0d00000| PB 0x00000000c0d00000| Complete |  0
|1038|0x00000000c0e00000, 0x00000000c0f00000, 0x00000000c0f00000|100%| E|CS|TAMS 0x00000000c0e00000| PB 0x00000000c0e00000| Complete |  0
|1039|0x00000000c0f00000, 0x00000000c1000000, 0x00000000c1000000|100%| E|CS|TAMS 0x00000000c0f00000| PB 0x00000000c0f00000| Complete |  0
|1040|0x00000000c1000000, 0x00000000c1100000, 0x00000000c1100000|100%| E|CS|TAMS 0x00000000c1000000| PB 0x00000000c1000000| Complete |  0
|1041|0x00000000c1100000, 0x00000000c1200000, 0x00000000c1200000|100%| E|CS|TAMS 0x00000000c1100000| PB 0x00000000c1100000| Complete |  0
|1042|0x00000000c1200000, 0x00000000c1300000, 0x00000000c1300000|100%| E|CS|TAMS 0x00000000c1200000| PB 0x00000000c1200000| Complete |  0
|1043|0x00000000c1300000, 0x00000000c1400000, 0x00000000c1400000|100%| E|CS|TAMS 0x00000000c1300000| PB 0x00000000c1300000| Complete |  0
|1044|0x00000000c1400000, 0x00000000c1500000, 0x00000000c1500000|100%| E|CS|TAMS 0x00000000c1400000| PB 0x00000000c1400000| Complete |  0
|1045|0x00000000c1500000, 0x00000000c1600000, 0x00000000c1600000|100%| E|CS|TAMS 0x00000000c1500000| PB 0x00000000c1500000| Complete |  0
|1046|0x00000000c1600000, 0x00000000c1700000, 0x00000000c1700000|100%| E|CS|TAMS 0x00000000c1600000| PB 0x00000000c1600000| Complete |  0
|1047|0x00000000c1700000, 0x00000000c1800000, 0x00000000c1800000|100%| E|CS|TAMS 0x00000000c1700000| PB 0x00000000c1700000| Complete |  0
|1048|0x00000000c1800000, 0x00000000c1900000, 0x00000000c1900000|100%| E|CS|TAMS 0x00000000c1800000| PB 0x00000000c1800000| Complete |  0
|1049|0x00000000c1900000, 0x00000000c1a00000, 0x00000000c1a00000|100%| E|CS|TAMS 0x00000000c1900000| PB 0x00000000c1900000| Complete |  0
|1050|0x00000000c1a00000, 0x00000000c1b00000, 0x00000000c1b00000|100%| E|CS|TAMS 0x00000000c1a00000| PB 0x00000000c1a00000| Complete |  0
|1051|0x00000000c1b00000, 0x00000000c1c00000, 0x00000000c1c00000|100%| E|CS|TAMS 0x00000000c1b00000| PB 0x00000000c1b00000| Complete |  0
|1052|0x00000000c1c00000, 0x00000000c1d00000, 0x00000000c1d00000|100%| E|CS|TAMS 0x00000000c1c00000| PB 0x00000000c1c00000| Complete |  0
|1053|0x00000000c1d00000, 0x00000000c1e00000, 0x00000000c1e00000|100%| E|CS|TAMS 0x00000000c1d00000| PB 0x00000000c1d00000| Complete |  0
|1054|0x00000000c1e00000, 0x00000000c1f00000, 0x00000000c1f00000|100%| E|CS|TAMS 0x00000000c1e00000| PB 0x00000000c1e00000| Complete |  0
|1055|0x00000000c1f00000, 0x00000000c2000000, 0x00000000c2000000|100%| E|CS|TAMS 0x00000000c1f00000| PB 0x00000000c1f00000| Complete |  0
|1056|0x00000000c2000000, 0x00000000c2100000, 0x00000000c2100000|100%| E|CS|TAMS 0x00000000c2000000| PB 0x00000000c2000000| Complete |  0
|1057|0x00000000c2100000, 0x00000000c2200000, 0x00000000c2200000|100%| E|CS|TAMS 0x00000000c2100000| PB 0x00000000c2100000| Complete |  0
|1058|0x00000000c2200000, 0x00000000c2300000, 0x00000000c2300000|100%| E|CS|TAMS 0x00000000c2200000| PB 0x00000000c2200000| Complete |  0
|1059|0x00000000c2300000, 0x00000000c2400000, 0x00000000c2400000|100%| E|CS|TAMS 0x00000000c2300000| PB 0x00000000c2300000| Complete |  0
|1060|0x00000000c2400000, 0x00000000c2500000, 0x00000000c2500000|100%| E|CS|TAMS 0x00000000c2400000| PB 0x00000000c2400000| Complete |  0
|1061|0x00000000c2500000, 0x00000000c2600000, 0x00000000c2600000|100%| E|CS|TAMS 0x00000000c2500000| PB 0x00000000c2500000| Complete |  0
|1062|0x00000000c2600000, 0x00000000c2700000, 0x00000000c2700000|100%| E|CS|TAMS 0x00000000c2600000| PB 0x00000000c2600000| Complete |  0
|1063|0x00000000c2700000, 0x00000000c2800000, 0x00000000c2800000|100%| E|CS|TAMS 0x00000000c2700000| PB 0x00000000c2700000| Complete |  0
|1064|0x00000000c2800000, 0x00000000c2900000, 0x00000000c2900000|100%| E|CS|TAMS 0x00000000c2800000| PB 0x00000000c2800000| Complete |  0
|1065|0x00000000c2900000, 0x00000000c2a00000, 0x00000000c2a00000|100%| E|CS|TAMS 0x00000000c2900000| PB 0x00000000c2900000| Complete |  0
|1066|0x00000000c2a00000, 0x00000000c2b00000, 0x00000000c2b00000|100%| E|CS|TAMS 0x00000000c2a00000| PB 0x00000000c2a00000| Complete |  0
|1067|0x00000000c2b00000, 0x00000000c2c00000, 0x00000000c2c00000|100%| E|CS|TAMS 0x00000000c2b00000| PB 0x00000000c2b00000| Complete |  0
|1068|0x00000000c2c00000, 0x00000000c2d00000, 0x00000000c2d00000|100%| E|CS|TAMS 0x00000000c2c00000| PB 0x00000000c2c00000| Complete |  0
|1069|0x00000000c2d00000, 0x00000000c2e00000, 0x00000000c2e00000|100%| E|CS|TAMS 0x00000000c2d00000| PB 0x00000000c2d00000| Complete |  0
|1070|0x00000000c2e00000, 0x00000000c2f00000, 0x00000000c2f00000|100%| E|CS|TAMS 0x00000000c2e00000| PB 0x00000000c2e00000| Complete |  0
|1071|0x00000000c2f00000, 0x00000000c3000000, 0x00000000c3000000|100%| E|CS|TAMS 0x00000000c2f00000| PB 0x00000000c2f00000| Complete |  0
|1072|0x00000000c3000000, 0x00000000c3100000, 0x00000000c3100000|100%| E|CS|TAMS 0x00000000c3000000| PB 0x00000000c3000000| Complete |  0
|1073|0x00000000c3100000, 0x00000000c3200000, 0x00000000c3200000|100%| E|CS|TAMS 0x00000000c3100000| PB 0x00000000c3100000| Complete |  0
|1074|0x00000000c3200000, 0x00000000c3300000, 0x00000000c3300000|100%| E|CS|TAMS 0x00000000c3200000| PB 0x00000000c3200000| Complete |  0
|1075|0x00000000c3300000, 0x00000000c3400000, 0x00000000c3400000|100%| E|CS|TAMS 0x00000000c3300000| PB 0x00000000c3300000| Complete |  0
|1076|0x00000000c3400000, 0x00000000c3500000, 0x00000000c3500000|100%| E|CS|TAMS 0x00000000c3400000| PB 0x00000000c3400000| Complete |  0
|1077|0x00000000c3500000, 0x00000000c3600000, 0x00000000c3600000|100%| E|CS|TAMS 0x00000000c3500000| PB 0x00000000c3500000| Complete |  0
|1078|0x00000000c3600000, 0x00000000c3700000, 0x00000000c3700000|100%| E|CS|TAMS 0x00000000c3600000| PB 0x00000000c3600000| Complete |  0
|1079|0x00000000c3700000, 0x00000000c3800000, 0x00000000c3800000|100%| E|CS|TAMS 0x00000000c3700000| PB 0x00000000c3700000| Complete |  0
|1080|0x00000000c3800000, 0x00000000c3900000, 0x00000000c3900000|100%| E|CS|TAMS 0x00000000c3800000| PB 0x00000000c3800000| Complete |  0
|1081|0x00000000c3900000, 0x00000000c3a00000, 0x00000000c3a00000|100%| E|CS|TAMS 0x00000000c3900000| PB 0x00000000c3900000| Complete |  0
|1082|0x00000000c3a00000, 0x00000000c3b00000, 0x00000000c3b00000|100%| E|CS|TAMS 0x00000000c3a00000| PB 0x00000000c3a00000| Complete |  0
|1083|0x00000000c3b00000, 0x00000000c3c00000, 0x00000000c3c00000|100%| E|CS|TAMS 0x00000000c3b00000| PB 0x00000000c3b00000| Complete |  0
|1084|0x00000000c3c00000, 0x00000000c3d00000, 0x00000000c3d00000|100%| E|CS|TAMS 0x00000000c3c00000| PB 0x00000000c3c00000| Complete |  0
|1085|0x00000000c3d00000, 0x00000000c3e00000, 0x00000000c3e00000|100%| E|CS|TAMS 0x00000000c3d00000| PB 0x00000000c3d00000| Complete |  0
|1086|0x00000000c3e00000, 0x00000000c3f00000, 0x00000000c3f00000|100%| E|CS|TAMS 0x00000000c3e00000| PB 0x00000000c3e00000| Complete |  0
|1087|0x00000000c3f00000, 0x00000000c4000000, 0x00000000c4000000|100%| E|CS|TAMS 0x00000000c3f00000| PB 0x00000000c3f00000| Complete |  0
|1088|0x00000000c4000000, 0x00000000c4100000, 0x00000000c4100000|100%| E|CS|TAMS 0x00000000c4000000| PB 0x00000000c4000000| Complete |  0
|1089|0x00000000c4100000, 0x00000000c4200000, 0x00000000c4200000|100%| E|CS|TAMS 0x00000000c4100000| PB 0x00000000c4100000| Complete |  0
|1090|0x00000000c4200000, 0x00000000c4300000, 0x00000000c4300000|100%| E|CS|TAMS 0x00000000c4200000| PB 0x00000000c4200000| Complete |  0
|1091|0x00000000c4300000, 0x00000000c4400000, 0x00000000c4400000|100%| E|CS|TAMS 0x00000000c4300000| PB 0x00000000c4300000| Complete |  0
|1092|0x00000000c4400000, 0x00000000c4500000, 0x00000000c4500000|100%| E|CS|TAMS 0x00000000c4400000| PB 0x00000000c4400000| Complete |  0
|1093|0x00000000c4500000, 0x00000000c4600000, 0x00000000c4600000|100%| E|CS|TAMS 0x00000000c4500000| PB 0x00000000c4500000| Complete |  0
|1094|0x00000000c4600000, 0x00000000c4700000, 0x00000000c4700000|100%| E|CS|TAMS 0x00000000c4600000| PB 0x00000000c4600000| Complete |  0
|1095|0x00000000c4700000, 0x00000000c4800000, 0x00000000c4800000|100%| E|CS|TAMS 0x00000000c4700000| PB 0x00000000c4700000| Complete |  0
|1096|0x00000000c4800000, 0x00000000c4900000, 0x00000000c4900000|100%| E|CS|TAMS 0x00000000c4800000| PB 0x00000000c4800000| Complete |  0
|1097|0x00000000c4900000, 0x00000000c4a00000, 0x00000000c4a00000|100%| E|CS|TAMS 0x00000000c4900000| PB 0x00000000c4900000| Complete |  0
|1098|0x00000000c4a00000, 0x00000000c4b00000, 0x00000000c4b00000|100%| E|CS|TAMS 0x00000000c4a00000| PB 0x00000000c4a00000| Complete |  0
|1099|0x00000000c4b00000, 0x00000000c4c00000, 0x00000000c4c00000|100%| E|CS|TAMS 0x00000000c4b00000| PB 0x00000000c4b00000| Complete |  0
|1100|0x00000000c4c00000, 0x00000000c4d00000, 0x00000000c4d00000|100%| E|CS|TAMS 0x00000000c4c00000| PB 0x00000000c4c00000| Complete |  0
|1101|0x00000000c4d00000, 0x00000000c4e00000, 0x00000000c4e00000|100%| E|CS|TAMS 0x00000000c4d00000| PB 0x00000000c4d00000| Complete |  0
|1102|0x00000000c4e00000, 0x00000000c4f00000, 0x00000000c4f00000|100%| E|CS|TAMS 0x00000000c4e00000| PB 0x00000000c4e00000| Complete |  0
|1103|0x00000000c4f00000, 0x00000000c5000000, 0x00000000c5000000|100%| E|CS|TAMS 0x00000000c4f00000| PB 0x00000000c4f00000| Complete |  0
|1104|0x00000000c5000000, 0x00000000c5100000, 0x00000000c5100000|100%| E|CS|TAMS 0x00000000c5000000| PB 0x00000000c5000000| Complete |  0
|1105|0x00000000c5100000, 0x00000000c5200000, 0x00000000c5200000|100%| E|CS|TAMS 0x00000000c5100000| PB 0x00000000c5100000| Complete |  0
|1106|0x00000000c5200000, 0x00000000c5300000, 0x00000000c5300000|100%| E|CS|TAMS 0x00000000c5200000| PB 0x00000000c5200000| Complete |  0
|1107|0x00000000c5300000, 0x00000000c5400000, 0x00000000c5400000|100%| E|CS|TAMS 0x00000000c5300000| PB 0x00000000c5300000| Complete |  0
|1108|0x00000000c5400000, 0x00000000c5500000, 0x00000000c5500000|100%| E|CS|TAMS 0x00000000c5400000| PB 0x00000000c5400000| Complete |  0
|1109|0x00000000c5500000, 0x00000000c5600000, 0x00000000c5600000|100%| E|CS|TAMS 0x00000000c5500000| PB 0x00000000c5500000| Complete |  0
|1110|0x00000000c5600000, 0x00000000c5700000, 0x00000000c5700000|100%| E|CS|TAMS 0x00000000c5600000| PB 0x00000000c5600000| Complete |  0
|1111|0x00000000c5700000, 0x00000000c5800000, 0x00000000c5800000|100%| E|CS|TAMS 0x00000000c5700000| PB 0x00000000c5700000| Complete |  0
|1112|0x00000000c5800000, 0x00000000c5900000, 0x00000000c5900000|100%| E|CS|TAMS 0x00000000c5800000| PB 0x00000000c5800000| Complete |  0
|1113|0x00000000c5900000, 0x00000000c5a00000, 0x00000000c5a00000|100%| E|CS|TAMS 0x00000000c5900000| PB 0x00000000c5900000| Complete |  0
|1114|0x00000000c5a00000, 0x00000000c5b00000, 0x00000000c5b00000|100%| E|CS|TAMS 0x00000000c5a00000| PB 0x00000000c5a00000| Complete |  0
|1115|0x00000000c5b00000, 0x00000000c5c00000, 0x00000000c5c00000|100%| E|CS|TAMS 0x00000000c5b00000| PB 0x00000000c5b00000| Complete |  0
|1116|0x00000000c5c00000, 0x00000000c5d00000, 0x00000000c5d00000|100%| E|CS|TAMS 0x00000000c5c00000| PB 0x00000000c5c00000| Complete |  0
|1117|0x00000000c5d00000, 0x00000000c5e00000, 0x00000000c5e00000|100%| E|CS|TAMS 0x00000000c5d00000| PB 0x00000000c5d00000| Complete |  0
|1118|0x00000000c5e00000, 0x00000000c5f00000, 0x00000000c5f00000|100%| E|CS|TAMS 0x00000000c5e00000| PB 0x00000000c5e00000| Complete |  0
|1119|0x00000000c5f00000, 0x00000000c6000000, 0x00000000c6000000|100%| E|CS|TAMS 0x00000000c5f00000| PB 0x00000000c5f00000| Complete |  0
|1120|0x00000000c6000000, 0x00000000c6100000, 0x00000000c6100000|100%| E|CS|TAMS 0x00000000c6000000| PB 0x00000000c6000000| Complete |  0
|1121|0x00000000c6100000, 0x00000000c6200000, 0x00000000c6200000|100%| E|CS|TAMS 0x00000000c6100000| PB 0x00000000c6100000| Complete |  0
|1122|0x00000000c6200000, 0x00000000c6300000, 0x00000000c6300000|100%| E|CS|TAMS 0x00000000c6200000| PB 0x00000000c6200000| Complete |  0
|1123|0x00000000c6300000, 0x00000000c6400000, 0x00000000c6400000|100%| E|CS|TAMS 0x00000000c6300000| PB 0x00000000c6300000| Complete |  0
|1124|0x00000000c6400000, 0x00000000c6500000, 0x00000000c6500000|100%| E|CS|TAMS 0x00000000c6400000| PB 0x00000000c6400000| Complete |  0
|1125|0x00000000c6500000, 0x00000000c6600000, 0x00000000c6600000|100%| E|CS|TAMS 0x00000000c6500000| PB 0x00000000c6500000| Complete |  0
|1126|0x00000000c6600000, 0x00000000c6700000, 0x00000000c6700000|100%| E|CS|TAMS 0x00000000c6600000| PB 0x00000000c6600000| Complete |  0
|1127|0x00000000c6700000, 0x00000000c6800000, 0x00000000c6800000|100%| E|CS|TAMS 0x00000000c6700000| PB 0x00000000c6700000| Complete |  0
|1128|0x00000000c6800000, 0x00000000c6900000, 0x00000000c6900000|100%| E|CS|TAMS 0x00000000c6800000| PB 0x00000000c6800000| Complete |  0
|1129|0x00000000c6900000, 0x00000000c6a00000, 0x00000000c6a00000|100%| E|CS|TAMS 0x00000000c6900000| PB 0x00000000c6900000| Complete |  0
|1130|0x00000000c6a00000, 0x00000000c6b00000, 0x00000000c6b00000|100%| E|CS|TAMS 0x00000000c6a00000| PB 0x00000000c6a00000| Complete |  0
|1131|0x00000000c6b00000, 0x00000000c6c00000, 0x00000000c6c00000|100%| E|CS|TAMS 0x00000000c6b00000| PB 0x00000000c6b00000| Complete |  0
|1132|0x00000000c6c00000, 0x00000000c6d00000, 0x00000000c6d00000|100%| E|CS|TAMS 0x00000000c6c00000| PB 0x00000000c6c00000| Complete |  0
|1133|0x00000000c6d00000, 0x00000000c6e00000, 0x00000000c6e00000|100%| E|CS|TAMS 0x00000000c6d00000| PB 0x00000000c6d00000| Complete |  0
|1134|0x00000000c6e00000, 0x00000000c6f00000, 0x00000000c6f00000|100%| E|CS|TAMS 0x00000000c6e00000| PB 0x00000000c6e00000| Complete |  0
|1135|0x00000000c6f00000, 0x00000000c7000000, 0x00000000c7000000|100%| E|CS|TAMS 0x00000000c6f00000| PB 0x00000000c6f00000| Complete |  0
|1136|0x00000000c7000000, 0x00000000c7100000, 0x00000000c7100000|100%| E|CS|TAMS 0x00000000c7000000| PB 0x00000000c7000000| Complete |  0
|1137|0x00000000c7100000, 0x00000000c7200000, 0x00000000c7200000|100%| E|CS|TAMS 0x00000000c7100000| PB 0x00000000c7100000| Complete |  0
|1138|0x00000000c7200000, 0x00000000c7300000, 0x00000000c7300000|100%| E|CS|TAMS 0x00000000c7200000| PB 0x00000000c7200000| Complete |  0
|1139|0x00000000c7300000, 0x00000000c7400000, 0x00000000c7400000|100%| E|CS|TAMS 0x00000000c7300000| PB 0x00000000c7300000| Complete |  0
|1140|0x00000000c7400000, 0x00000000c7500000, 0x00000000c7500000|100%| E|CS|TAMS 0x00000000c7400000| PB 0x00000000c7400000| Complete |  0
|1141|0x00000000c7500000, 0x00000000c7600000, 0x00000000c7600000|100%| E|CS|TAMS 0x00000000c7500000| PB 0x00000000c7500000| Complete |  0
|1142|0x00000000c7600000, 0x00000000c7700000, 0x00000000c7700000|100%| E|CS|TAMS 0x00000000c7600000| PB 0x00000000c7600000| Complete |  0
|1143|0x00000000c7700000, 0x00000000c7800000, 0x00000000c7800000|100%| E|CS|TAMS 0x00000000c7700000| PB 0x00000000c7700000| Complete |  0
|1144|0x00000000c7800000, 0x00000000c7900000, 0x00000000c7900000|100%| E|CS|TAMS 0x00000000c7800000| PB 0x00000000c7800000| Complete |  0
|1145|0x00000000c7900000, 0x00000000c7a00000, 0x00000000c7a00000|100%| E|CS|TAMS 0x00000000c7900000| PB 0x00000000c7900000| Complete |  0
|1146|0x00000000c7a00000, 0x00000000c7b00000, 0x00000000c7b00000|100%| E|CS|TAMS 0x00000000c7a00000| PB 0x00000000c7a00000| Complete |  0
|1147|0x00000000c7b00000, 0x00000000c7c00000, 0x00000000c7c00000|100%| E|CS|TAMS 0x00000000c7b00000| PB 0x00000000c7b00000| Complete |  0
|1148|0x00000000c7c00000, 0x00000000c7d00000, 0x00000000c7d00000|100%| E|CS|TAMS 0x00000000c7c00000| PB 0x00000000c7c00000| Complete |  0
|1149|0x00000000c7d00000, 0x00000000c7e00000, 0x00000000c7e00000|100%| E|CS|TAMS 0x00000000c7d00000| PB 0x00000000c7d00000| Complete |  0
|1150|0x00000000c7e00000, 0x00000000c7f00000, 0x00000000c7f00000|100%| E|CS|TAMS 0x00000000c7e00000| PB 0x00000000c7e00000| Complete |  0
|1151|0x00000000c7f00000, 0x00000000c8000000, 0x00000000c8000000|100%| E|CS|TAMS 0x00000000c7f00000| PB 0x00000000c7f00000| Complete |  0
|1152|0x00000000c8000000, 0x00000000c8100000, 0x00000000c8100000|100%| E|CS|TAMS 0x00000000c8000000| PB 0x00000000c8000000| Complete |  0
|1153|0x00000000c8100000, 0x00000000c8200000, 0x00000000c8200000|100%| E|CS|TAMS 0x00000000c8100000| PB 0x00000000c8100000| Complete |  0
|1154|0x00000000c8200000, 0x00000000c8300000, 0x00000000c8300000|100%| E|CS|TAMS 0x00000000c8200000| PB 0x00000000c8200000| Complete |  0
|1155|0x00000000c8300000, 0x00000000c8400000, 0x00000000c8400000|100%| E|CS|TAMS 0x00000000c8300000| PB 0x00000000c8300000| Complete |  0
|1156|0x00000000c8400000, 0x00000000c8500000, 0x00000000c8500000|100%| E|CS|TAMS 0x00000000c8400000| PB 0x00000000c8400000| Complete |  0
|1157|0x00000000c8500000, 0x00000000c8600000, 0x00000000c8600000|100%| E|CS|TAMS 0x00000000c8500000| PB 0x00000000c8500000| Complete |  0
|1158|0x00000000c8600000, 0x00000000c8700000, 0x00000000c8700000|100%| E|CS|TAMS 0x00000000c8600000| PB 0x00000000c8600000| Complete |  0
|1159|0x00000000c8700000, 0x00000000c8800000, 0x00000000c8800000|100%| E|CS|TAMS 0x00000000c8700000| PB 0x00000000c8700000| Complete |  0
|1160|0x00000000c8800000, 0x00000000c8900000, 0x00000000c8900000|100%| E|CS|TAMS 0x00000000c8800000| PB 0x00000000c8800000| Complete |  0
|1161|0x00000000c8900000, 0x00000000c8a00000, 0x00000000c8a00000|100%| E|CS|TAMS 0x00000000c8900000| PB 0x00000000c8900000| Complete |  0
|1162|0x00000000c8a00000, 0x00000000c8b00000, 0x00000000c8b00000|100%| E|CS|TAMS 0x00000000c8a00000| PB 0x00000000c8a00000| Complete |  0
|1163|0x00000000c8b00000, 0x00000000c8c00000, 0x00000000c8c00000|100%| E|CS|TAMS 0x00000000c8b00000| PB 0x00000000c8b00000| Complete |  0
|1164|0x00000000c8c00000, 0x00000000c8d00000, 0x00000000c8d00000|100%| E|CS|TAMS 0x00000000c8c00000| PB 0x00000000c8c00000| Complete |  0
|1165|0x00000000c8d00000, 0x00000000c8e00000, 0x00000000c8e00000|100%| E|CS|TAMS 0x00000000c8d00000| PB 0x00000000c8d00000| Complete |  0
|1166|0x00000000c8e00000, 0x00000000c8f00000, 0x00000000c8f00000|100%| E|CS|TAMS 0x00000000c8e00000| PB 0x00000000c8e00000| Complete |  0
|1167|0x00000000c8f00000, 0x00000000c9000000, 0x00000000c9000000|100%| E|CS|TAMS 0x00000000c8f00000| PB 0x00000000c8f00000| Complete |  0
|1168|0x00000000c9000000, 0x00000000c9100000, 0x00000000c9100000|100%| E|CS|TAMS 0x00000000c9000000| PB 0x00000000c9000000| Complete |  0
|1169|0x00000000c9100000, 0x00000000c9200000, 0x00000000c9200000|100%| E|CS|TAMS 0x00000000c9100000| PB 0x00000000c9100000| Complete |  0
|1170|0x00000000c9200000, 0x00000000c9300000, 0x00000000c9300000|100%| E|CS|TAMS 0x00000000c9200000| PB 0x00000000c9200000| Complete |  0
|1171|0x00000000c9300000, 0x00000000c9400000, 0x00000000c9400000|100%| E|CS|TAMS 0x00000000c9300000| PB 0x00000000c9300000| Complete |  0
|1172|0x00000000c9400000, 0x00000000c9500000, 0x00000000c9500000|100%| E|CS|TAMS 0x00000000c9400000| PB 0x00000000c9400000| Complete |  0
|1173|0x00000000c9500000, 0x00000000c9600000, 0x00000000c9600000|100%| E|CS|TAMS 0x00000000c9500000| PB 0x00000000c9500000| Complete |  0
|1174|0x00000000c9600000, 0x00000000c9700000, 0x00000000c9700000|100%| E|CS|TAMS 0x00000000c9600000| PB 0x00000000c9600000| Complete |  0
|1175|0x00000000c9700000, 0x00000000c9800000, 0x00000000c9800000|100%| E|CS|TAMS 0x00000000c9700000| PB 0x00000000c9700000| Complete |  0
|1176|0x00000000c9800000, 0x00000000c9900000, 0x00000000c9900000|100%| E|CS|TAMS 0x00000000c9800000| PB 0x00000000c9800000| Complete |  0
|1177|0x00000000c9900000, 0x00000000c9a00000, 0x00000000c9a00000|100%| E|CS|TAMS 0x00000000c9900000| PB 0x00000000c9900000| Complete |  0
|1178|0x00000000c9a00000, 0x00000000c9b00000, 0x00000000c9b00000|100%| E|CS|TAMS 0x00000000c9a00000| PB 0x00000000c9a00000| Complete |  0
|1179|0x00000000c9b00000, 0x00000000c9c00000, 0x00000000c9c00000|100%| E|CS|TAMS 0x00000000c9b00000| PB 0x00000000c9b00000| Complete |  0
|1180|0x00000000c9c00000, 0x00000000c9d00000, 0x00000000c9d00000|100%| E|CS|TAMS 0x00000000c9c00000| PB 0x00000000c9c00000| Complete |  0
|1181|0x00000000c9d00000, 0x00000000c9e00000, 0x00000000c9e00000|100%| E|CS|TAMS 0x00000000c9d00000| PB 0x00000000c9d00000| Complete |  0
|1182|0x00000000c9e00000, 0x00000000c9f00000, 0x00000000c9f00000|100%| E|CS|TAMS 0x00000000c9e00000| PB 0x00000000c9e00000| Complete |  0
|1183|0x00000000c9f00000, 0x00000000ca000000, 0x00000000ca000000|100%| E|CS|TAMS 0x00000000c9f00000| PB 0x00000000c9f00000| Complete |  0
|1184|0x00000000ca000000, 0x00000000ca100000, 0x00000000ca100000|100%| E|CS|TAMS 0x00000000ca000000| PB 0x00000000ca000000| Complete |  0
|1185|0x00000000ca100000, 0x00000000ca200000, 0x00000000ca200000|100%| E|CS|TAMS 0x00000000ca100000| PB 0x00000000ca100000| Complete |  0
|1186|0x00000000ca200000, 0x00000000ca300000, 0x00000000ca300000|100%| E|CS|TAMS 0x00000000ca200000| PB 0x00000000ca200000| Complete |  0
|1187|0x00000000ca300000, 0x00000000ca400000, 0x00000000ca400000|100%| E|CS|TAMS 0x00000000ca300000| PB 0x00000000ca300000| Complete |  0
|1188|0x00000000ca400000, 0x00000000ca500000, 0x00000000ca500000|100%| E|CS|TAMS 0x00000000ca400000| PB 0x00000000ca400000| Complete |  0
|1189|0x00000000ca500000, 0x00000000ca600000, 0x00000000ca600000|100%| E|CS|TAMS 0x00000000ca500000| PB 0x00000000ca500000| Complete |  0
|1190|0x00000000ca600000, 0x00000000ca700000, 0x00000000ca700000|100%| E|CS|TAMS 0x00000000ca600000| PB 0x00000000ca600000| Complete |  0
|1191|0x00000000ca700000, 0x00000000ca800000, 0x00000000ca800000|100%| E|CS|TAMS 0x00000000ca700000| PB 0x00000000ca700000| Complete |  0
|1192|0x00000000ca800000, 0x00000000ca900000, 0x00000000ca900000|100%| E|CS|TAMS 0x00000000ca800000| PB 0x00000000ca800000| Complete |  0
|1193|0x00000000ca900000, 0x00000000caa00000, 0x00000000caa00000|100%| E|CS|TAMS 0x00000000ca900000| PB 0x00000000ca900000| Complete |  0
|1194|0x00000000caa00000, 0x00000000cab00000, 0x00000000cab00000|100%| E|CS|TAMS 0x00000000caa00000| PB 0x00000000caa00000| Complete |  0
|1195|0x00000000cab00000, 0x00000000cac00000, 0x00000000cac00000|100%| E|CS|TAMS 0x00000000cab00000| PB 0x00000000cab00000| Complete |  0
|1196|0x00000000cac00000, 0x00000000cad00000, 0x00000000cad00000|100%| E|CS|TAMS 0x00000000cac00000| PB 0x00000000cac00000| Complete |  0
|1197|0x00000000cad00000, 0x00000000cae00000, 0x00000000cae00000|100%| E|CS|TAMS 0x00000000cad00000| PB 0x00000000cad00000| Complete |  0
|1198|0x00000000cae00000, 0x00000000caf00000, 0x00000000caf00000|100%| E|CS|TAMS 0x00000000cae00000| PB 0x00000000cae00000| Complete |  0
|1199|0x00000000caf00000, 0x00000000cb000000, 0x00000000cb000000|100%| E|CS|TAMS 0x00000000caf00000| PB 0x00000000caf00000| Complete |  0
|1200|0x00000000cb000000, 0x00000000cb100000, 0x00000000cb100000|100%| E|CS|TAMS 0x00000000cb000000| PB 0x00000000cb000000| Complete |  0
|1201|0x00000000cb100000, 0x00000000cb200000, 0x00000000cb200000|100%| E|CS|TAMS 0x00000000cb100000| PB 0x00000000cb100000| Complete |  0
|1202|0x00000000cb200000, 0x00000000cb300000, 0x00000000cb300000|100%| E|CS|TAMS 0x00000000cb200000| PB 0x00000000cb200000| Complete |  0
|1203|0x00000000cb300000, 0x00000000cb400000, 0x00000000cb400000|100%| E|CS|TAMS 0x00000000cb300000| PB 0x00000000cb300000| Complete |  0
|1204|0x00000000cb400000, 0x00000000cb500000, 0x00000000cb500000|100%| E|CS|TAMS 0x00000000cb400000| PB 0x00000000cb400000| Complete |  0
|1205|0x00000000cb500000, 0x00000000cb600000, 0x00000000cb600000|100%| E|CS|TAMS 0x00000000cb500000| PB 0x00000000cb500000| Complete |  0
|1206|0x00000000cb600000, 0x00000000cb700000, 0x00000000cb700000|100%| E|CS|TAMS 0x00000000cb600000| PB 0x00000000cb600000| Complete |  0
|1207|0x00000000cb700000, 0x00000000cb800000, 0x00000000cb800000|100%| E|CS|TAMS 0x00000000cb700000| PB 0x00000000cb700000| Complete |  0
|1208|0x00000000cb800000, 0x00000000cb900000, 0x00000000cb900000|100%| E|CS|TAMS 0x00000000cb800000| PB 0x00000000cb800000| Complete |  0
|1209|0x00000000cb900000, 0x00000000cba00000, 0x00000000cba00000|100%| E|CS|TAMS 0x00000000cb900000| PB 0x00000000cb900000| Complete |  0
|1210|0x00000000cba00000, 0x00000000cbb00000, 0x00000000cbb00000|100%| E|CS|TAMS 0x00000000cba00000| PB 0x00000000cba00000| Complete |  0
|1211|0x00000000cbb00000, 0x00000000cbc00000, 0x00000000cbc00000|100%| E|CS|TAMS 0x00000000cbb00000| PB 0x00000000cbb00000| Complete |  0
|1212|0x00000000cbc00000, 0x00000000cbd00000, 0x00000000cbd00000|100%| E|CS|TAMS 0x00000000cbc00000| PB 0x00000000cbc00000| Complete |  0
|1213|0x00000000cbd00000, 0x00000000cbe00000, 0x00000000cbe00000|100%| E|CS|TAMS 0x00000000cbd00000| PB 0x00000000cbd00000| Complete |  0
|1214|0x00000000cbe00000, 0x00000000cbf00000, 0x00000000cbf00000|100%| E|CS|TAMS 0x00000000cbe00000| PB 0x00000000cbe00000| Complete |  0
|1215|0x00000000cbf00000, 0x00000000cc000000, 0x00000000cc000000|100%| E|CS|TAMS 0x00000000cbf00000| PB 0x00000000cbf00000| Complete |  0
|1216|0x00000000cc000000, 0x00000000cc100000, 0x00000000cc100000|100%| E|CS|TAMS 0x00000000cc000000| PB 0x00000000cc000000| Complete |  0
|1217|0x00000000cc100000, 0x00000000cc200000, 0x00000000cc200000|100%| E|CS|TAMS 0x00000000cc100000| PB 0x00000000cc100000| Complete |  0
|1218|0x00000000cc200000, 0x00000000cc300000, 0x00000000cc300000|100%| E|CS|TAMS 0x00000000cc200000| PB 0x00000000cc200000| Complete |  0
|1219|0x00000000cc300000, 0x00000000cc400000, 0x00000000cc400000|100%| E|CS|TAMS 0x00000000cc300000| PB 0x00000000cc300000| Complete |  0
|1220|0x00000000cc400000, 0x00000000cc500000, 0x00000000cc500000|100%| E|CS|TAMS 0x00000000cc400000| PB 0x00000000cc400000| Complete |  0
|1221|0x00000000cc500000, 0x00000000cc600000, 0x00000000cc600000|100%| E|CS|TAMS 0x00000000cc500000| PB 0x00000000cc500000| Complete |  0
|1222|0x00000000cc600000, 0x00000000cc700000, 0x00000000cc700000|100%| E|CS|TAMS 0x00000000cc600000| PB 0x00000000cc600000| Complete |  0
|1223|0x00000000cc700000, 0x00000000cc800000, 0x00000000cc800000|100%| E|CS|TAMS 0x00000000cc700000| PB 0x00000000cc700000| Complete |  0
|1224|0x00000000cc800000, 0x00000000cc900000, 0x00000000cc900000|100%| E|CS|TAMS 0x00000000cc800000| PB 0x00000000cc800000| Complete |  0
|1225|0x00000000cc900000, 0x00000000cca00000, 0x00000000cca00000|100%| E|CS|TAMS 0x00000000cc900000| PB 0x00000000cc900000| Complete |  0
|1226|0x00000000cca00000, 0x00000000ccb00000, 0x00000000ccb00000|100%| E|CS|TAMS 0x00000000cca00000| PB 0x00000000cca00000| Complete |  0
|1227|0x00000000ccb00000, 0x00000000ccc00000, 0x00000000ccc00000|100%| E|CS|TAMS 0x00000000ccb00000| PB 0x00000000ccb00000| Complete |  0
|1228|0x00000000ccc00000, 0x00000000ccd00000, 0x00000000ccd00000|100%| E|CS|TAMS 0x00000000ccc00000| PB 0x00000000ccc00000| Complete |  0
|1229|0x00000000ccd00000, 0x00000000cce00000, 0x00000000cce00000|100%| E|CS|TAMS 0x00000000ccd00000| PB 0x00000000ccd00000| Complete |  0
|1230|0x00000000cce00000, 0x00000000ccf00000, 0x00000000ccf00000|100%| E|CS|TAMS 0x00000000cce00000| PB 0x00000000cce00000| Complete |  0
|1231|0x00000000ccf00000, 0x00000000cd000000, 0x00000000cd000000|100%| E|CS|TAMS 0x00000000ccf00000| PB 0x00000000ccf00000| Complete |  0
|1232|0x00000000cd000000, 0x00000000cd100000, 0x00000000cd100000|100%| E|CS|TAMS 0x00000000cd000000| PB 0x00000000cd000000| Complete |  0
|1233|0x00000000cd100000, 0x00000000cd200000, 0x00000000cd200000|100%| E|CS|TAMS 0x00000000cd100000| PB 0x00000000cd100000| Complete |  0
|1234|0x00000000cd200000, 0x00000000cd300000, 0x00000000cd300000|100%| E|CS|TAMS 0x00000000cd200000| PB 0x00000000cd200000| Complete |  0
|1235|0x00000000cd300000, 0x00000000cd400000, 0x00000000cd400000|100%| E|CS|TAMS 0x00000000cd300000| PB 0x00000000cd300000| Complete |  0
|1236|0x00000000cd400000, 0x00000000cd500000, 0x00000000cd500000|100%| E|CS|TAMS 0x00000000cd400000| PB 0x00000000cd400000| Complete |  0
|1237|0x00000000cd500000, 0x00000000cd600000, 0x00000000cd600000|100%| E|CS|TAMS 0x00000000cd500000| PB 0x00000000cd500000| Complete |  0
|1238|0x00000000cd600000, 0x00000000cd700000, 0x00000000cd700000|100%| E|CS|TAMS 0x00000000cd600000| PB 0x00000000cd600000| Complete |  0
|1239|0x00000000cd700000, 0x00000000cd800000, 0x00000000cd800000|100%| E|CS|TAMS 0x00000000cd700000| PB 0x00000000cd700000| Complete |  0
|1240|0x00000000cd800000, 0x00000000cd900000, 0x00000000cd900000|100%| E|CS|TAMS 0x00000000cd800000| PB 0x00000000cd800000| Complete |  0
|1241|0x00000000cd900000, 0x00000000cda00000, 0x00000000cda00000|100%| E|CS|TAMS 0x00000000cd900000| PB 0x00000000cd900000| Complete |  0
|1242|0x00000000cda00000, 0x00000000cdb00000, 0x00000000cdb00000|100%| E|CS|TAMS 0x00000000cda00000| PB 0x00000000cda00000| Complete |  0
|1243|0x00000000cdb00000, 0x00000000cdc00000, 0x00000000cdc00000|100%| E|CS|TAMS 0x00000000cdb00000| PB 0x00000000cdb00000| Complete |  0
|1244|0x00000000cdc00000, 0x00000000cdd00000, 0x00000000cdd00000|100%| E|CS|TAMS 0x00000000cdc00000| PB 0x00000000cdc00000| Complete |  0
|1245|0x00000000cdd00000, 0x00000000cde00000, 0x00000000cde00000|100%| E|CS|TAMS 0x00000000cdd00000| PB 0x00000000cdd00000| Complete |  0
|1246|0x00000000cde00000, 0x00000000cdf00000, 0x00000000cdf00000|100%| E|CS|TAMS 0x00000000cde00000| PB 0x00000000cde00000| Complete |  0
|1247|0x00000000cdf00000, 0x00000000ce000000, 0x00000000ce000000|100%| E|CS|TAMS 0x00000000cdf00000| PB 0x00000000cdf00000| Complete |  0
|1248|0x00000000ce000000, 0x00000000ce100000, 0x00000000ce100000|100%| E|CS|TAMS 0x00000000ce000000| PB 0x00000000ce000000| Complete |  0
|1249|0x00000000ce100000, 0x00000000ce200000, 0x00000000ce200000|100%| E|CS|TAMS 0x00000000ce100000| PB 0x00000000ce100000| Complete |  0
|1250|0x00000000ce200000, 0x00000000ce300000, 0x00000000ce300000|100%| E|CS|TAMS 0x00000000ce200000| PB 0x00000000ce200000| Complete |  0
|1251|0x00000000ce300000, 0x00000000ce400000, 0x00000000ce400000|100%| E|CS|TAMS 0x00000000ce300000| PB 0x00000000ce300000| Complete |  0
|1252|0x00000000ce400000, 0x00000000ce500000, 0x00000000ce500000|100%| E|CS|TAMS 0x00000000ce400000| PB 0x00000000ce400000| Complete |  0
|1253|0x00000000ce500000, 0x00000000ce600000, 0x00000000ce600000|100%| E|CS|TAMS 0x00000000ce500000| PB 0x00000000ce500000| Complete |  0
|1254|0x00000000ce600000, 0x00000000ce700000, 0x00000000ce700000|100%| E|CS|TAMS 0x00000000ce600000| PB 0x00000000ce600000| Complete |  0
|1255|0x00000000ce700000, 0x00000000ce800000, 0x00000000ce800000|100%| E|CS|TAMS 0x00000000ce700000| PB 0x00000000ce700000| Complete |  0
|1256|0x00000000ce800000, 0x00000000ce900000, 0x00000000ce900000|100%| E|CS|TAMS 0x00000000ce800000| PB 0x00000000ce800000| Complete |  0
|1257|0x00000000ce900000, 0x00000000cea00000, 0x00000000cea00000|100%| E|CS|TAMS 0x00000000ce900000| PB 0x00000000ce900000| Complete |  0
|1258|0x00000000cea00000, 0x00000000ceb00000, 0x00000000ceb00000|100%| E|CS|TAMS 0x00000000cea00000| PB 0x00000000cea00000| Complete |  0
|1259|0x00000000ceb00000, 0x00000000cec00000, 0x00000000cec00000|100%| E|CS|TAMS 0x00000000ceb00000| PB 0x00000000ceb00000| Complete |  0
|1260|0x00000000cec00000, 0x00000000ced00000, 0x00000000ced00000|100%| E|CS|TAMS 0x00000000cec00000| PB 0x00000000cec00000| Complete |  0
|1261|0x00000000ced00000, 0x00000000cee00000, 0x00000000cee00000|100%| E|CS|TAMS 0x00000000ced00000| PB 0x00000000ced00000| Complete |  0
|1262|0x00000000cee00000, 0x00000000cef00000, 0x00000000cef00000|100%| E|CS|TAMS 0x00000000cee00000| PB 0x00000000cee00000| Complete |  0
|1263|0x00000000cef00000, 0x00000000cf000000, 0x00000000cf000000|100%| E|CS|TAMS 0x00000000cef00000| PB 0x00000000cef00000| Complete |  0
|1264|0x00000000cf000000, 0x00000000cf100000, 0x00000000cf100000|100%| E|CS|TAMS 0x00000000cf000000| PB 0x00000000cf000000| Complete |  0
|1265|0x00000000cf100000, 0x00000000cf200000, 0x00000000cf200000|100%| E|CS|TAMS 0x00000000cf100000| PB 0x00000000cf100000| Complete |  0
|1266|0x00000000cf200000, 0x00000000cf300000, 0x00000000cf300000|100%| E|CS|TAMS 0x00000000cf200000| PB 0x00000000cf200000| Complete |  0
|1267|0x00000000cf300000, 0x00000000cf400000, 0x00000000cf400000|100%| E|CS|TAMS 0x00000000cf300000| PB 0x00000000cf300000| Complete |  0
|1268|0x00000000cf400000, 0x00000000cf500000, 0x00000000cf500000|100%| E|CS|TAMS 0x00000000cf400000| PB 0x00000000cf400000| Complete |  0
|1269|0x00000000cf500000, 0x00000000cf600000, 0x00000000cf600000|100%| E|CS|TAMS 0x00000000cf500000| PB 0x00000000cf500000| Complete |  0
|1270|0x00000000cf600000, 0x00000000cf700000, 0x00000000cf700000|100%| E|CS|TAMS 0x00000000cf600000| PB 0x00000000cf600000| Complete |  0
|1271|0x00000000cf700000, 0x00000000cf800000, 0x00000000cf800000|100%| E|CS|TAMS 0x00000000cf700000| PB 0x00000000cf700000| Complete |  0
|1272|0x00000000cf800000, 0x00000000cf900000, 0x00000000cf900000|100%| E|CS|TAMS 0x00000000cf800000| PB 0x00000000cf800000| Complete |  0
|1273|0x00000000cf900000, 0x00000000cfa00000, 0x00000000cfa00000|100%| E|CS|TAMS 0x00000000cf900000| PB 0x00000000cf900000| Complete |  0
|1274|0x00000000cfa00000, 0x00000000cfb00000, 0x00000000cfb00000|100%| E|CS|TAMS 0x00000000cfa00000| PB 0x00000000cfa00000| Complete |  0
|1275|0x00000000cfb00000, 0x00000000cfc00000, 0x00000000cfc00000|100%| E|CS|TAMS 0x00000000cfb00000| PB 0x00000000cfb00000| Complete |  0
|1276|0x00000000cfc00000, 0x00000000cfd00000, 0x00000000cfd00000|100%| E|CS|TAMS 0x00000000cfc00000| PB 0x00000000cfc00000| Complete |  0
|1277|0x00000000cfd00000, 0x00000000cfe00000, 0x00000000cfe00000|100%| E|CS|TAMS 0x00000000cfd00000| PB 0x00000000cfd00000| Complete |  0
|1278|0x00000000cfe00000, 0x00000000cff00000, 0x00000000cff00000|100%| E|CS|TAMS 0x00000000cfe00000| PB 0x00000000cfe00000| Complete |  0
|1279|0x00000000cff00000, 0x00000000d0000000, 0x00000000d0000000|100%| E|CS|TAMS 0x00000000cff00000| PB 0x00000000cff00000| Complete |  0
|1280|0x00000000d0000000, 0x00000000d0100000, 0x00000000d0100000|100%| E|CS|TAMS 0x00000000d0000000| PB 0x00000000d0000000| Complete |  0
|1281|0x00000000d0100000, 0x00000000d0200000, 0x00000000d0200000|100%| E|CS|TAMS 0x00000000d0100000| PB 0x00000000d0100000| Complete |  0
|1282|0x00000000d0200000, 0x00000000d0300000, 0x00000000d0300000|100%| E|CS|TAMS 0x00000000d0200000| PB 0x00000000d0200000| Complete |  0
|1283|0x00000000d0300000, 0x00000000d0400000, 0x00000000d0400000|100%| E|CS|TAMS 0x00000000d0300000| PB 0x00000000d0300000| Complete |  0
|1284|0x00000000d0400000, 0x00000000d0500000, 0x00000000d0500000|100%| E|CS|TAMS 0x00000000d0400000| PB 0x00000000d0400000| Complete |  0
|1285|0x00000000d0500000, 0x00000000d0600000, 0x00000000d0600000|100%| E|CS|TAMS 0x00000000d0500000| PB 0x00000000d0500000| Complete |  0
|1286|0x00000000d0600000, 0x00000000d0700000, 0x00000000d0700000|100%| E|CS|TAMS 0x00000000d0600000| PB 0x00000000d0600000| Complete |  0
|1287|0x00000000d0700000, 0x00000000d0800000, 0x00000000d0800000|100%| E|CS|TAMS 0x00000000d0700000| PB 0x00000000d0700000| Complete |  0
|1288|0x00000000d0800000, 0x00000000d0900000, 0x00000000d0900000|100%| E|CS|TAMS 0x00000000d0800000| PB 0x00000000d0800000| Complete |  0
|1289|0x00000000d0900000, 0x00000000d0a00000, 0x00000000d0a00000|100%| E|CS|TAMS 0x00000000d0900000| PB 0x00000000d0900000| Complete |  0
|1290|0x00000000d0a00000, 0x00000000d0b00000, 0x00000000d0b00000|100%| E|CS|TAMS 0x00000000d0a00000| PB 0x00000000d0a00000| Complete |  0
|1291|0x00000000d0b00000, 0x00000000d0c00000, 0x00000000d0c00000|100%| E|CS|TAMS 0x00000000d0b00000| PB 0x00000000d0b00000| Complete |  0
|1292|0x00000000d0c00000, 0x00000000d0d00000, 0x00000000d0d00000|100%| E|CS|TAMS 0x00000000d0c00000| PB 0x00000000d0c00000| Complete |  0
|1293|0x00000000d0d00000, 0x00000000d0e00000, 0x00000000d0e00000|100%| E|CS|TAMS 0x00000000d0d00000| PB 0x00000000d0d00000| Complete |  0
|1294|0x00000000d0e00000, 0x00000000d0f00000, 0x00000000d0f00000|100%| E|CS|TAMS 0x00000000d0e00000| PB 0x00000000d0e00000| Complete |  0
|1295|0x00000000d0f00000, 0x00000000d1000000, 0x00000000d1000000|100%| E|CS|TAMS 0x00000000d0f00000| PB 0x00000000d0f00000| Complete |  0
|1296|0x00000000d1000000, 0x00000000d1100000, 0x00000000d1100000|100%| E|CS|TAMS 0x00000000d1000000| PB 0x00000000d1000000| Complete |  0
|1297|0x00000000d1100000, 0x00000000d1200000, 0x00000000d1200000|100%| E|CS|TAMS 0x00000000d1100000| PB 0x00000000d1100000| Complete |  0
|1298|0x00000000d1200000, 0x00000000d1300000, 0x00000000d1300000|100%| E|CS|TAMS 0x00000000d1200000| PB 0x00000000d1200000| Complete |  0
|1299|0x00000000d1300000, 0x00000000d1400000, 0x00000000d1400000|100%| E|CS|TAMS 0x00000000d1300000| PB 0x00000000d1300000| Complete |  0
|1300|0x00000000d1400000, 0x00000000d1500000, 0x00000000d1500000|100%| E|CS|TAMS 0x00000000d1400000| PB 0x00000000d1400000| Complete |  0
|1301|0x00000000d1500000, 0x00000000d1600000, 0x00000000d1600000|100%| E|CS|TAMS 0x00000000d1500000| PB 0x00000000d1500000| Complete |  0
|1302|0x00000000d1600000, 0x00000000d1700000, 0x00000000d1700000|100%| E|CS|TAMS 0x00000000d1600000| PB 0x00000000d1600000| Complete |  0
|1303|0x00000000d1700000, 0x00000000d1800000, 0x00000000d1800000|100%| E|CS|TAMS 0x00000000d1700000| PB 0x00000000d1700000| Complete |  0
|1304|0x00000000d1800000, 0x00000000d1900000, 0x00000000d1900000|100%| E|CS|TAMS 0x00000000d1800000| PB 0x00000000d1800000| Complete |  0
|1305|0x00000000d1900000, 0x00000000d1a00000, 0x00000000d1a00000|100%| E|CS|TAMS 0x00000000d1900000| PB 0x00000000d1900000| Complete |  0
|1306|0x00000000d1a00000, 0x00000000d1b00000, 0x00000000d1b00000|100%| E|CS|TAMS 0x00000000d1a00000| PB 0x00000000d1a00000| Complete |  0
|1307|0x00000000d1b00000, 0x00000000d1c00000, 0x00000000d1c00000|100%| E|CS|TAMS 0x00000000d1b00000| PB 0x00000000d1b00000| Complete |  0
|1308|0x00000000d1c00000, 0x00000000d1d00000, 0x00000000d1d00000|100%| E|CS|TAMS 0x00000000d1c00000| PB 0x00000000d1c00000| Complete |  0
|1309|0x00000000d1d00000, 0x00000000d1e00000, 0x00000000d1e00000|100%| E|CS|TAMS 0x00000000d1d00000| PB 0x00000000d1d00000| Complete |  0
|1310|0x00000000d1e00000, 0x00000000d1f00000, 0x00000000d1f00000|100%| E|CS|TAMS 0x00000000d1e00000| PB 0x00000000d1e00000| Complete |  0
|1311|0x00000000d1f00000, 0x00000000d2000000, 0x00000000d2000000|100%| E|CS|TAMS 0x00000000d1f00000| PB 0x00000000d1f00000| Complete |  0
|1312|0x00000000d2000000, 0x00000000d2100000, 0x00000000d2100000|100%| E|CS|TAMS 0x00000000d2000000| PB 0x00000000d2000000| Complete |  0
|1313|0x00000000d2100000, 0x00000000d2200000, 0x00000000d2200000|100%| E|CS|TAMS 0x00000000d2100000| PB 0x00000000d2100000| Complete |  0
|1314|0x00000000d2200000, 0x00000000d2300000, 0x00000000d2300000|100%| E|CS|TAMS 0x00000000d2200000| PB 0x00000000d2200000| Complete |  0
|1315|0x00000000d2300000, 0x00000000d2400000, 0x00000000d2400000|100%| E|CS|TAMS 0x00000000d2300000| PB 0x00000000d2300000| Complete |  0
|1316|0x00000000d2400000, 0x00000000d2500000, 0x00000000d2500000|100%| E|CS|TAMS 0x00000000d2400000| PB 0x00000000d2400000| Complete |  0
|1317|0x00000000d2500000, 0x00000000d2600000, 0x00000000d2600000|100%| E|CS|TAMS 0x00000000d2500000| PB 0x00000000d2500000| Complete |  0
|1318|0x00000000d2600000, 0x00000000d2700000, 0x00000000d2700000|100%| E|CS|TAMS 0x00000000d2600000| PB 0x00000000d2600000| Complete |  0
|1319|0x00000000d2700000, 0x00000000d2800000, 0x00000000d2800000|100%| E|CS|TAMS 0x00000000d2700000| PB 0x00000000d2700000| Complete |  0
|1320|0x00000000d2800000, 0x00000000d2900000, 0x00000000d2900000|100%| E|CS|TAMS 0x00000000d2800000| PB 0x00000000d2800000| Complete |  0
|1321|0x00000000d2900000, 0x00000000d2a00000, 0x00000000d2a00000|100%| E|CS|TAMS 0x00000000d2900000| PB 0x00000000d2900000| Complete |  0
|1322|0x00000000d2a00000, 0x00000000d2b00000, 0x00000000d2b00000|100%| E|CS|TAMS 0x00000000d2a00000| PB 0x00000000d2a00000| Complete |  0
|1323|0x00000000d2b00000, 0x00000000d2c00000, 0x00000000d2c00000|100%| E|CS|TAMS 0x00000000d2b00000| PB 0x00000000d2b00000| Complete |  0
|1324|0x00000000d2c00000, 0x00000000d2d00000, 0x00000000d2d00000|100%| E|CS|TAMS 0x00000000d2c00000| PB 0x00000000d2c00000| Complete |  0
|1325|0x00000000d2d00000, 0x00000000d2e00000, 0x00000000d2e00000|100%| E|CS|TAMS 0x00000000d2d00000| PB 0x00000000d2d00000| Complete |  0
|1326|0x00000000d2e00000, 0x00000000d2f00000, 0x00000000d2f00000|100%| E|CS|TAMS 0x00000000d2e00000| PB 0x00000000d2e00000| Complete |  0
|1327|0x00000000d2f00000, 0x00000000d3000000, 0x00000000d3000000|100%| E|CS|TAMS 0x00000000d2f00000| PB 0x00000000d2f00000| Complete |  0
|1328|0x00000000d3000000, 0x00000000d3100000, 0x00000000d3100000|100%| E|CS|TAMS 0x00000000d3000000| PB 0x00000000d3000000| Complete |  0
|1329|0x00000000d3100000, 0x00000000d3200000, 0x00000000d3200000|100%| E|CS|TAMS 0x00000000d3100000| PB 0x00000000d3100000| Complete |  0
|1330|0x00000000d3200000, 0x00000000d3300000, 0x00000000d3300000|100%| E|CS|TAMS 0x00000000d3200000| PB 0x00000000d3200000| Complete |  0
|1331|0x00000000d3300000, 0x00000000d3400000, 0x00000000d3400000|100%| E|CS|TAMS 0x00000000d3300000| PB 0x00000000d3300000| Complete |  0
|1332|0x00000000d3400000, 0x00000000d3500000, 0x00000000d3500000|100%| E|CS|TAMS 0x00000000d3400000| PB 0x00000000d3400000| Complete |  0
|1333|0x00000000d3500000, 0x00000000d3600000, 0x00000000d3600000|100%| E|CS|TAMS 0x00000000d3500000| PB 0x00000000d3500000| Complete |  0
|1334|0x00000000d3600000, 0x00000000d3700000, 0x00000000d3700000|100%| E|CS|TAMS 0x00000000d3600000| PB 0x00000000d3600000| Complete |  0
|1335|0x00000000d3700000, 0x00000000d3800000, 0x00000000d3800000|100%| E|CS|TAMS 0x00000000d3700000| PB 0x00000000d3700000| Complete |  0
|1336|0x00000000d3800000, 0x00000000d3900000, 0x00000000d3900000|100%| E|CS|TAMS 0x00000000d3800000| PB 0x00000000d3800000| Complete |  0
|1337|0x00000000d3900000, 0x00000000d3a00000, 0x00000000d3a00000|100%| E|CS|TAMS 0x00000000d3900000| PB 0x00000000d3900000| Complete |  0
|1338|0x00000000d3a00000, 0x00000000d3b00000, 0x00000000d3b00000|100%| E|CS|TAMS 0x00000000d3a00000| PB 0x00000000d3a00000| Complete |  0
|1339|0x00000000d3b00000, 0x00000000d3c00000, 0x00000000d3c00000|100%| E|CS|TAMS 0x00000000d3b00000| PB 0x00000000d3b00000| Complete |  0
|1340|0x00000000d3c00000, 0x00000000d3d00000, 0x00000000d3d00000|100%| E|CS|TAMS 0x00000000d3c00000| PB 0x00000000d3c00000| Complete |  0
|1341|0x00000000d3d00000, 0x00000000d3e00000, 0x00000000d3e00000|100%| E|CS|TAMS 0x00000000d3d00000| PB 0x00000000d3d00000| Complete |  0
|1342|0x00000000d3e00000, 0x00000000d3f00000, 0x00000000d3f00000|100%| E|CS|TAMS 0x00000000d3e00000| PB 0x00000000d3e00000| Complete |  0
|1343|0x00000000d3f00000, 0x00000000d4000000, 0x00000000d4000000|100%| E|CS|TAMS 0x00000000d3f00000| PB 0x00000000d3f00000| Complete |  0
|1344|0x00000000d4000000, 0x00000000d4100000, 0x00000000d4100000|100%| E|CS|TAMS 0x00000000d4000000| PB 0x00000000d4000000| Complete |  0
|1345|0x00000000d4100000, 0x00000000d4200000, 0x00000000d4200000|100%| E|CS|TAMS 0x00000000d4100000| PB 0x00000000d4100000| Complete |  0
|1346|0x00000000d4200000, 0x00000000d4300000, 0x00000000d4300000|100%| E|CS|TAMS 0x00000000d4200000| PB 0x00000000d4200000| Complete |  0
|1347|0x00000000d4300000, 0x00000000d4400000, 0x00000000d4400000|100%| E|CS|TAMS 0x00000000d4300000| PB 0x00000000d4300000| Complete |  0
|1348|0x00000000d4400000, 0x00000000d4500000, 0x00000000d4500000|100%| E|CS|TAMS 0x00000000d4400000| PB 0x00000000d4400000| Complete |  0
|1349|0x00000000d4500000, 0x00000000d4600000, 0x00000000d4600000|100%| E|CS|TAMS 0x00000000d4500000| PB 0x00000000d4500000| Complete |  0
|1350|0x00000000d4600000, 0x00000000d4700000, 0x00000000d4700000|100%| E|CS|TAMS 0x00000000d4600000| PB 0x00000000d4600000| Complete |  0
|1351|0x00000000d4700000, 0x00000000d4800000, 0x00000000d4800000|100%| E|CS|TAMS 0x00000000d4700000| PB 0x00000000d4700000| Complete |  0
|1352|0x00000000d4800000, 0x00000000d4900000, 0x00000000d4900000|100%| E|CS|TAMS 0x00000000d4800000| PB 0x00000000d4800000| Complete |  0
|1353|0x00000000d4900000, 0x00000000d4a00000, 0x00000000d4a00000|100%| E|CS|TAMS 0x00000000d4900000| PB 0x00000000d4900000| Complete |  0
|1354|0x00000000d4a00000, 0x00000000d4b00000, 0x00000000d4b00000|100%| E|CS|TAMS 0x00000000d4a00000| PB 0x00000000d4a00000| Complete |  0
|1355|0x00000000d4b00000, 0x00000000d4c00000, 0x00000000d4c00000|100%| E|CS|TAMS 0x00000000d4b00000| PB 0x00000000d4b00000| Complete |  0
|1356|0x00000000d4c00000, 0x00000000d4d00000, 0x00000000d4d00000|100%| E|CS|TAMS 0x00000000d4c00000| PB 0x00000000d4c00000| Complete |  0
|1357|0x00000000d4d00000, 0x00000000d4e00000, 0x00000000d4e00000|100%| E|CS|TAMS 0x00000000d4d00000| PB 0x00000000d4d00000| Complete |  0
|1358|0x00000000d4e00000, 0x00000000d4f00000, 0x00000000d4f00000|100%| E|CS|TAMS 0x00000000d4e00000| PB 0x00000000d4e00000| Complete |  0
|1359|0x00000000d4f00000, 0x00000000d5000000, 0x00000000d5000000|100%| E|CS|TAMS 0x00000000d4f00000| PB 0x00000000d4f00000| Complete |  0
|1360|0x00000000d5000000, 0x00000000d5100000, 0x00000000d5100000|100%| E|CS|TAMS 0x00000000d5000000| PB 0x00000000d5000000| Complete |  0
|1361|0x00000000d5100000, 0x00000000d5200000, 0x00000000d5200000|100%| E|CS|TAMS 0x00000000d5100000| PB 0x00000000d5100000| Complete |  0
|1362|0x00000000d5200000, 0x00000000d5300000, 0x00000000d5300000|100%| E|CS|TAMS 0x00000000d5200000| PB 0x00000000d5200000| Complete |  0
|1363|0x00000000d5300000, 0x00000000d5400000, 0x00000000d5400000|100%| E|CS|TAMS 0x00000000d5300000| PB 0x00000000d5300000| Complete |  0
|1364|0x00000000d5400000, 0x00000000d5500000, 0x00000000d5500000|100%| E|CS|TAMS 0x00000000d5400000| PB 0x00000000d5400000| Complete |  0
|1365|0x00000000d5500000, 0x00000000d5600000, 0x00000000d5600000|100%| E|CS|TAMS 0x00000000d5500000| PB 0x00000000d5500000| Complete |  0
|1366|0x00000000d5600000, 0x00000000d5700000, 0x00000000d5700000|100%| E|CS|TAMS 0x00000000d5600000| PB 0x00000000d5600000| Complete |  0
|1367|0x00000000d5700000, 0x00000000d5800000, 0x00000000d5800000|100%| E|CS|TAMS 0x00000000d5700000| PB 0x00000000d5700000| Complete |  0
|1368|0x00000000d5800000, 0x00000000d5900000, 0x00000000d5900000|100%| E|CS|TAMS 0x00000000d5800000| PB 0x00000000d5800000| Complete |  0
|1369|0x00000000d5900000, 0x00000000d5a00000, 0x00000000d5a00000|100%| E|CS|TAMS 0x00000000d5900000| PB 0x00000000d5900000| Complete |  0
|1370|0x00000000d5a00000, 0x00000000d5b00000, 0x00000000d5b00000|100%| E|CS|TAMS 0x00000000d5a00000| PB 0x00000000d5a00000| Complete |  0
|1371|0x00000000d5b00000, 0x00000000d5c00000, 0x00000000d5c00000|100%| E|CS|TAMS 0x00000000d5b00000| PB 0x00000000d5b00000| Complete |  0
|1372|0x00000000d5c00000, 0x00000000d5d00000, 0x00000000d5d00000|100%| E|CS|TAMS 0x00000000d5c00000| PB 0x00000000d5c00000| Complete |  0
|1373|0x00000000d5d00000, 0x00000000d5e00000, 0x00000000d5e00000|100%| E|CS|TAMS 0x00000000d5d00000| PB 0x00000000d5d00000| Complete |  0
|1374|0x00000000d5e00000, 0x00000000d5f00000, 0x00000000d5f00000|100%| E|CS|TAMS 0x00000000d5e00000| PB 0x00000000d5e00000| Complete |  0
|1375|0x00000000d5f00000, 0x00000000d6000000, 0x00000000d6000000|100%| E|CS|TAMS 0x00000000d5f00000| PB 0x00000000d5f00000| Complete |  0
|1376|0x00000000d6000000, 0x00000000d6100000, 0x00000000d6100000|100%| E|CS|TAMS 0x00000000d6000000| PB 0x00000000d6000000| Complete |  0
|1377|0x00000000d6100000, 0x00000000d6200000, 0x00000000d6200000|100%| E|CS|TAMS 0x00000000d6100000| PB 0x00000000d6100000| Complete |  0
|1378|0x00000000d6200000, 0x00000000d6300000, 0x00000000d6300000|100%| E|CS|TAMS 0x00000000d6200000| PB 0x00000000d6200000| Complete |  0
|1379|0x00000000d6300000, 0x00000000d6400000, 0x00000000d6400000|100%| E|CS|TAMS 0x00000000d6300000| PB 0x00000000d6300000| Complete |  0
|1380|0x00000000d6400000, 0x00000000d6500000, 0x00000000d6500000|100%| E|CS|TAMS 0x00000000d6400000| PB 0x00000000d6400000| Complete |  0
|1381|0x00000000d6500000, 0x00000000d6600000, 0x00000000d6600000|100%| E|CS|TAMS 0x00000000d6500000| PB 0x00000000d6500000| Complete |  0
|1382|0x00000000d6600000, 0x00000000d6700000, 0x00000000d6700000|100%| E|CS|TAMS 0x00000000d6600000| PB 0x00000000d6600000| Complete |  0
|1383|0x00000000d6700000, 0x00000000d6800000, 0x00000000d6800000|100%| E|CS|TAMS 0x00000000d6700000| PB 0x00000000d6700000| Complete |  0
|1384|0x00000000d6800000, 0x00000000d6900000, 0x00000000d6900000|100%| E|CS|TAMS 0x00000000d6800000| PB 0x00000000d6800000| Complete |  0
|1385|0x00000000d6900000, 0x00000000d6a00000, 0x00000000d6a00000|100%| E|CS|TAMS 0x00000000d6900000| PB 0x00000000d6900000| Complete |  0
|1386|0x00000000d6a00000, 0x00000000d6b00000, 0x00000000d6b00000|100%| E|CS|TAMS 0x00000000d6a00000| PB 0x00000000d6a00000| Complete |  0
|1387|0x00000000d6b00000, 0x00000000d6c00000, 0x00000000d6c00000|100%| E|CS|TAMS 0x00000000d6b00000| PB 0x00000000d6b00000| Complete |  0
|1388|0x00000000d6c00000, 0x00000000d6d00000, 0x00000000d6d00000|100%| E|CS|TAMS 0x00000000d6c00000| PB 0x00000000d6c00000| Complete |  0
|1389|0x00000000d6d00000, 0x00000000d6e00000, 0x00000000d6e00000|100%| E|CS|TAMS 0x00000000d6d00000| PB 0x00000000d6d00000| Complete |  0
|1390|0x00000000d6e00000, 0x00000000d6f00000, 0x00000000d6f00000|100%| E|CS|TAMS 0x00000000d6e00000| PB 0x00000000d6e00000| Complete |  0
|1391|0x00000000d6f00000, 0x00000000d7000000, 0x00000000d7000000|100%| E|CS|TAMS 0x00000000d6f00000| PB 0x00000000d6f00000| Complete |  0
|1392|0x00000000d7000000, 0x00000000d7100000, 0x00000000d7100000|100%| E|CS|TAMS 0x00000000d7000000| PB 0x00000000d7000000| Complete |  0
|1393|0x00000000d7100000, 0x00000000d7200000, 0x00000000d7200000|100%| E|CS|TAMS 0x00000000d7100000| PB 0x00000000d7100000| Complete |  0
|1394|0x00000000d7200000, 0x00000000d7300000, 0x00000000d7300000|100%| E|CS|TAMS 0x00000000d7200000| PB 0x00000000d7200000| Complete |  0
|1395|0x00000000d7300000, 0x00000000d7400000, 0x00000000d7400000|100%| E|CS|TAMS 0x00000000d7300000| PB 0x00000000d7300000| Complete |  0
|1396|0x00000000d7400000, 0x00000000d7500000, 0x00000000d7500000|100%| E|CS|TAMS 0x00000000d7400000| PB 0x00000000d7400000| Complete |  0
|1397|0x00000000d7500000, 0x00000000d7600000, 0x00000000d7600000|100%| E|CS|TAMS 0x00000000d7500000| PB 0x00000000d7500000| Complete |  0
|1398|0x00000000d7600000, 0x00000000d7700000, 0x00000000d7700000|100%| E|CS|TAMS 0x00000000d7600000| PB 0x00000000d7600000| Complete |  0
|1399|0x00000000d7700000, 0x00000000d7800000, 0x00000000d7800000|100%| E|CS|TAMS 0x00000000d7700000| PB 0x00000000d7700000| Complete |  0
|1400|0x00000000d7800000, 0x00000000d7900000, 0x00000000d7900000|100%| E|CS|TAMS 0x00000000d7800000| PB 0x00000000d7800000| Complete |  0
|1401|0x00000000d7900000, 0x00000000d7a00000, 0x00000000d7a00000|100%| E|CS|TAMS 0x00000000d7900000| PB 0x00000000d7900000| Complete |  0
|1402|0x00000000d7a00000, 0x00000000d7b00000, 0x00000000d7b00000|100%| E|CS|TAMS 0x00000000d7a00000| PB 0x00000000d7a00000| Complete |  0
|1403|0x00000000d7b00000, 0x00000000d7c00000, 0x00000000d7c00000|100%| E|CS|TAMS 0x00000000d7b00000| PB 0x00000000d7b00000| Complete |  0
|1404|0x00000000d7c00000, 0x00000000d7d00000, 0x00000000d7d00000|100%| E|CS|TAMS 0x00000000d7c00000| PB 0x00000000d7c00000| Complete |  0
|1405|0x00000000d7d00000, 0x00000000d7e00000, 0x00000000d7e00000|100%| E|CS|TAMS 0x00000000d7d00000| PB 0x00000000d7d00000| Complete |  0
|1406|0x00000000d7e00000, 0x00000000d7f00000, 0x00000000d7f00000|100%| E|CS|TAMS 0x00000000d7e00000| PB 0x00000000d7e00000| Complete |  0
|1407|0x00000000d7f00000, 0x00000000d8000000, 0x00000000d8000000|100%| E|CS|TAMS 0x00000000d7f00000| PB 0x00000000d7f00000| Complete |  0
|1408|0x00000000d8000000, 0x00000000d8100000, 0x00000000d8100000|100%| E|CS|TAMS 0x00000000d8000000| PB 0x00000000d8000000| Complete |  0
|1409|0x00000000d8100000, 0x00000000d8200000, 0x00000000d8200000|100%| E|CS|TAMS 0x00000000d8100000| PB 0x00000000d8100000| Complete |  0
|1410|0x00000000d8200000, 0x00000000d8300000, 0x00000000d8300000|100%| E|CS|TAMS 0x00000000d8200000| PB 0x00000000d8200000| Complete |  0
|1411|0x00000000d8300000, 0x00000000d8400000, 0x00000000d8400000|100%| E|CS|TAMS 0x00000000d8300000| PB 0x00000000d8300000| Complete |  0
|1412|0x00000000d8400000, 0x00000000d8500000, 0x00000000d8500000|100%| E|CS|TAMS 0x00000000d8400000| PB 0x00000000d8400000| Complete |  0
|1413|0x00000000d8500000, 0x00000000d8600000, 0x00000000d8600000|100%| E|CS|TAMS 0x00000000d8500000| PB 0x00000000d8500000| Complete |  0
|1414|0x00000000d8600000, 0x00000000d8700000, 0x00000000d8700000|100%| E|CS|TAMS 0x00000000d8600000| PB 0x00000000d8600000| Complete |  0
|1415|0x00000000d8700000, 0x00000000d8800000, 0x00000000d8800000|100%| E|CS|TAMS 0x00000000d8700000| PB 0x00000000d8700000| Complete |  0
|1416|0x00000000d8800000, 0x00000000d8900000, 0x00000000d8900000|100%| E|CS|TAMS 0x00000000d8800000| PB 0x00000000d8800000| Complete |  0
|1417|0x00000000d8900000, 0x00000000d8a00000, 0x00000000d8a00000|100%| E|CS|TAMS 0x00000000d8900000| PB 0x00000000d8900000| Complete |  0
|1418|0x00000000d8a00000, 0x00000000d8b00000, 0x00000000d8b00000|100%| E|CS|TAMS 0x00000000d8a00000| PB 0x00000000d8a00000| Complete |  0
|1419|0x00000000d8b00000, 0x00000000d8c00000, 0x00000000d8c00000|100%| E|CS|TAMS 0x00000000d8b00000| PB 0x00000000d8b00000| Complete |  0
|1420|0x00000000d8c00000, 0x00000000d8d00000, 0x00000000d8d00000|100%| E|CS|TAMS 0x00000000d8c00000| PB 0x00000000d8c00000| Complete |  0
|1421|0x00000000d8d00000, 0x00000000d8e00000, 0x00000000d8e00000|100%| E|CS|TAMS 0x00000000d8d00000| PB 0x00000000d8d00000| Complete |  0
|1422|0x00000000d8e00000, 0x00000000d8f00000, 0x00000000d8f00000|100%| E|CS|TAMS 0x00000000d8e00000| PB 0x00000000d8e00000| Complete |  0
|1423|0x00000000d8f00000, 0x00000000d9000000, 0x00000000d9000000|100%| E|CS|TAMS 0x00000000d8f00000| PB 0x00000000d8f00000| Complete |  0
|1424|0x00000000d9000000, 0x00000000d9100000, 0x00000000d9100000|100%| E|CS|TAMS 0x00000000d9000000| PB 0x00000000d9000000| Complete |  0
|1425|0x00000000d9100000, 0x00000000d9200000, 0x00000000d9200000|100%| E|CS|TAMS 0x00000000d9100000| PB 0x00000000d9100000| Complete |  0
|1426|0x00000000d9200000, 0x00000000d9300000, 0x00000000d9300000|100%| E|CS|TAMS 0x00000000d9200000| PB 0x00000000d9200000| Complete |  0
|1427|0x00000000d9300000, 0x00000000d9400000, 0x00000000d9400000|100%| E|CS|TAMS 0x00000000d9300000| PB 0x00000000d9300000| Complete |  0
|1428|0x00000000d9400000, 0x00000000d9500000, 0x00000000d9500000|100%| E|CS|TAMS 0x00000000d9400000| PB 0x00000000d9400000| Complete |  0
|1429|0x00000000d9500000, 0x00000000d9600000, 0x00000000d9600000|100%| E|CS|TAMS 0x00000000d9500000| PB 0x00000000d9500000| Complete |  0
|1430|0x00000000d9600000, 0x00000000d9700000, 0x00000000d9700000|100%| E|CS|TAMS 0x00000000d9600000| PB 0x00000000d9600000| Complete |  0
|1431|0x00000000d9700000, 0x00000000d9800000, 0x00000000d9800000|100%| E|CS|TAMS 0x00000000d9700000| PB 0x00000000d9700000| Complete |  0
|1432|0x00000000d9800000, 0x00000000d9900000, 0x00000000d9900000|100%| E|CS|TAMS 0x00000000d9800000| PB 0x00000000d9800000| Complete |  0
|1433|0x00000000d9900000, 0x00000000d9a00000, 0x00000000d9a00000|100%| E|CS|TAMS 0x00000000d9900000| PB 0x00000000d9900000| Complete |  0
|1434|0x00000000d9a00000, 0x00000000d9b00000, 0x00000000d9b00000|100%| E|CS|TAMS 0x00000000d9a00000| PB 0x00000000d9a00000| Complete |  0
|1435|0x00000000d9b00000, 0x00000000d9c00000, 0x00000000d9c00000|100%| E|CS|TAMS 0x00000000d9b00000| PB 0x00000000d9b00000| Complete |  0
|1436|0x00000000d9c00000, 0x00000000d9d00000, 0x00000000d9d00000|100%| E|CS|TAMS 0x00000000d9c00000| PB 0x00000000d9c00000| Complete |  0
|1437|0x00000000d9d00000, 0x00000000d9e00000, 0x00000000d9e00000|100%| E|CS|TAMS 0x00000000d9d00000| PB 0x00000000d9d00000| Complete |  0
|1438|0x00000000d9e00000, 0x00000000d9f00000, 0x00000000d9f00000|100%| E|CS|TAMS 0x00000000d9e00000| PB 0x00000000d9e00000| Complete |  0
|1439|0x00000000d9f00000, 0x00000000da000000, 0x00000000da000000|100%| E|CS|TAMS 0x00000000d9f00000| PB 0x00000000d9f00000| Complete |  0
|1440|0x00000000da000000, 0x00000000da100000, 0x00000000da100000|100%| E|CS|TAMS 0x00000000da000000| PB 0x00000000da000000| Complete |  0
|1441|0x00000000da100000, 0x00000000da200000, 0x00000000da200000|100%| E|CS|TAMS 0x00000000da100000| PB 0x00000000da100000| Complete |  0
|1442|0x00000000da200000, 0x00000000da300000, 0x00000000da300000|100%| E|CS|TAMS 0x00000000da200000| PB 0x00000000da200000| Complete |  0
|1443|0x00000000da300000, 0x00000000da400000, 0x00000000da400000|100%| E|CS|TAMS 0x00000000da300000| PB 0x00000000da300000| Complete |  0
|1444|0x00000000da400000, 0x00000000da500000, 0x00000000da500000|100%| E|CS|TAMS 0x00000000da400000| PB 0x00000000da400000| Complete |  0
|1445|0x00000000da500000, 0x00000000da600000, 0x00000000da600000|100%| E|CS|TAMS 0x00000000da500000| PB 0x00000000da500000| Complete |  0
|1446|0x00000000da600000, 0x00000000da700000, 0x00000000da700000|100%| E|CS|TAMS 0x00000000da600000| PB 0x00000000da600000| Complete |  0
|1447|0x00000000da700000, 0x00000000da800000, 0x00000000da800000|100%| E|CS|TAMS 0x00000000da700000| PB 0x00000000da700000| Complete |  0
|1448|0x00000000da800000, 0x00000000da900000, 0x00000000da900000|100%| E|CS|TAMS 0x00000000da800000| PB 0x00000000da800000| Complete |  0
|1449|0x00000000da900000, 0x00000000daa00000, 0x00000000daa00000|100%| E|CS|TAMS 0x00000000da900000| PB 0x00000000da900000| Complete |  0
|1450|0x00000000daa00000, 0x00000000dab00000, 0x00000000dab00000|100%| E|CS|TAMS 0x00000000daa00000| PB 0x00000000daa00000| Complete |  0
|1451|0x00000000dab00000, 0x00000000dac00000, 0x00000000dac00000|100%| E|CS|TAMS 0x00000000dab00000| PB 0x00000000dab00000| Complete |  0
|1452|0x00000000dac00000, 0x00000000dad00000, 0x00000000dad00000|100%| E|CS|TAMS 0x00000000dac00000| PB 0x00000000dac00000| Complete |  0
|1453|0x00000000dad00000, 0x00000000dae00000, 0x00000000dae00000|100%| E|CS|TAMS 0x00000000dad00000| PB 0x00000000dad00000| Complete |  0
|1454|0x00000000dae00000, 0x00000000daeffff8, 0x00000000daf00000| 99%| E|CS|TAMS 0x00000000dae00000| PB 0x00000000dae00000| Complete |  0
|1455|0x00000000daf00000, 0x00000000db000000, 0x00000000db000000|100%| E|CS|TAMS 0x00000000daf00000| PB 0x00000000daf00000| Complete |  0
|1456|0x00000000db000000, 0x00000000db100000, 0x00000000db100000|100%| E|CS|TAMS 0x00000000db000000| PB 0x00000000db000000| Complete |  0
|1457|0x00000000db100000, 0x00000000db200000, 0x00000000db200000|100%| E|CS|TAMS 0x00000000db100000| PB 0x00000000db100000| Complete |  0
|1458|0x00000000db200000, 0x00000000db300000, 0x00000000db300000|100%| E|CS|TAMS 0x00000000db200000| PB 0x00000000db200000| Complete |  0
|1459|0x00000000db300000, 0x00000000db400000, 0x00000000db400000|100%| E|CS|TAMS 0x00000000db300000| PB 0x00000000db300000| Complete |  0
|1460|0x00000000db400000, 0x00000000db500000, 0x00000000db500000|100%| E|CS|TAMS 0x00000000db400000| PB 0x00000000db400000| Complete |  0
|1461|0x00000000db500000, 0x00000000db600000, 0x00000000db600000|100%| E|CS|TAMS 0x00000000db500000| PB 0x00000000db500000| Complete |  0
|1462|0x00000000db600000, 0x00000000db700000, 0x00000000db700000|100%| E|CS|TAMS 0x00000000db600000| PB 0x00000000db600000| Complete |  0
|1463|0x00000000db700000, 0x00000000db800000, 0x00000000db800000|100%| E|CS|TAMS 0x00000000db700000| PB 0x00000000db700000| Complete |  0
|1464|0x00000000db800000, 0x00000000db900000, 0x00000000db900000|100%| E|CS|TAMS 0x00000000db800000| PB 0x00000000db800000| Complete |  0
|1465|0x00000000db900000, 0x00000000dba00000, 0x00000000dba00000|100%| E|CS|TAMS 0x00000000db900000| PB 0x00000000db900000| Complete |  0
|1466|0x00000000dba00000, 0x00000000dbb00000, 0x00000000dbb00000|100%| E|CS|TAMS 0x00000000dba00000| PB 0x00000000dba00000| Complete |  0
|1467|0x00000000dbb00000, 0x00000000dbc00000, 0x00000000dbc00000|100%| E|CS|TAMS 0x00000000dbb00000| PB 0x00000000dbb00000| Complete |  0
|1468|0x00000000dbc00000, 0x00000000dbd00000, 0x00000000dbd00000|100%| E|CS|TAMS 0x00000000dbc00000| PB 0x00000000dbc00000| Complete |  0
|1469|0x00000000dbd00000, 0x00000000dbe00000, 0x00000000dbe00000|100%| E|CS|TAMS 0x00000000dbd00000| PB 0x00000000dbd00000| Complete |  0
|1470|0x00000000dbe00000, 0x00000000dbf00000, 0x00000000dbf00000|100%| E|CS|TAMS 0x00000000dbe00000| PB 0x00000000dbe00000| Complete |  0
|1471|0x00000000dbf00000, 0x00000000dc000000, 0x00000000dc000000|100%| E|CS|TAMS 0x00000000dbf00000| PB 0x00000000dbf00000| Complete |  0
|1472|0x00000000dc000000, 0x00000000dc100000, 0x00000000dc100000|100%| E|CS|TAMS 0x00000000dc000000| PB 0x00000000dc000000| Complete |  0
|1473|0x00000000dc100000, 0x00000000dc200000, 0x00000000dc200000|100%| E|CS|TAMS 0x00000000dc100000| PB 0x00000000dc100000| Complete |  0
|1474|0x00000000dc200000, 0x00000000dc300000, 0x00000000dc300000|100%| E|CS|TAMS 0x00000000dc200000| PB 0x00000000dc200000| Complete |  0
|1475|0x00000000dc300000, 0x00000000dc400000, 0x00000000dc400000|100%| E|CS|TAMS 0x00000000dc300000| PB 0x00000000dc300000| Complete |  0
|1476|0x00000000dc400000, 0x00000000dc500000, 0x00000000dc500000|100%| E|CS|TAMS 0x00000000dc400000| PB 0x00000000dc400000| Complete |  0
|1477|0x00000000dc500000, 0x00000000dc600000, 0x00000000dc600000|100%| E|CS|TAMS 0x00000000dc500000| PB 0x00000000dc500000| Complete |  0
|1478|0x00000000dc600000, 0x00000000dc700000, 0x00000000dc700000|100%| E|CS|TAMS 0x00000000dc600000| PB 0x00000000dc600000| Complete |  0
|1479|0x00000000dc700000, 0x00000000dc800000, 0x00000000dc800000|100%| E|CS|TAMS 0x00000000dc700000| PB 0x00000000dc700000| Complete |  0
|1480|0x00000000dc800000, 0x00000000dc900000, 0x00000000dc900000|100%| E|CS|TAMS 0x00000000dc800000| PB 0x00000000dc800000| Complete |  0
|1481|0x00000000dc900000, 0x00000000dca00000, 0x00000000dca00000|100%| E|CS|TAMS 0x00000000dc900000| PB 0x00000000dc900000| Complete |  0
|1482|0x00000000dca00000, 0x00000000dcb00000, 0x00000000dcb00000|100%| E|CS|TAMS 0x00000000dca00000| PB 0x00000000dca00000| Complete |  0
|1483|0x00000000dcb00000, 0x00000000dcc00000, 0x00000000dcc00000|100%| E|CS|TAMS 0x00000000dcb00000| PB 0x00000000dcb00000| Complete |  0
|1484|0x00000000dcc00000, 0x00000000dcd00000, 0x00000000dcd00000|100%| E|CS|TAMS 0x00000000dcc00000| PB 0x00000000dcc00000| Complete |  0
|1485|0x00000000dcd00000, 0x00000000dce00000, 0x00000000dce00000|100%| E|CS|TAMS 0x00000000dcd00000| PB 0x00000000dcd00000| Complete |  0
|1486|0x00000000dce00000, 0x00000000dcf00000, 0x00000000dcf00000|100%| E|CS|TAMS 0x00000000dce00000| PB 0x00000000dce00000| Complete |  0
|1487|0x00000000dcf00000, 0x00000000dd000000, 0x00000000dd000000|100%| E|CS|TAMS 0x00000000dcf00000| PB 0x00000000dcf00000| Complete |  0
|1488|0x00000000dd000000, 0x00000000dd100000, 0x00000000dd100000|100%| E|CS|TAMS 0x00000000dd000000| PB 0x00000000dd000000| Complete |  0
|1489|0x00000000dd100000, 0x00000000dd200000, 0x00000000dd200000|100%| E|CS|TAMS 0x00000000dd100000| PB 0x00000000dd100000| Complete |  0
|1490|0x00000000dd200000, 0x00000000dd300000, 0x00000000dd300000|100%| E|CS|TAMS 0x00000000dd200000| PB 0x00000000dd200000| Complete |  0
|1491|0x00000000dd300000, 0x00000000dd400000, 0x00000000dd400000|100%| E|CS|TAMS 0x00000000dd300000| PB 0x00000000dd300000| Complete |  0
|1492|0x00000000dd400000, 0x00000000dd500000, 0x00000000dd500000|100%| S|  |TAMS 0x00000000dd400000| PB 0x00000000dd400000| Complete |  0
|1493|0x00000000dd500000, 0x00000000dd600000, 0x00000000dd600000|100%| S|  |TAMS 0x00000000dd500000| PB 0x00000000dd500000| Complete |  0
|1494|0x00000000dd600000, 0x00000000dd700000, 0x00000000dd700000|100%| S|  |TAMS 0x00000000dd600000| PB 0x00000000dd600000| Complete |  0
|1495|0x00000000dd700000, 0x00000000dd800000, 0x00000000dd800000|100%| S|  |TAMS 0x00000000dd700000| PB 0x00000000dd700000| Complete |  0
|1496|0x00000000dd800000, 0x00000000dd900000, 0x00000000dd900000|100%| S|  |TAMS 0x00000000dd800000| PB 0x00000000dd800000| Complete |  0
|1497|0x00000000dd900000, 0x00000000dda00000, 0x00000000dda00000|100%| S|  |TAMS 0x00000000dd900000| PB 0x00000000dd900000| Complete |  0
|1498|0x00000000dda00000, 0x00000000ddb00000, 0x00000000ddb00000|100%| S|  |TAMS 0x00000000dda00000| PB 0x00000000dda00000| Complete |  0
|1499|0x00000000ddb00000, 0x00000000ddc00000, 0x00000000ddc00000|100%| S|  |TAMS 0x00000000ddb00000| PB 0x00000000ddb00000| Complete |  0
|1500|0x00000000ddc00000, 0x00000000ddd00000, 0x00000000ddd00000|100%| S|  |TAMS 0x00000000ddc00000| PB 0x00000000ddc00000| Complete |  0
|1501|0x00000000ddd00000, 0x00000000dde00000, 0x00000000dde00000|100%| S|  |TAMS 0x00000000ddd00000| PB 0x00000000ddd00000| Complete |  0
|1502|0x00000000dde00000, 0x00000000ddf00000, 0x00000000ddf00000|100%| S|  |TAMS 0x00000000dde00000| PB 0x00000000dde00000| Complete |  0
|1503|0x00000000ddf00000, 0x00000000de000000, 0x00000000de000000|100%| S|  |TAMS 0x00000000ddf00000| PB 0x00000000ddf00000| Complete |  0
|1504|0x00000000de000000, 0x00000000de100000, 0x00000000de100000|100%| S|  |TAMS 0x00000000de000000| PB 0x00000000de000000| Complete |  0
|1505|0x00000000de100000, 0x00000000de200000, 0x00000000de200000|100%| S|  |TAMS 0x00000000de100000| PB 0x00000000de100000| Complete |  0
|1506|0x00000000de200000, 0x00000000de300000, 0x00000000de300000|100%| S|  |TAMS 0x00000000de200000| PB 0x00000000de200000| Complete |  0
|1507|0x00000000de300000, 0x00000000de400000, 0x00000000de400000|100%| S|  |TAMS 0x00000000de300000| PB 0x00000000de300000| Complete |  0
|1508|0x00000000de400000, 0x00000000de500000, 0x00000000de500000|100%| S|  |TAMS 0x00000000de400000| PB 0x00000000de400000| Complete |  0
|1509|0x00000000de500000, 0x00000000de600000, 0x00000000de600000|100%| S|  |TAMS 0x00000000de500000| PB 0x00000000de500000| Complete |  0
|1510|0x00000000de600000, 0x00000000de700000, 0x00000000de700000|100%| S|  |TAMS 0x00000000de600000| PB 0x00000000de600000| Complete |  0
|1511|0x00000000de700000, 0x00000000de800000, 0x00000000de800000|100%| S|  |TAMS 0x00000000de700000| PB 0x00000000de700000| Complete |  0
|1512|0x00000000de800000, 0x00000000de900000, 0x00000000de900000|100%| S|  |TAMS 0x00000000de800000| PB 0x00000000de800000| Complete |  0
|1513|0x00000000de900000, 0x00000000dea00000, 0x00000000dea00000|100%| S|  |TAMS 0x00000000de900000| PB 0x00000000de900000| Complete |  0
|1514|0x00000000dea00000, 0x00000000deb00000, 0x00000000deb00000|100%| S|  |TAMS 0x00000000dea00000| PB 0x00000000dea00000| Complete |  0
|1515|0x00000000deb00000, 0x00000000dec00000, 0x00000000dec00000|100%| S|  |TAMS 0x00000000deb00000| PB 0x00000000deb00000| Complete |  0
|1516|0x00000000dec00000, 0x00000000ded00000, 0x00000000ded00000|100%| S|  |TAMS 0x00000000dec00000| PB 0x00000000dec00000| Complete |  0
|1517|0x00000000ded00000, 0x00000000dee00000, 0x00000000dee00000|100%| S|  |TAMS 0x00000000ded00000| PB 0x00000000ded00000| Complete |  0
|1518|0x00000000dee00000, 0x00000000def00000, 0x00000000def00000|100%| S|  |TAMS 0x00000000dee00000| PB 0x00000000dee00000| Complete |  0
|1519|0x00000000def00000, 0x00000000df000000, 0x00000000df000000|100%| S|  |TAMS 0x00000000def00000| PB 0x00000000def00000| Complete |  0
|1520|0x00000000df000000, 0x00000000df100000, 0x00000000df100000|100%| S|  |TAMS 0x00000000df000000| PB 0x00000000df000000| Complete |  0
|1521|0x00000000df100000, 0x00000000df200000, 0x00000000df200000|100%| S|  |TAMS 0x00000000df100000| PB 0x00000000df100000| Complete |  0
|1522|0x00000000df200000, 0x00000000df300000, 0x00000000df300000|100%| S|  |TAMS 0x00000000df200000| PB 0x00000000df200000| Complete |  0
|1523|0x00000000df300000, 0x00000000df400000, 0x00000000df400000|100%| S|  |TAMS 0x00000000df300000| PB 0x00000000df300000| Complete |  0
|1524|0x00000000df400000, 0x00000000df500000, 0x00000000df500000|100%| S|  |TAMS 0x00000000df400000| PB 0x00000000df400000| Complete |  0
|1525|0x00000000df500000, 0x00000000df600000, 0x00000000df600000|100%| S|  |TAMS 0x00000000df500000| PB 0x00000000df500000| Complete |  0
|1526|0x00000000df600000, 0x00000000df700000, 0x00000000df700000|100%| S|  |TAMS 0x00000000df600000| PB 0x00000000df600000| Complete |  0
|1527|0x00000000df700000, 0x00000000df800000, 0x00000000df800000|100%| S|  |TAMS 0x00000000df700000| PB 0x00000000df700000| Complete |  0
|1528|0x00000000df800000, 0x00000000df900000, 0x00000000df900000|100%| S|  |TAMS 0x00000000df800000| PB 0x00000000df800000| Complete |  0
|1529|0x00000000df900000, 0x00000000dfa00000, 0x00000000dfa00000|100%| S|  |TAMS 0x00000000df900000| PB 0x00000000df900000| Complete |  0
|1530|0x00000000dfa00000, 0x00000000dfb00000, 0x00000000dfb00000|100%| S|  |TAMS 0x00000000dfa00000| PB 0x00000000dfa00000| Complete |  0
|1531|0x00000000dfb00000, 0x00000000dfc00000, 0x00000000dfc00000|100%| S|  |TAMS 0x00000000dfb00000| PB 0x00000000dfb00000| Complete |  0
|1532|0x00000000dfc00000, 0x00000000dfd00000, 0x00000000dfd00000|100%| S|  |TAMS 0x00000000dfc00000| PB 0x00000000dfc00000| Complete |  0
|1533|0x00000000dfd00000, 0x00000000dfe00000, 0x00000000dfe00000|100%| S|  |TAMS 0x00000000dfd00000| PB 0x00000000dfd00000| Complete |  0
|1534|0x00000000dfe00000, 0x00000000dff00000, 0x00000000dff00000|100%| S|  |TAMS 0x00000000dfe00000| PB 0x00000000dfe00000| Complete |  0
|1535|0x00000000dff00000, 0x00000000e0000000, 0x00000000e0000000|100%| S|  |TAMS 0x00000000dff00000| PB 0x00000000dff00000| Complete |  0
|1536|0x00000000e0000000, 0x00000000e0100000, 0x00000000e0100000|100%| S|  |TAMS 0x00000000e0000000| PB 0x00000000e0000000| Complete |  0
|1537|0x00000000e0100000, 0x00000000e0200000, 0x00000000e0200000|100%| S|  |TAMS 0x00000000e0100000| PB 0x00000000e0100000| Complete |  0
|1538|0x00000000e0200000, 0x00000000e0300000, 0x00000000e0300000|100%| S|  |TAMS 0x00000000e0200000| PB 0x00000000e0200000| Complete |  0
|1539|0x00000000e0300000, 0x00000000e0400000, 0x00000000e0400000|100%| S|  |TAMS 0x00000000e0300000| PB 0x00000000e0300000| Complete |  0
|1540|0x00000000e0400000, 0x00000000e0500000, 0x00000000e0500000|100%| S|  |TAMS 0x00000000e0400000| PB 0x00000000e0400000| Complete |  0
|1541|0x00000000e0500000, 0x00000000e0600000, 0x00000000e0600000|100%| S|  |TAMS 0x00000000e0500000| PB 0x00000000e0500000| Complete |  0
|1542|0x00000000e0600000, 0x00000000e0700000, 0x00000000e0700000|100%| S|  |TAMS 0x00000000e0600000| PB 0x00000000e0600000| Complete |  0
|1543|0x00000000e0700000, 0x00000000e0800000, 0x00000000e0800000|100%| S|  |TAMS 0x00000000e0700000| PB 0x00000000e0700000| Complete |  0
|1544|0x00000000e0800000, 0x00000000e0900000, 0x00000000e0900000|100%| S|  |TAMS 0x00000000e0800000| PB 0x00000000e0800000| Complete |  0
|1545|0x00000000e0900000, 0x00000000e0a00000, 0x00000000e0a00000|100%| S|  |TAMS 0x00000000e0900000| PB 0x00000000e0900000| Complete |  0
|1546|0x00000000e0a00000, 0x00000000e0b00000, 0x00000000e0b00000|100%| S|  |TAMS 0x00000000e0a00000| PB 0x00000000e0a00000| Complete |  0
|1547|0x00000000e0b00000, 0x00000000e0c00000, 0x00000000e0c00000|100%| S|  |TAMS 0x00000000e0b00000| PB 0x00000000e0b00000| Complete |  0
|1548|0x00000000e0c00000, 0x00000000e0d00000, 0x00000000e0d00000|100%| S|  |TAMS 0x00000000e0c00000| PB 0x00000000e0c00000| Complete |  0
|1549|0x00000000e0d00000, 0x00000000e0e00000, 0x00000000e0e00000|100%| S|  |TAMS 0x00000000e0d00000| PB 0x00000000e0d00000| Complete |  0
|1550|0x00000000e0e00000, 0x00000000e0f00000, 0x00000000e0f00000|100%| S|  |TAMS 0x00000000e0e00000| PB 0x00000000e0e00000| Complete |  0
|1551|0x00000000e0f00000, 0x00000000e1000000, 0x00000000e1000000|100%| S|  |TAMS 0x00000000e0f00000| PB 0x00000000e0f00000| Complete |  0
|1552|0x00000000e1000000, 0x00000000e1100000, 0x00000000e1100000|100%| S|  |TAMS 0x00000000e1000000| PB 0x00000000e1000000| Complete |  0
|1553|0x00000000e1100000, 0x00000000e1200000, 0x00000000e1200000|100%| S|  |TAMS 0x00000000e1100000| PB 0x00000000e1100000| Complete |  0
|1554|0x00000000e1200000, 0x00000000e1300000, 0x00000000e1300000|100%| S|  |TAMS 0x00000000e1200000| PB 0x00000000e1200000| Complete |  0
|1555|0x00000000e1300000, 0x00000000e1400000, 0x00000000e1400000|100%| S|  |TAMS 0x00000000e1300000| PB 0x00000000e1300000| Complete |  0
|1556|0x00000000e1400000, 0x00000000e1500000, 0x00000000e1500000|100%| S|  |TAMS 0x00000000e1400000| PB 0x00000000e1400000| Complete |  0
|1557|0x00000000e1500000, 0x00000000e1600000, 0x00000000e1600000|100%| S|  |TAMS 0x00000000e1500000| PB 0x00000000e1500000| Complete |  0
|1558|0x00000000e1600000, 0x00000000e1700000, 0x00000000e1700000|100%| S|  |TAMS 0x00000000e1600000| PB 0x00000000e1600000| Complete |  0
|1559|0x00000000e1700000, 0x00000000e1800000, 0x00000000e1800000|100%| S|  |TAMS 0x00000000e1700000| PB 0x00000000e1700000| Complete |  0
|1560|0x00000000e1800000, 0x00000000e1900000, 0x00000000e1900000|100%| S|  |TAMS 0x00000000e1800000| PB 0x00000000e1800000| Complete |  0
|1561|0x00000000e1900000, 0x00000000e1a00000, 0x00000000e1a00000|100%| S|  |TAMS 0x00000000e1900000| PB 0x00000000e1900000| Complete |  0
|1562|0x00000000e1a00000, 0x00000000e1b00000, 0x00000000e1b00000|100%| S|  |TAMS 0x00000000e1a00000| PB 0x00000000e1a00000| Complete |  0
|1563|0x00000000e1b00000, 0x00000000e1c00000, 0x00000000e1c00000|100%| S|  |TAMS 0x00000000e1b00000| PB 0x00000000e1b00000| Complete |  0
|1564|0x00000000e1c00000, 0x00000000e1d00000, 0x00000000e1d00000|100%| S|  |TAMS 0x00000000e1c00000| PB 0x00000000e1c00000| Complete |  0
|1565|0x00000000e1d00000, 0x00000000e1e00000, 0x00000000e1e00000|100%| S|  |TAMS 0x00000000e1d00000| PB 0x00000000e1d00000| Complete |  0
|1566|0x00000000e1e00000, 0x00000000e1f00000, 0x00000000e1f00000|100%| S|  |TAMS 0x00000000e1e00000| PB 0x00000000e1e00000| Complete |  0
|1567|0x00000000e1f00000, 0x00000000e2000000, 0x00000000e2000000|100%| S|  |TAMS 0x00000000e1f00000| PB 0x00000000e1f00000| Complete |  0
|1568|0x00000000e2000000, 0x00000000e2100000, 0x00000000e2100000|100%| S|  |TAMS 0x00000000e2000000| PB 0x00000000e2000000| Complete |  0
|1569|0x00000000e2100000, 0x00000000e2200000, 0x00000000e2200000|100%| S|  |TAMS 0x00000000e2100000| PB 0x00000000e2100000| Complete |  0
|1570|0x00000000e2200000, 0x00000000e2300000, 0x00000000e2300000|100%| S|  |TAMS 0x00000000e2200000| PB 0x00000000e2200000| Complete |  0
|1571|0x00000000e2300000, 0x00000000e2400000, 0x00000000e2400000|100%| S|  |TAMS 0x00000000e2300000| PB 0x00000000e2300000| Complete |  0
|1572|0x00000000e2400000, 0x00000000e2500000, 0x00000000e2500000|100%| S|  |TAMS 0x00000000e2400000| PB 0x00000000e2400000| Complete |  0
|1573|0x00000000e2500000, 0x00000000e2600000, 0x00000000e2600000|100%| S|  |TAMS 0x00000000e2500000| PB 0x00000000e2500000| Complete |  0
|1574|0x00000000e2600000, 0x00000000e2700000, 0x00000000e2700000|100%| S|  |TAMS 0x00000000e2600000| PB 0x00000000e2600000| Complete |  0
|1575|0x00000000e2700000, 0x00000000e2800000, 0x00000000e2800000|100%| S|  |TAMS 0x00000000e2700000| PB 0x00000000e2700000| Complete |  0
|1576|0x00000000e2800000, 0x00000000e2900000, 0x00000000e2900000|100%| S|  |TAMS 0x00000000e2800000| PB 0x00000000e2800000| Complete |  0
|1577|0x00000000e2900000, 0x00000000e2a00000, 0x00000000e2a00000|100%| S|  |TAMS 0x00000000e2900000| PB 0x00000000e2900000| Complete |  0
|1578|0x00000000e2a00000, 0x00000000e2b00000, 0x00000000e2b00000|100%| S|  |TAMS 0x00000000e2a00000| PB 0x00000000e2a00000| Complete |  0
|1579|0x00000000e2b00000, 0x00000000e2c00000, 0x00000000e2c00000|100%| S|  |TAMS 0x00000000e2b00000| PB 0x00000000e2b00000| Complete |  0
|1580|0x00000000e2c00000, 0x00000000e2d00000, 0x00000000e2d00000|100%| S|  |TAMS 0x00000000e2c00000| PB 0x00000000e2c00000| Complete |  0
|1581|0x00000000e2d00000, 0x00000000e2e00000, 0x00000000e2e00000|100%| S|  |TAMS 0x00000000e2d00000| PB 0x00000000e2d00000| Complete |  0
|1582|0x00000000e2e00000, 0x00000000e2f00000, 0x00000000e2f00000|100%| S|  |TAMS 0x00000000e2e00000| PB 0x00000000e2e00000| Complete |  0
|1583|0x00000000e2f00000, 0x00000000e3000000, 0x00000000e3000000|100%| S|  |TAMS 0x00000000e2f00000| PB 0x00000000e2f00000| Complete |  0
|1584|0x00000000e3000000, 0x00000000e3100000, 0x00000000e3100000|100%| S|  |TAMS 0x00000000e3000000| PB 0x00000000e3000000| Complete |  0
|1585|0x00000000e3100000, 0x00000000e3200000, 0x00000000e3200000|100%| S|  |TAMS 0x00000000e3100000| PB 0x00000000e3100000| Complete |  0
|1586|0x00000000e3200000, 0x00000000e3300000, 0x00000000e3300000|100%| S|  |TAMS 0x00000000e3200000| PB 0x00000000e3200000| Complete |  0
|1587|0x00000000e3300000, 0x00000000e3400000, 0x00000000e3400000|100%| S|  |TAMS 0x00000000e3300000| PB 0x00000000e3300000| Complete |  0
|1588|0x00000000e3400000, 0x00000000e3500000, 0x00000000e3500000|100%| S|  |TAMS 0x00000000e3400000| PB 0x00000000e3400000| Complete |  0
|1589|0x00000000e3500000, 0x00000000e3600000, 0x00000000e3600000|100%| S|  |TAMS 0x00000000e3500000| PB 0x00000000e3500000| Complete |  0
|1590|0x00000000e3600000, 0x00000000e3700000, 0x00000000e3700000|100%| S|  |TAMS 0x00000000e3600000| PB 0x00000000e3600000| Complete |  0
|1591|0x00000000e3700000, 0x00000000e3800000, 0x00000000e3800000|100%| S|  |TAMS 0x00000000e3700000| PB 0x00000000e3700000| Complete |  0
|1592|0x00000000e3800000, 0x00000000e3900000, 0x00000000e3900000|100%| S|  |TAMS 0x00000000e3800000| PB 0x00000000e3800000| Complete |  0
|1593|0x00000000e3900000, 0x00000000e3a00000, 0x00000000e3a00000|100%| S|  |TAMS 0x00000000e3900000| PB 0x00000000e3900000| Complete |  0
|1594|0x00000000e3a00000, 0x00000000e3b00000, 0x00000000e3b00000|100%| S|  |TAMS 0x00000000e3a00000| PB 0x00000000e3a00000| Complete |  0
|1595|0x00000000e3b00000, 0x00000000e3c00000, 0x00000000e3c00000|100%| S|  |TAMS 0x00000000e3b00000| PB 0x00000000e3b00000| Complete |  0
|1596|0x00000000e3c00000, 0x00000000e3d00000, 0x00000000e3d00000|100%| S|  |TAMS 0x00000000e3c00000| PB 0x00000000e3c00000| Complete |  0
|1597|0x00000000e3d00000, 0x00000000e3e00000, 0x00000000e3e00000|100%| S|  |TAMS 0x00000000e3d00000| PB 0x00000000e3d00000| Complete |  0
|1598|0x00000000e3e00000, 0x00000000e3f00000, 0x00000000e3f00000|100%| S|  |TAMS 0x00000000e3e00000| PB 0x00000000e3e00000| Complete |  0
|1599|0x00000000e3f00000, 0x00000000e4000000, 0x00000000e4000000|100%| S|  |TAMS 0x00000000e3f00000| PB 0x00000000e3f00000| Complete |  0
|1600|0x00000000e4000000, 0x00000000e4100000, 0x00000000e4100000|100%| S|  |TAMS 0x00000000e4000000| PB 0x00000000e4000000| Complete |  0
|1601|0x00000000e4100000, 0x00000000e4200000, 0x00000000e4200000|100%| S|  |TAMS 0x00000000e4100000| PB 0x00000000e4100000| Complete |  0
|1602|0x00000000e4200000, 0x00000000e4300000, 0x00000000e4300000|100%| S|  |TAMS 0x00000000e4200000| PB 0x00000000e4200000| Complete |  0
|1603|0x00000000e4300000, 0x00000000e4400000, 0x00000000e4400000|100%| S|  |TAMS 0x00000000e4300000| PB 0x00000000e4300000| Complete |  0
|1604|0x00000000e4400000, 0x00000000e4500000, 0x00000000e4500000|100%| S|  |TAMS 0x00000000e4400000| PB 0x00000000e4400000| Complete |  0
|1935|0x00000000f8f00000, 0x00000000f9000000, 0x00000000f9000000|100%| O|  |TAMS 0x00000000f8f00000| PB 0x00000000f8f00000| Untracked |  0
|1936|0x00000000f9000000, 0x00000000f9100000, 0x00000000f9100000|100%| O|  |TAMS 0x00000000f9000000| PB 0x00000000f9000000| Untracked |  0
|1937|0x00000000f9100000, 0x00000000f9200000, 0x00000000f9200000|100%| O|  |TAMS 0x00000000f9100000| PB 0x00000000f9100000| Untracked |  0
|1938|0x00000000f9200000, 0x00000000f9300000, 0x00000000f9300000|100%| O|  |TAMS 0x00000000f9200000| PB 0x00000000f9200000| Untracked |  0
|1939|0x00000000f9300000, 0x00000000f9400000, 0x00000000f9400000|100%| O|  |TAMS 0x00000000f9300000| PB 0x00000000f9300000| Untracked |  0
|1940|0x00000000f9400000, 0x00000000f9500000, 0x00000000f9500000|100%| O|  |TAMS 0x00000000f9400000| PB 0x00000000f9400000| Untracked |  0
|1941|0x00000000f9500000, 0x00000000f9600000, 0x00000000f9600000|100%| O|  |TAMS 0x00000000f9500000| PB 0x00000000f9500000| Untracked |  0
|1942|0x00000000f9600000, 0x00000000f9700000, 0x00000000f9700000|100%| O|  |TAMS 0x00000000f9600000| PB 0x00000000f9600000| Untracked |  0
|1943|0x00000000f9700000, 0x00000000f9800000, 0x00000000f9800000|100%| O|  |TAMS 0x00000000f9700000| PB 0x00000000f9700000| Untracked |  0
|1944|0x00000000f9800000, 0x00000000f9900000, 0x00000000f9900000|100%| O|  |TAMS 0x00000000f9800000| PB 0x00000000f9800000| Untracked |  0
|1945|0x00000000f9900000, 0x00000000f9a00000, 0x00000000f9a00000|100%| O|  |TAMS 0x00000000f9900000| PB 0x00000000f9900000| Untracked |  0
|1946|0x00000000f9a00000, 0x00000000f9b00000, 0x00000000f9b00000|100%| O|  |TAMS 0x00000000f9a00000| PB 0x00000000f9a00000| Untracked |  0
|1947|0x00000000f9b00000, 0x00000000f9c00000, 0x00000000f9c00000|100%| O|  |TAMS 0x00000000f9b00000| PB 0x00000000f9b00000| Untracked |  0
|1948|0x00000000f9c00000, 0x00000000f9d00000, 0x00000000f9d00000|100%| O|  |TAMS 0x00000000f9c00000| PB 0x00000000f9c00000| Untracked |  0
|1949|0x00000000f9d00000, 0x00000000f9e00000, 0x00000000f9e00000|100%| O|  |TAMS 0x00000000f9d00000| PB 0x00000000f9d00000| Untracked |  0
|1950|0x00000000f9e00000, 0x00000000f9f00000, 0x00000000f9f00000|100%| O|  |TAMS 0x00000000f9e00000| PB 0x00000000f9e00000| Untracked |  0
|1951|0x00000000f9f00000, 0x00000000fa000000, 0x00000000fa000000|100%| O|  |TAMS 0x00000000f9f00000| PB 0x00000000f9f00000| Untracked |  0
|1952|0x00000000fa000000, 0x00000000fa100000, 0x00000000fa100000|100%| O|  |TAMS 0x00000000fa000000| PB 0x00000000fa000000| Untracked |  0
|1953|0x00000000fa100000, 0x00000000fa200000, 0x00000000fa200000|100%| O|  |TAMS 0x00000000fa100000| PB 0x00000000fa100000| Untracked |  0
|1954|0x00000000fa200000, 0x00000000fa300000, 0x00000000fa300000|100%| O|  |TAMS 0x00000000fa200000| PB 0x00000000fa200000| Untracked |  0
|1955|0x00000000fa300000, 0x00000000fa400000, 0x00000000fa400000|100%| O|  |TAMS 0x00000000fa300000| PB 0x00000000fa300000| Untracked |  0
|1956|0x00000000fa400000, 0x00000000fa500000, 0x00000000fa500000|100%| O|  |TAMS 0x00000000fa400000| PB 0x00000000fa400000| Untracked |  0
|1957|0x00000000fa500000, 0x00000000fa600000, 0x00000000fa600000|100%| O|  |TAMS 0x00000000fa500000| PB 0x00000000fa500000| Untracked |  0
|1958|0x00000000fa600000, 0x00000000fa700000, 0x00000000fa700000|100%| O|  |TAMS 0x00000000fa600000| PB 0x00000000fa600000| Untracked |  0
|1959|0x00000000fa700000, 0x00000000fa800000, 0x00000000fa800000|100%| O|  |TAMS 0x00000000fa700000| PB 0x00000000fa700000| Untracked |  0
|1960|0x00000000fa800000, 0x00000000fa900000, 0x00000000fa900000|100%| O|  |TAMS 0x00000000fa800000| PB 0x00000000fa800000| Untracked |  0
|1961|0x00000000fa900000, 0x00000000faa00000, 0x00000000faa00000|100%| O|  |TAMS 0x00000000fa900000| PB 0x00000000fa900000| Untracked |  0
|1962|0x00000000faa00000, 0x00000000fab00000, 0x00000000fab00000|100%| O|  |TAMS 0x00000000faa00000| PB 0x00000000faa00000| Untracked |  0
|1963|0x00000000fab00000, 0x00000000fac00000, 0x00000000fac00000|100%| O|  |TAMS 0x00000000fab00000| PB 0x00000000fab00000| Untracked |  0
|1964|0x00000000fac00000, 0x00000000fad00000, 0x00000000fad00000|100%| O|  |TAMS 0x00000000fac00000| PB 0x00000000fac00000| Untracked |  0
|1965|0x00000000fad00000, 0x00000000fae00000, 0x00000000fae00000|100%| O|  |TAMS 0x00000000fad00000| PB 0x00000000fad00000| Untracked |  0
|1966|0x00000000fae00000, 0x00000000faf00000, 0x00000000faf00000|100%| O|  |TAMS 0x00000000fae00000| PB 0x00000000fae00000| Untracked |  0
|1967|0x00000000faf00000, 0x00000000fb000000, 0x00000000fb000000|100%| O|  |TAMS 0x00000000faf00000| PB 0x00000000faf00000| Untracked |  0
|1968|0x00000000fb000000, 0x00000000fb100000, 0x00000000fb100000|100%| O|  |TAMS 0x00000000fb000000| PB 0x00000000fb000000| Untracked |  0
|1969|0x00000000fb100000, 0x00000000fb200000, 0x00000000fb200000|100%| O|  |TAMS 0x00000000fb100000| PB 0x00000000fb100000| Untracked |  0
|1970|0x00000000fb200000, 0x00000000fb300000, 0x00000000fb300000|100%| O|  |TAMS 0x00000000fb200000| PB 0x00000000fb200000| Untracked |  0
|1971|0x00000000fb300000, 0x00000000fb400000, 0x00000000fb400000|100%| O|  |TAMS 0x00000000fb300000| PB 0x00000000fb300000| Untracked |  0
|1972|0x00000000fb400000, 0x00000000fb500000, 0x00000000fb500000|100%| O|  |TAMS 0x00000000fb400000| PB 0x00000000fb400000| Untracked |  0
|1973|0x00000000fb500000, 0x00000000fb600000, 0x00000000fb600000|100%| O|  |TAMS 0x00000000fb500000| PB 0x00000000fb500000| Untracked |  0
|1974|0x00000000fb600000, 0x00000000fb700000, 0x00000000fb700000|100%| O|  |TAMS 0x00000000fb600000| PB 0x00000000fb600000| Untracked |  0
|1975|0x00000000fb700000, 0x00000000fb800000, 0x00000000fb800000|100%| O|  |TAMS 0x00000000fb700000| PB 0x00000000fb700000| Untracked |  0
|1976|0x00000000fb800000, 0x00000000fb900000, 0x00000000fb900000|100%| O|  |TAMS 0x00000000fb800000| PB 0x00000000fb800000| Untracked |  0
|1977|0x00000000fb900000, 0x00000000fba00000, 0x00000000fba00000|100%| O|  |TAMS 0x00000000fb900000| PB 0x00000000fb900000| Untracked |  0
|1978|0x00000000fba00000, 0x00000000fbb00000, 0x00000000fbb00000|100%| O|  |TAMS 0x00000000fba00000| PB 0x00000000fba00000| Untracked |  0
|1979|0x00000000fbb00000, 0x00000000fbc00000, 0x00000000fbc00000|100%| O|  |TAMS 0x00000000fbb00000| PB 0x00000000fbb00000| Untracked |  0
|1980|0x00000000fbc00000, 0x00000000fbd00000, 0x00000000fbd00000|100%| O|  |TAMS 0x00000000fbc00000| PB 0x00000000fbc00000| Untracked |  0
|1981|0x00000000fbd00000, 0x00000000fbe00000, 0x00000000fbe00000|100%| O|  |TAMS 0x00000000fbd00000| PB 0x00000000fbd00000| Untracked |  0
|1982|0x00000000fbe00000, 0x00000000fbf00000, 0x00000000fbf00000|100%| O|  |TAMS 0x00000000fbe00000| PB 0x00000000fbe00000| Untracked |  0
|1983|0x00000000fbf00000, 0x00000000fc000000, 0x00000000fc000000|100%| O|  |TAMS 0x00000000fbf00000| PB 0x00000000fbf00000| Untracked |  0
|1984|0x00000000fc000000, 0x00000000fc100000, 0x00000000fc100000|100%| O|  |TAMS 0x00000000fc000000| PB 0x00000000fc000000| Untracked |  0
|1985|0x00000000fc100000, 0x00000000fc200000, 0x00000000fc200000|100%| O|  |TAMS 0x00000000fc100000| PB 0x00000000fc100000| Untracked |  0
|1986|0x00000000fc200000, 0x00000000fc300000, 0x00000000fc300000|100%| O|  |TAMS 0x00000000fc200000| PB 0x00000000fc200000| Untracked |  0
|1987|0x00000000fc300000, 0x00000000fc400000, 0x00000000fc400000|100%| O|  |TAMS 0x00000000fc300000| PB 0x00000000fc300000| Untracked |  0
|1988|0x00000000fc400000, 0x00000000fc500000, 0x00000000fc500000|100%| O|  |TAMS 0x00000000fc400000| PB 0x00000000fc400000| Untracked |  0
|1989|0x00000000fc500000, 0x00000000fc600000, 0x00000000fc600000|100%| O|  |TAMS 0x00000000fc500000| PB 0x00000000fc500000| Untracked |  0
|1990|0x00000000fc600000, 0x00000000fc700000, 0x00000000fc700000|100%| O|  |TAMS 0x00000000fc600000| PB 0x00000000fc600000| Untracked |  0
|1991|0x00000000fc700000, 0x00000000fc800000, 0x00000000fc800000|100%| O|  |TAMS 0x00000000fc700000| PB 0x00000000fc700000| Untracked |  0
|1992|0x00000000fc800000, 0x00000000fc900000, 0x00000000fc900000|100%| O|  |TAMS 0x00000000fc800000| PB 0x00000000fc800000| Untracked |  0
|1993|0x00000000fc900000, 0x00000000fca00000, 0x00000000fca00000|100%| O|  |TAMS 0x00000000fc900000| PB 0x00000000fc900000| Untracked |  0
|1994|0x00000000fca00000, 0x00000000fcb00000, 0x00000000fcb00000|100%| O|  |TAMS 0x00000000fca00000| PB 0x00000000fca00000| Untracked |  0
|1995|0x00000000fcb00000, 0x00000000fcc00000, 0x00000000fcc00000|100%| O|  |TAMS 0x00000000fcb00000| PB 0x00000000fcb00000| Untracked |  0
|1996|0x00000000fcc00000, 0x00000000fcd00000, 0x00000000fcd00000|100%| O|  |TAMS 0x00000000fcc00000| PB 0x00000000fcc00000| Untracked |  0
|1997|0x00000000fcd00000, 0x00000000fce00000, 0x00000000fce00000|100%| O|  |TAMS 0x00000000fcd00000| PB 0x00000000fcd00000| Untracked |  0
|1998|0x00000000fce00000, 0x00000000fcf00000, 0x00000000fcf00000|100%| O|  |TAMS 0x00000000fce00000| PB 0x00000000fce00000| Untracked |  0
|1999|0x00000000fcf00000, 0x00000000fd000000, 0x00000000fd000000|100%| O|  |TAMS 0x00000000fcf00000| PB 0x00000000fcf00000| Untracked |  0
|2000|0x00000000fd000000, 0x00000000fd100000, 0x00000000fd100000|100%| O|  |TAMS 0x00000000fd000000| PB 0x00000000fd000000| Untracked |  0
|2001|0x00000000fd100000, 0x00000000fd200000, 0x00000000fd200000|100%| O|  |TAMS 0x00000000fd100000| PB 0x00000000fd100000| Untracked |  0
|2002|0x00000000fd200000, 0x00000000fd300000, 0x00000000fd300000|100%| O|  |TAMS 0x00000000fd200000| PB 0x00000000fd200000| Untracked |  0
|2003|0x00000000fd300000, 0x00000000fd400000, 0x00000000fd400000|100%| O|  |TAMS 0x00000000fd300000| PB 0x00000000fd300000| Untracked |  0
|2004|0x00000000fd400000, 0x00000000fd500000, 0x00000000fd500000|100%| O|  |TAMS 0x00000000fd400000| PB 0x00000000fd400000| Untracked |  0
|2005|0x00000000fd500000, 0x00000000fd600000, 0x00000000fd600000|100%| O|  |TAMS 0x00000000fd500000| PB 0x00000000fd500000| Untracked |  0
|2006|0x00000000fd600000, 0x00000000fd700000, 0x00000000fd700000|100%| O|  |TAMS 0x00000000fd600000| PB 0x00000000fd600000| Untracked |  0
|2007|0x00000000fd700000, 0x00000000fd800000, 0x00000000fd800000|100%| O|  |TAMS 0x00000000fd700000| PB 0x00000000fd700000| Untracked |  0
|2008|0x00000000fd800000, 0x00000000fd900000, 0x00000000fd900000|100%| O|  |TAMS 0x00000000fd800000| PB 0x00000000fd800000| Untracked |  0
|2009|0x00000000fd900000, 0x00000000fda00000, 0x00000000fda00000|100%| O|  |TAMS 0x00000000fd900000| PB 0x00000000fd900000| Untracked |  0
|2010|0x00000000fda00000, 0x00000000fdb00000, 0x00000000fdb00000|100%| O|  |TAMS 0x00000000fda00000| PB 0x00000000fda00000| Untracked |  0
|2011|0x00000000fdb00000, 0x00000000fdc00000, 0x00000000fdc00000|100%| O|  |TAMS 0x00000000fdb00000| PB 0x00000000fdb00000| Untracked |  0
|2012|0x00000000fdc00000, 0x00000000fdd00000, 0x00000000fdd00000|100%| O|  |TAMS 0x00000000fdc00000| PB 0x00000000fdc00000| Untracked |  0
|2013|0x00000000fdd00000, 0x00000000fde00000, 0x00000000fde00000|100%| O|  |TAMS 0x00000000fdd00000| PB 0x00000000fdd00000| Untracked |  0
|2014|0x00000000fde00000, 0x00000000fdf00000, 0x00000000fdf00000|100%| O|  |TAMS 0x00000000fde00000| PB 0x00000000fde00000| Untracked |  0
|2015|0x00000000fdf00000, 0x00000000fe000000, 0x00000000fe000000|100%| O|  |TAMS 0x00000000fdf00000| PB 0x00000000fdf00000| Untracked |  0
|2016|0x00000000fe000000, 0x00000000fe100000, 0x00000000fe100000|100%| O|  |TAMS 0x00000000fe000000| PB 0x00000000fe000000| Untracked |  0
|2017|0x00000000fe100000, 0x00000000fe200000, 0x00000000fe200000|100%| O|  |TAMS 0x00000000fe100000| PB 0x00000000fe100000| Untracked |  0
|2018|0x00000000fe200000, 0x00000000fe300000, 0x00000000fe300000|100%| O|  |TAMS 0x00000000fe200000| PB 0x00000000fe200000| Untracked |  0
|2019|0x00000000fe300000, 0x00000000fe400000, 0x00000000fe400000|100%| O|  |TAMS 0x00000000fe300000| PB 0x00000000fe300000| Untracked |  0
|2020|0x00000000fe400000, 0x00000000fe500000, 0x00000000fe500000|100%| O|  |TAMS 0x00000000fe400000| PB 0x00000000fe400000| Untracked |  0
|2021|0x00000000fe500000, 0x00000000fe600000, 0x00000000fe600000|100%| O|  |TAMS 0x00000000fe500000| PB 0x00000000fe500000| Untracked |  0
|2022|0x00000000fe600000, 0x00000000fe700000, 0x00000000fe700000|100%| O|  |TAMS 0x00000000fe600000| PB 0x00000000fe600000| Untracked |  0
|2023|0x00000000fe700000, 0x00000000fe800000, 0x00000000fe800000|100%| O|  |TAMS 0x00000000fe700000| PB 0x00000000fe700000| Untracked |  0
|2024|0x00000000fe800000, 0x00000000fe900000, 0x00000000fe900000|100%| O|  |TAMS 0x00000000fe800000| PB 0x00000000fe800000| Untracked |  0
|2025|0x00000000fe900000, 0x00000000fea00000, 0x00000000fea00000|100%| O|  |TAMS 0x00000000fe900000| PB 0x00000000fe900000| Untracked |  0
|2026|0x00000000fea00000, 0x00000000feb00000, 0x00000000feb00000|100%| O|  |TAMS 0x00000000fea00000| PB 0x00000000fea00000| Untracked |  0
|2027|0x00000000feb00000, 0x00000000fec00000, 0x00000000fec00000|100%| O|  |TAMS 0x00000000feb00000| PB 0x00000000feb00000| Untracked |  0
|2028|0x00000000fec00000, 0x00000000fed00000, 0x00000000fed00000|100%| O|  |TAMS 0x00000000fec00000| PB 0x00000000fec00000| Untracked |  0
|2029|0x00000000fed00000, 0x00000000fee00000, 0x00000000fee00000|100%| O|  |TAMS 0x00000000fed00000| PB 0x00000000fed00000| Untracked |  0
|2030|0x00000000fee00000, 0x00000000fef00000, 0x00000000fef00000|100%| O|  |TAMS 0x00000000fee00000| PB 0x00000000fee00000| Untracked |  0
|2031|0x00000000fef00000, 0x00000000ff000000, 0x00000000ff000000|100%| O|  |TAMS 0x00000000fef00000| PB 0x00000000fef00000| Untracked |  0
|2032|0x00000000ff000000, 0x00000000ff100000, 0x00000000ff100000|100%| O|  |TAMS 0x00000000ff000000| PB 0x00000000ff000000| Untracked |  0
|2033|0x00000000ff100000, 0x00000000ff200000, 0x00000000ff200000|100%| O|  |TAMS 0x00000000ff100000| PB 0x00000000ff100000| Untracked |  0
|2034|0x00000000ff200000, 0x00000000ff300000, 0x00000000ff300000|100%| O|  |TAMS 0x00000000ff200000| PB 0x00000000ff200000| Untracked |  0
|2035|0x00000000ff300000, 0x00000000ff400000, 0x00000000ff400000|100%| O|  |TAMS 0x00000000ff300000| PB 0x00000000ff300000| Untracked |  0
|2036|0x00000000ff400000, 0x00000000ff500000, 0x00000000ff500000|100%| O|  |TAMS 0x00000000ff400000| PB 0x00000000ff400000| Untracked |  0
|2037|0x00000000ff500000, 0x00000000ff600000, 0x00000000ff600000|100%| O|  |TAMS 0x00000000ff500000| PB 0x00000000ff500000| Untracked |  0
|2038|0x00000000ff600000, 0x00000000ff700000, 0x00000000ff700000|100%| O|  |TAMS 0x00000000ff600000| PB 0x00000000ff600000| Untracked |  0
|2039|0x00000000ff700000, 0x00000000ff800000, 0x00000000ff800000|100%| O|  |TAMS 0x00000000ff700000| PB 0x00000000ff700000| Untracked |  0
|2040|0x00000000ff800000, 0x00000000ff900000, 0x00000000ff900000|100%| E|CS|TAMS 0x00000000ff800000| PB 0x00000000ff800000| Complete |  0
|2041|0x00000000ff900000, 0x00000000ffa00000, 0x00000000ffa00000|100%| O|  |TAMS 0x00000000ff900000| PB 0x00000000ff900000| Untracked |  0
|2042|0x00000000ffa00000, 0x00000000ffb00000, 0x00000000ffb00000|100%| O|  |TAMS 0x00000000ffa00000| PB 0x00000000ffa00000| Untracked |  0
|2043|0x00000000ffb00000, 0x00000000ffc00000, 0x00000000ffc00000|100%| E|CS|TAMS 0x00000000ffb00000| PB 0x00000000ffb00000| Complete |  0
|2044|0x00000000ffc00000, 0x00000000ffd00000, 0x00000000ffd00000|100%| O|  |TAMS 0x00000000ffc00000| PB 0x00000000ffc00000| Untracked |  0
|2045|0x00000000ffd00000, 0x00000000ffe00000, 0x00000000ffe00000|100%| O|  |TAMS 0x00000000ffd00000| PB 0x00000000ffd00000| Untracked |  0
|2046|0x00000000ffe00000, 0x00000000fff00000, 0x00000000fff00000|100%| O|  |TAMS 0x00000000ffe00000| PB 0x00000000ffe00000| Untracked |  0
|2047|0x00000000fff00000, 0x0000000100000000, 0x0000000100000000|100%| E|CS|TAMS 0x00000000fff00000| PB 0x00000000fff00000| Complete |  0

Card table byte_map: [0x00000247ea450000,0x00000247ea850000] _byte_map_base: 0x00000247ea050000

Marking Bits: (CMBitMap*) 0x00000247d219d530
 Bits: [0x00000247ea850000, 0x00000247ec850000)

Polling page: 0x00000247d1900000

Metaspace:

Usage:
  Non-class:    111.27 MB used.
      Class:     15.03 MB used.
       Both:    126.30 MB used.

Virtual space:
  Non-class space:      128.00 MB reserved,     112.44 MB ( 88%) committed,  2 nodes.
      Class space:        1.00 GB reserved,      16.06 MB (  2%) committed,  1 nodes.
             Both:        1.12 GB reserved,     128.50 MB ( 11%) committed. 

Chunk freelists:
   Non-Class:  15.19 MB
       Class:  15.77 MB
        Both:  30.95 MB

MaxMetaspaceSize: unlimited
CompressedClassSpaceSize: 1.00 GB
Initial GC threshold: 21.00 MB
Current GC threshold: 208.56 MB
CDS: on
 - commit_granule_bytes: 65536.
 - commit_granule_words: 8192.
 - virtual_space_node_default_size: 8388608.
 - enlarge_chunks_in_place: 1.
UseCompressedClassPointers 1, UseCompactObjectHeaders 0
Narrow klass pointer bits 32, Max shift 3
Narrow klass base: 0x0000024780000000, Narrow klass shift: 0
Encoding Range: [0x0000024780000000 - 0x0000024880000000), (4294967296 bytes)
Klass Range:    [0x0000024780000000 - 0x00000247c1000000), (1090519040 bytes)
Klass ID Range:  [8 - 1090519033) (1090519025)


Internal statistics:

num_allocs_failed_limit: 6.
num_arena_births: 4176.
num_arena_deaths: 118.
num_vsnodes_births: 3.
num_vsnodes_deaths: 0.
num_space_committed: 2055.
num_space_uncommitted: 0.
num_chunks_returned_to_freelist: 182.
num_chunks_taken_from_freelist: 9761.
num_chunk_merges: 78.
num_chunk_splits: 6552.
num_chunks_enlarged: 4389.
num_inconsistent_stats: 0.

CodeHeap 'non-profiled nmethods': size=120064Kb used=17339Kb max_used=17339Kb free=102724Kb
 bounds [0x00000247e24a0000, 0x00000247e3590000, 0x00000247e99e0000]
CodeHeap 'profiled nmethods': size=120000Kb used=27002Kb max_used=28360Kb free=92997Kb
 bounds [0x00000247da9e0000, 0x00000247dc680000, 0x00000247e1f10000]
CodeHeap 'non-nmethods': size=5696Kb used=2018Kb max_used=2195Kb free=3677Kb
 bounds [0x00000247e1f10000, 0x00000247e2180000, 0x00000247e24a0000]
CodeCache: size=245760Kb, used=46359Kb, max_used=47894Kb, free=199398Kb
 total_blobs=20138, nmethods=19245, adapters=797, full_count=0
Compilation: enabled, stopped_count=0, restarted_count=0

Compilation events (20 events):
Event: 75.539 Thread 0x00000247eeabe730 26453       2       java.util.concurrent.ForkJoinPool::slotOffset (11 bytes)
Event: 75.539 Thread 0x00000247eeabe730 nmethod 26453 0x00000247dbe35d88 code [0x00000247dbe35ea0, 0x00000247dbe35f98]
Event: 75.557 Thread 0x00000247eeabe730 26454       2       com.android.tools.r8.dex.a$$Lambda/0x000002478200cf00::a (16 bytes)
Event: 75.557 Thread 0x00000247eeabe730 nmethod 26454 0x00000247dbe35688 code [0x00000247dbe357e0, 0x00000247dbe35aa8]
Event: 75.557 Thread 0x00000247eeabe730 26455       2       com.android.tools.r8.dex.a::a (17 bytes)
Event: 75.558 Thread 0x00000247eeabe730 nmethod 26455 0x00000247dc3a0d88 code [0x00000247dc3a0ee0, 0x00000247dc3a1180]
Event: 75.594 Thread 0x00000247eeabe730 26460       2       com.android.tools.r8.internal.Ts::<init> (6 bytes)
Event: 75.594 Thread 0x00000247eeabe730 nmethod 26460 0x00000247dc3a0a88 code [0x00000247dc3a0ba0, 0x00000247dc3a0cb8]
Event: 75.594 Thread 0x00000247eeabe730 26461       2       com.android.tools.r8.internal.Ds::<init> (88 bytes)
Event: 75.595 Thread 0x00000247eeabe730 nmethod 26461 0x00000247dc3a0288 code [0x00000247dc3a0400, 0x00000247dc3a0978]
Event: 75.596 Thread 0x00000247c87825d0 nmethod 26362 0x00000247e358a708 code [0x00000247e358aae0, 0x00000247e358ea18]
Event: 75.597 Thread 0x00000247c87825d0 26456       4       com.android.tools.r8.dex.C::a (304 bytes)
Event: 75.600 Thread 0x00000247eeabe730 26464       3       com.android.tools.r8.dex.C::a (61 bytes)
Event: 75.601 Thread 0x00000247eeabe730 nmethod 26464 0x00000247dacfc308 code [0x00000247dacfc500, 0x00000247dacfcfa0]
Event: 75.601 Thread 0x00000247eeabe730 26465       2       com.android.tools.r8.internal.Ds::hashCode (35 bytes)
Event: 75.602 Thread 0x00000247eeabe730 nmethod 26465 0x00000247dacfbf88 code [0x00000247dacfc0a0, 0x00000247dacfc270]
Event: 75.626 Thread 0x00000247eeabe730 26466       3       com.android.tools.r8.internal.Ap::<init> (20 bytes)
Event: 75.626 Thread 0x00000247eeabe730 nmethod 26466 0x00000247dacfb988 code [0x00000247dacfbae0, 0x00000247dacfbf18]
Event: 75.628 Thread 0x00000247eeabe730 26468       2       java.lang.Float::compare (46 bytes)
Event: 75.629 Thread 0x00000247eeabe730 nmethod 26468 0x00000247dacfb588 code [0x00000247dacfb6a0, 0x00000247dacfb910]

GC Heap History (20 events):
Event: 67.196 GC heap after
{Heap after GC invocations=174 (full 0):
 garbage-first heap   total reserved 2097152K, committed 1536000K, used 499395K [0x0000000080000000, 0x0000000100000000)
  region size 1024K, 38 young (38912K), 38 survivors (38912K)
 Metaspace       used 125847K, committed 128128K, reserved 1179648K
  class space    used 14970K, committed 16064K, reserved 1048576K
}
Event: 67.761 GC heap before
{Heap before GC invocations=174 (full 0):
 garbage-first heap   total reserved 2097152K, committed 1536000K, used 1382083K [0x0000000080000000, 0x0000000100000000)
  region size 1024K, 900 young (921600K), 38 survivors (38912K)
 Metaspace       used 125848K, committed 128128K, reserved 1179648K
  class space    used 14970K, committed 16064K, reserved 1048576K
}
Event: 67.775 GC heap after
{Heap after GC invocations=175 (full 0):
 garbage-first heap   total reserved 2097152K, committed 1536000K, used 479744K [0x0000000080000000, 0x0000000100000000)
  region size 1024K, 38 young (38912K), 38 survivors (38912K)
 Metaspace       used 125848K, committed 128128K, reserved 1179648K
  class space    used 14970K, committed 16064K, reserved 1048576K
}
Event: 68.347 GC heap before
{Heap before GC invocations=175 (full 0):
 garbage-first heap   total reserved 2097152K, committed 1536000K, used 1362432K [0x0000000080000000, 0x0000000100000000)
  region size 1024K, 900 young (921600K), 38 survivors (38912K)
 Metaspace       used 125848K, committed 128128K, reserved 1179648K
  class space    used 14970K, committed 16064K, reserved 1048576K
}
Event: 68.359 GC heap after
{Heap after GC invocations=176 (full 0):
 garbage-first heap   total reserved 2097152K, committed 1536000K, used 483651K [0x0000000080000000, 0x0000000100000000)
  region size 1024K, 38 young (38912K), 38 survivors (38912K)
 Metaspace       used 125848K, committed 128128K, reserved 1179648K
  class space    used 14970K, committed 16064K, reserved 1048576K
}
Event: 68.916 GC heap before
{Heap before GC invocations=176 (full 0):
 garbage-first heap   total reserved 2097152K, committed 1536000K, used 1366339K [0x0000000080000000, 0x0000000100000000)
  region size 1024K, 900 young (921600K), 38 survivors (38912K)
 Metaspace       used 125850K, committed 128128K, reserved 1179648K
  class space    used 14970K, committed 16064K, reserved 1048576K
}
Event: 68.927 GC heap after
{Heap after GC invocations=177 (full 0):
 garbage-first heap   total reserved 2097152K, committed 1536000K, used 486478K [0x0000000080000000, 0x0000000100000000)
  region size 1024K, 38 young (38912K), 38 survivors (38912K)
 Metaspace       used 125850K, committed 128128K, reserved 1179648K
  class space    used 14970K, committed 16064K, reserved 1048576K
}
Event: 69.562 GC heap before
{Heap before GC invocations=178 (full 0):
 garbage-first heap   total reserved 2097152K, committed 1536000K, used 1369166K [0x0000000080000000, 0x0000000100000000)
  region size 1024K, 900 young (921600K), 38 survivors (38912K)
 Metaspace       used 125850K, committed 128128K, reserved 1179648K
  class space    used 14970K, committed 16064K, reserved 1048576K
}
Event: 69.571 GC heap after
{Heap after GC invocations=179 (full 0):
 garbage-first heap   total reserved 2097152K, committed 1536000K, used 489792K [0x0000000080000000, 0x0000000100000000)
  region size 1024K, 39 young (39936K), 39 survivors (39936K)
 Metaspace       used 125850K, committed 128128K, reserved 1179648K
  class space    used 14970K, committed 16064K, reserved 1048576K
}
Event: 70.129 GC heap before
{Heap before GC invocations=179 (full 0):
 garbage-first heap   total reserved 2097152K, committed 1536000K, used 1371456K [0x0000000080000000, 0x0000000100000000)
  region size 1024K, 900 young (921600K), 39 survivors (39936K)
 Metaspace       used 125850K, committed 128128K, reserved 1179648K
  class space    used 14970K, committed 16064K, reserved 1048576K
}
Event: 70.141 GC heap after
{Heap after GC invocations=180 (full 0):
 garbage-first heap   total reserved 2097152K, committed 1536000K, used 466532K [0x0000000080000000, 0x0000000100000000)
  region size 1024K, 38 young (38912K), 38 survivors (38912K)
 Metaspace       used 125850K, committed 128128K, reserved 1179648K
  class space    used 14970K, committed 16064K, reserved 1048576K
}
Event: 70.725 GC heap before
{Heap before GC invocations=180 (full 0):
 garbage-first heap   total reserved 2097152K, committed 1536000K, used 1349220K [0x0000000080000000, 0x0000000100000000)
  region size 1024K, 900 young (921600K), 38 survivors (38912K)
 Metaspace       used 125850K, committed 128128K, reserved 1179648K
  class space    used 14970K, committed 16064K, reserved 1048576K
}
Event: 70.739 GC heap after
{Heap after GC invocations=181 (full 0):
 garbage-first heap   total reserved 2097152K, committed 1536000K, used 470943K [0x0000000080000000, 0x0000000100000000)
  region size 1024K, 39 young (39936K), 39 survivors (39936K)
 Metaspace       used 125850K, committed 128128K, reserved 1179648K
  class space    used 14970K, committed 16064K, reserved 1048576K
}
Event: 71.302 GC heap before
{Heap before GC invocations=181 (full 0):
 garbage-first heap   total reserved 2097152K, committed 1536000K, used 1352607K [0x0000000080000000, 0x0000000100000000)
  region size 1024K, 900 young (921600K), 39 survivors (39936K)
 Metaspace       used 125850K, committed 128128K, reserved 1179648K
  class space    used 14970K, committed 16064K, reserved 1048576K
}
Event: 71.312 GC heap after
{Heap after GC invocations=182 (full 0):
 garbage-first heap   total reserved 2097152K, committed 1536000K, used 471531K [0x0000000080000000, 0x0000000100000000)
  region size 1024K, 37 young (37888K), 37 survivors (37888K)
 Metaspace       used 125850K, committed 128128K, reserved 1179648K
  class space    used 14970K, committed 16064K, reserved 1048576K
}
Event: 72.152 GC heap before
{Heap before GC invocations=182 (full 0):
 garbage-first heap   total reserved 2097152K, committed 1536000K, used 615915K [0x0000000080000000, 0x0000000100000000)
  region size 1024K, 159 young (162816K), 37 survivors (37888K)
 Metaspace       used 125869K, committed 128128K, reserved 1179648K
  class space    used 14973K, committed 16064K, reserved 1048576K
}
Event: 72.169 GC heap after
{Heap after GC invocations=183 (full 0):
 garbage-first heap   total reserved 2097152K, committed 1536000K, used 496536K [0x0000000080000000, 0x0000000100000000)
  region size 1024K, 44 young (45056K), 44 survivors (45056K)
 Metaspace       used 125869K, committed 128128K, reserved 1179648K
  class space    used 14973K, committed 16064K, reserved 1048576K
}
Event: 72.443 GC heap before
{Heap before GC invocations=183 (full 0):
 garbage-first heap   total reserved 2097152K, committed 1536000K, used 645016K [0x0000000080000000, 0x0000000100000000)
  region size 1024K, 164 young (167936K), 44 survivors (45056K)
 Metaspace       used 125869K, committed 128128K, reserved 1179648K
  class space    used 14973K, committed 16064K, reserved 1048576K
}
Event: 72.457 GC heap after
{Heap after GC invocations=184 (full 0):
 garbage-first heap   total reserved 2097152K, committed 1536000K, used 523021K [0x0000000080000000, 0x0000000100000000)
  region size 1024K, 41 young (41984K), 41 survivors (41984K)
 Metaspace       used 125869K, committed 128128K, reserved 1179648K
  class space    used 14973K, committed 16064K, reserved 1048576K
}
Event: 75.635 GC heap before
{Heap before GC invocations=185 (full 0):
 garbage-first heap   total reserved 2097152K, committed 1536000K, used 1534733K [0x0000000080000000, 0x0000000100000000)
  region size 1024K, 719 young (736256K), 41 survivors (41984K)
 Metaspace       used 129335K, committed 131584K, reserved 1179648K
  class space    used 15391K, committed 16448K, reserved 1048576K
}

Dll operation events (15 events):
Event: 0.013 Loaded shared library C:\Program Files\Java\jdk-24\bin\java.dll
Event: 0.034 Loaded shared library C:\Program Files\Java\jdk-24\bin\jsvml.dll
Event: 0.062 Loaded shared library C:\Program Files\Java\jdk-24\bin\zip.dll
Event: 0.066 Loaded shared library C:\Program Files\Java\jdk-24\bin\instrument.dll
Event: 0.069 Loaded shared library C:\Program Files\Java\jdk-24\bin\net.dll
Event: 0.070 Loaded shared library C:\Program Files\Java\jdk-24\bin\nio.dll
Event: 0.073 Loaded shared library C:\Program Files\Java\jdk-24\bin\zip.dll
Event: 0.284 Loaded shared library C:\Program Files\Java\jdk-24\bin\jimage.dll
Event: 0.430 Loaded shared library C:\Program Files\Java\jdk-24\bin\verify.dll
Event: 0.504 Loaded shared library C:\Users\santi\.gradle\native\1def1411415f61bf3af743bc5b6707747c0891f09f0c88961ee8f79bc544acac\windows-amd64\native-platform.dll
Event: 0.515 Loaded shared library C:\Users\santi\.gradle\native\0.2.7\x86_64-windows-gnu\gradle-fileevents.dll
Event: 1.332 Loaded shared library C:\Program Files\Java\jdk-24\bin\management.dll
Event: 1.333 Loaded shared library C:\Program Files\Java\jdk-24\bin\management_ext.dll
Event: 1.453 Loaded shared library C:\Program Files\Java\jdk-24\bin\extnet.dll
Event: 1.658 Loaded shared library C:\Program Files\Java\jdk-24\bin\sunmscapi.dll

Deoptimization events (20 events):
Event: 75.325 Thread 0x00000247f6757890 Uncommon trap: trap_request=0xffffffbe fr.pc=0x00000247e35730e0 relative=0x00000000000006a0
Event: 75.325 Thread 0x00000247f6757890 Uncommon trap: reason=profile_predicate action=maybe_recompile pc=0x00000247e35730e0 method=com.android.tools.r8.graph.O4.b(Ljava/util/function/Function;)Lcom/android/tools/r8/internal/Ju0; @ 21 c2
Event: 75.325 Thread 0x00000247f6757890 DEOPT PACKING pc=0x00000247e35730e0 sp=0x000000c58f5febc0
Event: 75.325 Thread 0x00000247f6757890 DEOPT UNPACKING pc=0x00000247e2026e82 sp=0x000000c58f5feb98 mode 2
Event: 75.327 Thread 0x00000247f6757890 Uncommon trap: trap_request=0xffffffbe fr.pc=0x00000247e35730e0 relative=0x00000000000006a0
Event: 75.327 Thread 0x00000247f6757890 Uncommon trap: reason=profile_predicate action=maybe_recompile pc=0x00000247e35730e0 method=com.android.tools.r8.graph.O4.b(Ljava/util/function/Function;)Lcom/android/tools/r8/internal/Ju0; @ 21 c2
Event: 75.327 Thread 0x00000247f6757890 DEOPT PACKING pc=0x00000247e35730e0 sp=0x000000c58f5febc0
Event: 75.328 Thread 0x00000247f6757890 DEOPT UNPACKING pc=0x00000247e2026e82 sp=0x000000c58f5feb98 mode 2
Event: 75.329 Thread 0x00000247cdba7350 Uncommon trap: trap_request=0xffffffbe fr.pc=0x00000247e35730e0 relative=0x00000000000006a0
Event: 75.329 Thread 0x00000247cdba7350 Uncommon trap: reason=profile_predicate action=maybe_recompile pc=0x00000247e35730e0 method=com.android.tools.r8.graph.O4.b(Ljava/util/function/Function;)Lcom/android/tools/r8/internal/Ju0; @ 21 c2
Event: 75.329 Thread 0x00000247cdba7350 DEOPT PACKING pc=0x00000247e35730e0 sp=0x000000c58fcfe820
Event: 75.329 Thread 0x00000247cdba7350 DEOPT UNPACKING pc=0x00000247e2026e82 sp=0x000000c58fcfe7f8 mode 2
Event: 75.437 Thread 0x00000247f6757890 Uncommon trap: trap_request=0xffffff4d fr.pc=0x00000247e356e8f0 relative=0x00000000000000d0
Event: 75.437 Thread 0x00000247f6757890 Uncommon trap: reason=unstable_if action=reinterpret pc=0x00000247e356e8f0 method=com.android.tools.r8.graph.s0.a(Lcom/android/tools/r8/internal/bK;Lcom/android/tools/r8/graph/K2;)Z @ 50 c2
Event: 75.437 Thread 0x00000247f6757890 DEOPT PACKING pc=0x00000247e356e8f0 sp=0x000000c58f5fe930
Event: 75.437 Thread 0x00000247f6757890 DEOPT UNPACKING pc=0x00000247e2026e82 sp=0x000000c58f5fe8b0 mode 2
Event: 75.483 Thread 0x00000247f6757140 Uncommon trap: trap_request=0xffffff4d fr.pc=0x00000247e3582b38 relative=0x0000000000006d78
Event: 75.483 Thread 0x00000247f6757140 Uncommon trap: reason=unstable_if action=reinterpret pc=0x00000247e3582b38 method=com.android.tools.r8.internal.On.a(IILcom/android/tools/r8/internal/fq;Lcom/android/tools/r8/graph/y5;)Lcom/android/tools/r8/internal/eq; @ 505 c2
Event: 75.483 Thread 0x00000247f6757140 DEOPT PACKING pc=0x00000247e3582b38 sp=0x000000c5827fed40
Event: 75.483 Thread 0x00000247f6757140 DEOPT UNPACKING pc=0x00000247e2026e82 sp=0x000000c5827fed00 mode 2

Classes loaded (20 events):
Event: 74.248 Loading class javax/management/MBeanException done
Event: 74.248 Loading class javax/management/MBeanRegistrationException done
Event: 74.248 Loading class javax/management/NotCompliantMBeanException
Event: 74.248 Loading class javax/management/NotCompliantMBeanException done
Event: 74.248 Loading class javax/management/AttributeNotFoundException
Event: 74.248 Loading class javax/management/AttributeNotFoundException done
Event: 74.248 Loading class javax/management/ReflectionException
Event: 74.248 Loading class javax/management/ReflectionException done
Event: 74.248 Loading class javax/management/InstanceNotFoundException
Event: 74.248 Loading class javax/management/InstanceNotFoundException done
Event: 74.254 Loading class sun/reflect/misc/MethodUtil
Event: 74.255 Loading class sun/reflect/misc/MethodUtil done
Event: 74.255 Loading class sun/reflect/misc/MethodUtil$1
Event: 74.255 Loading class sun/reflect/misc/MethodUtil$1 done
Event: 74.458 Loading class java/nio/channels/Channels$WritableByteChannelImpl
Event: 74.460 Loading class java/nio/channels/Channels$WritableByteChannelImpl done
Event: 74.462 Loading class java/util/Collections$UnmodifiableSortedMap
Event: 74.462 Loading class java/util/Collections$UnmodifiableSortedMap done
Event: 75.213 Loading class java/util/concurrent/ForkJoinTask$AdaptedInterruptibleCallable
Event: 75.213 Loading class java/util/concurrent/ForkJoinTask$AdaptedInterruptibleCallable done

Classes unloaded (20 events):
Event: 22.450 Thread 0x00000247eeaa9370 Unloading class 0x0000024781d31000 'java/lang/invoke/LambdaForm$DMH+0x0000024781d31000'
Event: 22.450 Thread 0x00000247eeaa9370 Unloading class 0x0000024781d30c00 'java/lang/invoke/LambdaForm$DMH+0x0000024781d30c00'
Event: 22.450 Thread 0x00000247eeaa9370 Unloading class 0x0000024781d30400 'java/lang/invoke/LambdaForm$DMH+0x0000024781d30400'
Event: 22.450 Thread 0x00000247eeaa9370 Unloading class 0x0000024781d30000 'java/lang/invoke/LambdaForm$DMH+0x0000024781d30000'
Event: 24.471 Thread 0x00000247eeaa9370 Unloading class 0x0000024781eb5000 'java/lang/invoke/LambdaForm$DMH+0x0000024781eb5000'
Event: 24.471 Thread 0x00000247eeaa9370 Unloading class 0x0000024781eb4c00 'java/lang/invoke/LambdaForm$DMH+0x0000024781eb4c00'
Event: 24.471 Thread 0x00000247eeaa9370 Unloading class 0x0000024781eb4400 'java/lang/invoke/LambdaForm$DMH+0x0000024781eb4400'
Event: 24.471 Thread 0x00000247eeaa9370 Unloading class 0x0000024781eb4000 'java/lang/invoke/LambdaForm$DMH+0x0000024781eb4000'
Event: 24.471 Thread 0x00000247eeaa9370 Unloading class 0x0000024781e22800 'java/lang/invoke/LambdaForm$DMH+0x0000024781e22800'
Event: 24.471 Thread 0x00000247eeaa9370 Unloading class 0x0000024781e22400 'java/lang/invoke/LambdaForm$DMH+0x0000024781e22400'
Event: 24.471 Thread 0x00000247eeaa9370 Unloading class 0x0000024781e22000 'java/lang/invoke/LambdaForm$DMH+0x0000024781e22000'
Event: 24.471 Thread 0x00000247eeaa9370 Unloading class 0x0000024781e21c00 'java/lang/invoke/LambdaForm$DMH+0x0000024781e21c00'
Event: 24.471 Thread 0x00000247eeaa9370 Unloading class 0x0000024781e21800 'java/lang/invoke/LambdaForm$DMH+0x0000024781e21800'
Event: 24.471 Thread 0x00000247eeaa9370 Unloading class 0x0000024781e21400 'java/lang/invoke/LambdaForm$DMH+0x0000024781e21400'
Event: 24.471 Thread 0x00000247eeaa9370 Unloading class 0x0000024781e21000 'java/lang/invoke/LambdaForm$DMH+0x0000024781e21000'
Event: 24.471 Thread 0x00000247eeaa9370 Unloading class 0x0000024781e20c00 'java/lang/invoke/LambdaForm$DMH+0x0000024781e20c00'
Event: 24.471 Thread 0x00000247eeaa9370 Unloading class 0x0000024781e20400 'java/lang/invoke/LambdaForm$DMH+0x0000024781e20400'
Event: 24.471 Thread 0x00000247eeaa9370 Unloading class 0x0000024781e20000 'java/lang/invoke/LambdaForm$DMH+0x0000024781e20000'
Event: 25.492 Thread 0x00000247eeaa9370 Unloading class 0x0000024781f64c00 'java/lang/invoke/LambdaForm$DMH+0x0000024781f64c00'
Event: 25.492 Thread 0x00000247eeaa9370 Unloading class 0x0000024781f5c800 'java/lang/invoke/LambdaForm$DMH+0x0000024781f5c800'

Classes redefined (0 events):
No events

Internal exceptions (20 events):
Event: 74.149 Thread 0x00000247c84907c0 Exception <a 'sun/nio/fs/WindowsException'{0x00000000cda0b588}> (0x00000000cda0b588) 
thrown [s\open\src\hotspot\share\prims\jni.cpp, line 518]
Event: 74.150 Thread 0x00000247c84907c0 Exception <a 'sun/nio/fs/WindowsException'{0x00000000cda0ca98}> (0x00000000cda0ca98) 
thrown [s\open\src\hotspot\share\prims\jni.cpp, line 518]
Event: 74.181 Thread 0x00000247c84907c0 Exception <a 'java/lang/NoSuchMethodError'{0x00000000cd713658}: static Lcom/android/build/gradle/internal/tasks/MergeNativeLibsTask$InputFile;.<clinit>()V> (0x00000000cd713658) 
thrown [s\open\src\hotspot\share\prims\jni.cpp, line 1108]
Event: 74.197 Thread 0x00000247cdb9f700 Exception <a 'java/io/IOException'{0x00000000cd6420e0}> (0x00000000cd6420e0) 
thrown [s\open\src\hotspot\share\prims\jni.cpp, line 518]
Event: 74.256 Thread 0x00000247c848a8b0 Implicit null exception at 0x00000247e2865f84 to 0x00000247e2868624
Event: 74.303 Thread 0x00000247c848a8b0 Implicit null exception at 0x00000247e32a1485 to 0x00000247e32a1634
Event: 74.375 Thread 0x00000247c84907c0 Exception <a 'sun/nio/fs/WindowsException'{0x00000000ccab0850}> (0x00000000ccab0850) 
thrown [s\open\src\hotspot\share\prims\jni.cpp, line 518]
Event: 74.375 Thread 0x00000247c84907c0 Exception <a 'sun/nio/fs/WindowsException'{0x00000000ccab1dc8}> (0x00000000ccab1dc8) 
thrown [s\open\src\hotspot\share\prims\jni.cpp, line 518]
Event: 74.378 Thread 0x00000247c84907c0 Exception <a 'java/io/IOException'{0x00000000ccab1f08}> (0x00000000ccab1f08) 
thrown [s\open\src\hotspot\share\prims\jni.cpp, line 518]
Event: 74.388 Thread 0x00000247c84907c0 Exception <a 'sun/nio/fs/WindowsException'{0x00000000cc931850}> (0x00000000cc931850) 
thrown [s\open\src\hotspot\share\prims\jni.cpp, line 518]
Event: 74.401 Thread 0x00000247c84907c0 Exception <a 'java/lang/NoSuchMethodError'{0x00000000cc8cf190}: 'int java.lang.invoke.Invokers$Holder.invokeExact_MT(java.lang.Object, java.lang.Object, java.lang.Object)'> (0x00000000cc8cf190) 
thrown [s\open\src\hotspot\share\interpreter\linkResolver.cpp, line 805]
Event: 74.402 Thread 0x00000247cdb9f700 Exception <a 'java/io/IOException'{0x00000000cd66fd18}> (0x00000000cd66fd18) 
thrown [s\open\src\hotspot\share\prims\jni.cpp, line 518]
Event: 74.402 Thread 0x00000247cdba4ec0 Exception <a 'java/io/IOException'{0x00000000da8cb9b8}> (0x00000000da8cb9b8) 
thrown [s\open\src\hotspot\share\prims\jni.cpp, line 518]
Event: 74.406 Thread 0x00000247cdba22e0 Exception <a 'java/io/IOException'{0x00000000d7756008}> (0x00000000d7756008) 
thrown [s\open\src\hotspot\share\prims\jni.cpp, line 518]
Event: 74.406 Thread 0x00000247cdba7aa0 Exception <a 'java/io/IOException'{0x00000000cc8350e8}> (0x00000000cc8350e8) 
thrown [s\open\src\hotspot\share\prims\jni.cpp, line 518]
Event: 74.428 Thread 0x00000247c84907c0 Exception <a 'sun/nio/fs/WindowsException'{0x00000000cc6da8e0}> (0x00000000cc6da8e0) 
thrown [s\open\src\hotspot\share\prims\jni.cpp, line 518]
Event: 74.440 Thread 0x00000247cdb9f700 Exception <a 'sun/nio/fs/WindowsException'{0x00000000cc54fcd8}> (0x00000000cc54fcd8) 
thrown [s\open\src\hotspot\share\prims\jni.cpp, line 518]
Event: 74.440 Thread 0x00000247cdba4ec0 Exception <a 'sun/nio/fs/WindowsException'{0x00000000da8d0290}> (0x00000000da8d0290) 
thrown [s\open\src\hotspot\share\prims\jni.cpp, line 518]
Event: 74.440 Thread 0x00000247cdba7aa0 Exception <a 'sun/nio/fs/WindowsException'{0x00000000cc868640}> (0x00000000cc868640) 
thrown [s\open\src\hotspot\share\prims\jni.cpp, line 518]
Event: 74.440 Thread 0x00000247cdba22e0 Exception <a 'sun/nio/fs/WindowsException'{0x00000000d7761498}> (0x00000000d7761498) 
thrown [s\open\src\hotspot\share\prims\jni.cpp, line 518]

VM Operations (20 events):
Event: 72.675 Executing VM operation: G1PauseCleanup done
Event: 73.058 Executing VM operation: HandshakeAllThreads (Deoptimize)
Event: 73.059 Executing VM operation: HandshakeAllThreads (Deoptimize) done
Event: 73.061 Executing VM operation: HandshakeAllThreads (Deoptimize)
Event: 73.061 Executing VM operation: HandshakeAllThreads (Deoptimize) done
Event: 73.232 Executing VM operation: HandshakeAllThreads (Deoptimize)
Event: 73.232 Executing VM operation: HandshakeAllThreads (Deoptimize) done
Event: 73.329 Executing VM operation: HandshakeAllThreads (Deoptimize)
Event: 73.330 Executing VM operation: HandshakeAllThreads (Deoptimize) done
Event: 73.430 Executing VM operation: HandshakeAllThreads (Deoptimize)
Event: 73.430 Executing VM operation: HandshakeAllThreads (Deoptimize) done
Event: 73.435 Executing VM operation: HandshakeAllThreads (Deoptimize)
Event: 73.435 Executing VM operation: HandshakeAllThreads (Deoptimize) done
Event: 73.458 Executing VM operation: HandshakeAllThreads (Deoptimize)
Event: 73.462 Executing VM operation: HandshakeAllThreads (Deoptimize) done
Event: 74.197 Executing VM operation: HandshakeAllThreads (Deoptimize)
Event: 74.197 Executing VM operation: HandshakeAllThreads (Deoptimize) done
Event: 75.250 Executing VM operation: HandshakeAllThreads (Deoptimize)
Event: 75.250 Executing VM operation: HandshakeAllThreads (Deoptimize) done
Event: 75.632 Executing VM operation: G1CollectForAllocation (G1 Evacuation Pause)

Memory protections (0 events):
No events

Nmethod flushes (20 events):
Event: 55.508 Thread 0x00000247eeaa9370 flushing  nmethod 0x00000247dba2f308
Event: 55.508 Thread 0x00000247eeaa9370 flushing  nmethod 0x00000247dc26ce88
Event: 55.508 Thread 0x00000247eeaa9370 flushing  nmethod 0x00000247dbda9708
Event: 55.508 Thread 0x00000247eeaa9370 flushing  nmethod 0x00000247dbc60a08
Event: 59.145 Thread 0x00000247eeaa9370 flushing  nmethod 0x00000247dc3d3008
Event: 59.145 Thread 0x00000247eeaa9370 flushing  nmethod 0x00000247dad2ef88
Event: 59.145 Thread 0x00000247eeaa9370 flushing  nmethod 0x00000247dbb42c88
Event: 61.041 Thread 0x00000247eeaa9370 flushing  nmethod 0x00000247db53a788
Event: 62.922 Thread 0x00000247eeaa9370 flushing  nmethod 0x00000247db3c1008
Event: 62.922 Thread 0x00000247eeaa9370 flushing  nmethod 0x00000247dad0d008
Event: 64.748 Thread 0x00000247eeaa9370 flushing  nmethod 0x00000247dad73a88
Event: 64.748 Thread 0x00000247eeaa9370 flushing  nmethod 0x00000247dacfa788
Event: 72.619 Thread 0x00000247eeaa9370 flushing osr nmethod 0x00000247dbd77088
Event: 72.619 Thread 0x00000247eeaa9370 flushing osr nmethod 0x00000247dc511d88
Event: 72.619 Thread 0x00000247eeaa9370 flushing osr nmethod 0x00000247dc5ce808
Event: 72.619 Thread 0x00000247eeaa9370 flushing osr nmethod 0x00000247dc24f588
Event: 72.619 Thread 0x00000247eeaa9370 flushing osr nmethod 0x00000247dbb3d188
Event: 72.619 Thread 0x00000247eeaa9370 flushing osr nmethod 0x00000247dc581d88
Event: 72.619 Thread 0x00000247eeaa9370 flushing osr nmethod 0x00000247dbe1ab88
Event: 72.619 Thread 0x00000247eeaa9370 flushing osr nmethod 0x00000247dbfea208

Events (20 events):
Event: 73.026 Thread 0x00000247cdba22e0 Thread added: 0x00000247cdba7aa0
Event: 73.038 Thread 0x00000247cdba22e0 Thread added: 0x00000247cdba5610
Event: 73.269 Thread 0x00000247c84907c0 Thread added: 0x00000247cdba6c00
Event: 74.823 Thread 0x00000247c12050d0 Thread exited: 0x00000247c12050d0
Event: 75.027 Thread 0x00000247c1207e30 Thread exited: 0x00000247c1207e30
Event: 75.214 Thread 0x00000247cdba5610 Thread added: 0x00000247f6759d20
Event: 75.214 Thread 0x00000247cdba5610 Thread added: 0x00000247f6757140
Event: 75.214 Thread 0x00000247f6759d20 Thread added: 0x00000247f675abc0
Event: 75.214 Thread 0x00000247f6757140 Thread added: 0x00000247f6757890
Event: 75.214 Thread 0x00000247f675abc0 Thread added: 0x00000247f675b310
Event: 75.214 Thread 0x00000247f6757890 Thread added: 0x00000247f675ba60
Event: 75.215 Thread 0x00000247f675b310 Thread added: 0x00000247f6758730
Event: 75.215 Thread 0x00000247f675ba60 Thread added: 0x00000247f675c900
Event: 75.216 Thread 0x00000247f6758730 Thread added: 0x00000247f675d050
Event: 75.218 Thread 0x00000247f675d050 Thread added: 0x00000247f6761220
Event: 75.218 Thread 0x00000247f675c900 Thread added: 0x00000247cdba7350
Event: 75.219 Thread 0x00000247f6761220 Thread added: 0x00000247c8bb80e0
Event: 75.221 Thread 0x00000247c10a2420 Thread added: 0x00000247c87825d0
Event: 75.221 Thread 0x00000247c10a2420 Thread added: 0x00000247c8781e40
Event: 75.295 Thread 0x00000247cdba6c00 Thread exited: 0x00000247cdba6c00


Dynamic libraries:
0x00007ff69f300000 - 0x00007ff69f310000 	C:\Program Files\Java\jdk-24\bin\java.exe
0x00007ffd79140000 - 0x00007ffd793a7000 	C:\WINDOWS\SYSTEM32\ntdll.dll
0x00007ffd78bb0000 - 0x00007ffd78c79000 	C:\WINDOWS\System32\KERNEL32.DLL
0x00007ffd76ac0000 - 0x00007ffd76eb7000 	C:\WINDOWS\System32\KERNELBASE.dll
0x00007ffd75cc0000 - 0x00007ffd75e0b000 	C:\WINDOWS\System32\ucrtbase.dll
0x00007ffd4bbc0000 - 0x00007ffd4bbdb000 	C:\Program Files\Java\jdk-24\bin\VCRUNTIME140.dll
0x00007ffd4bba0000 - 0x00007ffd4bbb6000 	C:\Program Files\Java\jdk-24\bin\jli.dll
0x00007ffd789e0000 - 0x00007ffd78ba6000 	C:\WINDOWS\System32\USER32.dll
0x00007ffd75e10000 - 0x00007ffd75e37000 	C:\WINDOWS\System32\win32u.dll
0x00007ffd78ef0000 - 0x00007ffd78f1b000 	C:\WINDOWS\System32\GDI32.dll
0x00007ffd4a890000 - 0x00007ffd4ab22000 	C:\WINDOWS\WinSxS\amd64_microsoft.windows.common-controls_6595b64144ccf1df_6.0.26100.8457_none_3e0b2faee331e92d\COMCTL32.dll
0x00007ffd76760000 - 0x00007ffd7688c000 	C:\WINDOWS\System32\gdi32full.dll
0x00007ffd78860000 - 0x00007ffd78909000 	C:\WINDOWS\System32\msvcrt.dll
0x00007ffd76a10000 - 0x00007ffd76ab3000 	C:\WINDOWS\System32\msvcp_win.dll
0x00007ffd789a0000 - 0x00007ffd789d2000 	C:\WINDOWS\System32\IMM32.DLL
0x00007ffd59070000 - 0x00007ffd5907c000 	C:\Program Files\Java\jdk-24\bin\vcruntime140_1.dll
0x00007ffd4b600000 - 0x00007ffd4b68e000 	C:\Program Files\Java\jdk-24\bin\msvcp140.dll
0x00007ffc52be0000 - 0x00007ffc53982000 	C:\Program Files\Java\jdk-24\bin\server\jvm.dll
0x00007ffd77480000 - 0x00007ffd77536000 	C:\WINDOWS\System32\ADVAPI32.dll
0x00007ffd79050000 - 0x00007ffd790f7000 	C:\WINDOWS\System32\sechost.dll
0x00007ffd76fb0000 - 0x00007ffd770c8000 	C:\WINDOWS\System32\RPCRT4.dll
0x00007ffd78c80000 - 0x00007ffd78d00000 	C:\WINDOWS\System32\WS2_32.dll
0x00007ffd759d0000 - 0x00007ffd75a2e000 	C:\WINDOWS\SYSTEM32\POWRPROF.dll
0x00007ffd69000000 - 0x00007ffd6900b000 	C:\WINDOWS\SYSTEM32\VERSION.dll
0x00007ffd6b910000 - 0x00007ffd6b946000 	C:\WINDOWS\SYSTEM32\WINMM.dll
0x00007ffd759b0000 - 0x00007ffd759c4000 	C:\WINDOWS\SYSTEM32\UMPDC.dll
0x00007ffd748d0000 - 0x00007ffd748eb000 	C:\WINDOWS\SYSTEM32\kernel.appcore.dll
0x00007ffd51180000 - 0x00007ffd5118a000 	C:\Program Files\Java\jdk-24\bin\jimage.dll
0x00007ffd735e0000 - 0x00007ffd73822000 	C:\WINDOWS\SYSTEM32\DBGHELP.DLL
0x00007ffd77540000 - 0x00007ffd778c3000 	C:\WINDOWS\System32\combase.dll
0x00007ffd773a0000 - 0x00007ffd77479000 	C:\WINDOWS\System32\OLEAUT32.dll
0x00007ffd4b4c0000 - 0x00007ffd4b4fb000 	C:\WINDOWS\SYSTEM32\dbgcore.DLL
0x00007ffd766b0000 - 0x00007ffd76758000 	C:\WINDOWS\System32\bcryptPrimitives.dll
0x00007ffd49be0000 - 0x00007ffd49bef000 	C:\Program Files\Java\jdk-24\bin\instrument.dll
0x00007ffd4b7a0000 - 0x00007ffd4b7be000 	C:\Program Files\Java\jdk-24\bin\java.dll
0x00007ffd781c0000 - 0x00007ffd78357000 	C:\WINDOWS\System32\ole32.dll
0x00007ffd778d0000 - 0x00007ffd7803e000 	C:\WINDOWS\System32\SHELL32.dll
0x00007ffd75e40000 - 0x00007ffd766ac000 	C:\WINDOWS\System32\windows.storage.dll
0x00007ffd78050000 - 0x00007ffd78146000 	C:\WINDOWS\System32\SHCORE.dll
0x00007ffd78150000 - 0x00007ffd781b6000 	C:\WINDOWS\System32\shlwapi.dll
0x00007ffd75a90000 - 0x00007ffd75ab9000 	C:\WINDOWS\SYSTEM32\profapi.dll
0x00007ffd314d0000 - 0x00007ffd315a7000 	C:\Program Files\Java\jdk-24\bin\jsvml.dll
0x00007ffd4b760000 - 0x00007ffd4b777000 	C:\Program Files\Java\jdk-24\bin\zip.dll
0x00007ffd4bb70000 - 0x00007ffd4bb80000 	C:\Program Files\Java\jdk-24\bin\net.dll
0x00007ffd74e50000 - 0x00007ffd74ebc000 	C:\WINDOWS\system32\mswsock.dll
0x00007ffd4b780000 - 0x00007ffd4b796000 	C:\Program Files\Java\jdk-24\bin\nio.dll
0x00007ffd4b5d0000 - 0x00007ffd4b5e0000 	C:\Program Files\Java\jdk-24\bin\verify.dll
0x00007ffd15780000 - 0x00007ffd157a7000 	C:\Users\santi\.gradle\native\1def1411415f61bf3af743bc5b6707747c0891f09f0c88961ee8f79bc544acac\windows-amd64\native-platform.dll
0x00007ffcd8110000 - 0x00007ffcd8188000 	C:\Users\santi\.gradle\native\0.2.7\x86_64-windows-gnu\gradle-fileevents.dll
0x00007ffd4a820000 - 0x00007ffd4a82a000 	C:\Program Files\Java\jdk-24\bin\management.dll
0x00007ffd4a810000 - 0x00007ffd4a81b000 	C:\Program Files\Java\jdk-24\bin\management_ext.dll
0x00007ffd772b0000 - 0x00007ffd772b8000 	C:\WINDOWS\System32\PSAPI.DLL
0x00007ffd742b0000 - 0x00007ffd742e2000 	C:\WINDOWS\SYSTEM32\IPHLPAPI.DLL
0x00007ffd787f0000 - 0x00007ffd787fa000 	C:\WINDOWS\System32\NSI.dll
0x00007ffd49bf0000 - 0x00007ffd49bf9000 	C:\Program Files\Java\jdk-24\bin\extnet.dll
0x00007ffd75150000 - 0x00007ffd7516b000 	C:\WINDOWS\SYSTEM32\CRYPTSP.dll
0x00007ffd74830000 - 0x00007ffd74869000 	C:\WINDOWS\system32\rsaenh.dll
0x00007ffd74f00000 - 0x00007ffd74f33000 	C:\WINDOWS\SYSTEM32\USERENV.dll
0x00007ffd75a60000 - 0x00007ffd75a8a000 	C:\WINDOWS\SYSTEM32\bcrypt.dll
0x00007ffd75170000 - 0x00007ffd7517c000 	C:\WINDOWS\SYSTEM32\CRYPTBASE.dll
0x00007ffd49bd0000 - 0x00007ffd49bde000 	C:\Program Files\Java\jdk-24\bin\sunmscapi.dll
0x00007ffd76890000 - 0x00007ffd76a08000 	C:\WINDOWS\System32\CRYPT32.dll
0x00007ffd75370000 - 0x00007ffd753a0000 	C:\WINDOWS\SYSTEM32\ncrypt.dll
0x00007ffd75320000 - 0x00007ffd7535f000 	C:\WINDOWS\SYSTEM32\NTASN1.dll
0x00007ffd3c2f0000 - 0x00007ffd3c2f8000 	C:\WINDOWS\system32\wshunix.dll
0x00007ffd41950000 - 0x00007ffd41968000 	C:\WINDOWS\system32\napinsp.dll
0x00007ffd74340000 - 0x00007ffd74472000 	C:\WINDOWS\SYSTEM32\DNSAPI.dll
0x00007ffd41790000 - 0x00007ffd417a3000 	C:\WINDOWS\System32\winrnr.dll
0x00007ffd412d0000 - 0x00007ffd412f2000 	C:\WINDOWS\system32\nlansp_c.dll
0x00007ffd6db70000 - 0x00007ffd6db86000 	C:\WINDOWS\system32\wshbth.dll
0x00007ffd6ead0000 - 0x00007ffd6eadb000 	C:\Windows\System32\rasadhlp.dll
0x00007ffd6f7c0000 - 0x00007ffd6f846000 	C:\WINDOWS\System32\fwpuclnt.dll
0x00007ffd749f0000 - 0x00007ffd74a26000 	C:\WINDOWS\SYSTEM32\ntmarta.dll

JVMTI agents:
C:\Users\santi\.gradle\wrapper\dists\gradle-8.13-bin\5xuhj0ry160q40clulazy9h7d\gradle-8.13\lib\agents\gradle-instrumentation-agent-8.13.jar path:C:\Program Files\Java\jdk-24\bin\instrument.dll, loaded, initialized, instrumentlib options:none

dbghelp: loaded successfully - version: 4.0.5 - missing functions: none
symbol engine: initialized successfully - sym options: 0x614 - pdb path: .;C:\Program Files\Java\jdk-24\bin;C:\WINDOWS\SYSTEM32;C:\WINDOWS\WinSxS\amd64_microsoft.windows.common-controls_6595b64144ccf1df_6.0.26100.8457_none_3e0b2faee331e92d;C:\Program Files\Java\jdk-24\bin\server;C:\Users\santi\.gradle\native\1def1411415f61bf3af743bc5b6707747c0891f09f0c88961ee8f79bc544acac\windows-amd64;C:\Users\santi\.gradle\native\0.2.7\x86_64-windows-gnu

VM Arguments:
jvm_args: --add-opens=java.base/java.lang=ALL-UNNAMED --add-opens=java.base/java.lang.invoke=ALL-UNNAMED --add-opens=java.base/java.util=ALL-UNNAMED --add-opens=java.prefs/java.util.prefs=ALL-UNNAMED --add-exports=jdk.compiler/com.sun.tools.javac.api=ALL-UNNAMED --add-exports=jdk.compiler/com.sun.tools.javac.util=ALL-UNNAMED --add-opens=java.base/java.util=ALL-UNNAMED --add-opens=java.prefs/java.util.prefs=ALL-UNNAMED --add-opens=java.base/java.nio.charset=ALL-UNNAMED --add-opens=java.base/java.net=ALL-UNNAMED --add-opens=java.base/java.util.concurrent.atomic=ALL-UNNAMED --add-opens=java.xml/javax.xml.namespace=ALL-UNNAMED -Xmx2048m -Dfile.encoding=UTF-8 -Duser.country=CO -Duser.language=es -Duser.variant -javaagent:C:\Users\santi\.gradle\wrapper\dists\gradle-8.13-bin\5xuhj0ry160q40clulazy9h7d\gradle-8.13\lib\agents\gradle-instrumentation-agent-8.13.jar 
java_command: org.gradle.launcher.daemon.bootstrap.GradleDaemon 8.13
java_class_path (initial): C:\Users\santi\.gradle\wrapper\dists\gradle-8.13-bin\5xuhj0ry160q40clulazy9h7d\gradle-8.13\lib\gradle-daemon-main-8.13.jar
Launcher Type: SUN_STANDARD

[Global flags]
     intx CICompilerCount                          = 4                                         {product} {ergonomic}
     uint ConcGCThreads                            = 3                                         {product} {ergonomic}
     uint G1ConcRefinementThreads                  = 10                                        {product} {ergonomic}
   size_t G1HeapRegionSize                         = 1048576                                   {product} {ergonomic}
   size_t InitialHeapSize                          = 264241152                                 {product} {ergonomic}
   size_t MarkStackSize                            = 4194304                                   {product} {ergonomic}
   size_t MarkStackSizeMax                         = 536870912                                 {product} {ergonomic}
   size_t MaxHeapSize                              = 2147483648                                {product} {command line}
   size_t MaxNewSize                               = 1287651328                                {product} {ergonomic}
   size_t MinHeapDeltaBytes                        = 1048576                                   {product} {ergonomic}
   size_t MinHeapSize                              = 8388608                                   {product} {ergonomic}
    uintx NonNMethodCodeHeapSize                   = 5832704                                {pd product} {ergonomic}
    uintx NonProfiledCodeHeapSize                  = 122945536                              {pd product} {ergonomic}
    uintx ProfiledCodeHeapSize                     = 122880000                              {pd product} {ergonomic}
    uintx ReservedCodeCacheSize                    = 251658240                              {pd product} {ergonomic}
     bool SegmentedCodeCache                       = true                                      {product} {ergonomic}
   size_t SoftMaxHeapSize                          = 2147483648                             {manageable} {ergonomic}
     bool UseCompressedOops                        = true                           {product lp64_product} {ergonomic}
     bool UseG1GC                                  = true                                      {product} {ergonomic}
     bool UseLargePagesIndividualAllocation        = false                                  {pd product} {ergonomic}

Logging:
Log output configuration:
 #0: stdout all=warning uptime,level,tags foldmultilines=false
 #1: stderr all=off uptime,level,tags foldmultilines=false

Environment Variables:
CLASSPATH=C:\Users\santi\Desktop\PetPulse\PetPulse\\gradle\wrapper\gradle-wrapper.jar
PATH=C:\Users\santi\.codex\tmp\arg0\codex-arg0Qd0lDd;C:\Program Files\Common Files\Oracle\Java\javapath;C:\Program Files (x86)\Common Files\Oracle\Java\java8path;C:\Program Files (x86)\Common Files\Oracle\Java\javapath;C:\Program Files (x86)\Common Files\Intel\Shared Libraries\redist\intel64\compiler;C:\windows\system32;C:\windows;C:\windows\System32\Wbem;C:\windows\System32\WindowsPowerShell\v1.0\;C:\windows\System32\OpenSSH\;C:\Program Files (x86)\NVIDIA Corporation\PhysX\Common;C:\WINDOWS\system32;C:\WINDOWS;C:\WINDOWS\System32\Wbem;C:\WINDOWS\System32\WindowsPowerShell\v1.0\;C:\WINDOWS\System32\OpenSSH\;C:\Program Files\dotnet\;C:\Program Files\PuTTY\;C:\Program Files\NVIDIA Corporation\NVIDIA NvDLISR;C:\Program Files\nodejs\;C:\Program Files\Git\cmd;C:\Program Files\Docker\Docker\resources\bin;C:\Users\santi\AppData\Local\Microsoft\WindowsApps;C:\Users\santi\AppData\Local\Programs\Microsoft VS Code\bin;C:\Users\santi\AppData\Local\Programs\Antigravity\bin;C:\Users\santi\AppData\Roaming\npm;C:\Users\santi\AppData\Local\OpenAI\Codex\bin\ada252862d154cdd;C:\Program Files\WindowsApps\OpenAI.Codex_26.513.4821.0_x64__2p2nqsd0c76g0\app\resources
USERNAME=santi
SHELL=C:\windows\System32\WindowsPowerShell\v1.0\powershell.exe
OS=Windows_NT
PROCESSOR_IDENTIFIER=Intel64 Family 6 Model 154 Stepping 3, GenuineIntel
TMP=C:\Users\santi\AppData\Local\Temp
TEMP=C:\Users\santi\AppData\Local\Temp




Periodic native trim disabled

---------------  S Y S T E M  ---------------

OS:
 Windows 11 , 64 bit Build 26100 (10.0.26100.8328)
OS uptime: 6 days 4:53 hours
Hyper-V role detected

CPU: total 12 (initial active 12) (6 cores per cpu, 2 threads per core) family 6 model 154 stepping 3 microcode 0x434, cx8, cmov, fxsr, ht, mmx, 3dnowpref, sse, sse2, sse3, ssse3, sse4.1, sse4.2, popcnt, lzcnt, tsc, tscinvbit, avx, avx2, aes, erms, clmul, bmi1, bmi2, adx, sha, fma, vzeroupper, clflush, clflushopt, clwb, hv, serialize, rdtscp, rdpid, fsrm, gfni, f16c, cet_ibt, cet_ss
Processor Information for processor 0
  Max Mhz: 2000, Current Mhz: 2000, Mhz Limit: 2000
Processor Information for processor 1
  Max Mhz: 2000, Current Mhz: 2000, Mhz Limit: 2000
Processor Information for processor 2
  Max Mhz: 2000, Current Mhz: 2000, Mhz Limit: 2000
Processor Information for processor 3
  Max Mhz: 2000, Current Mhz: 2000, Mhz Limit: 2000
Processor Information for processor 4
  Max Mhz: 2000, Current Mhz: 2000, Mhz Limit: 2000
Processor Information for processor 5
  Max Mhz: 2000, Current Mhz: 2000, Mhz Limit: 2000
Processor Information for processor 6
  Max Mhz: 2000, Current Mhz: 2000, Mhz Limit: 2000
Processor Information for processor 7
  Max Mhz: 2000, Current Mhz: 2000, Mhz Limit: 2000
Processor Information for processor 8
  Max Mhz: 2000, Current Mhz: 1466, Mhz Limit: 2000
Processor Information for processor 9
  Max Mhz: 2000, Current Mhz: 2000, Mhz Limit: 2000
Processor Information for processor 10
  Max Mhz: 2000, Current Mhz: 1466, Mhz Limit: 2000
Processor Information for processor 11
  Max Mhz: 2000, Current Mhz: 1466, Mhz Limit: 2000

Memory: 4k page, system-wide physical 16052M (901M free)
TotalPageFile size 30469M (AvailPageFile size 5M)
current process WorkingSet (physical memory assigned to process): 2249M, peak: 2249M
current process commit charge ("private bytes"): 2311M, peak: 2313M

vm_info: Java HotSpot(TM) 64-Bit Server VM (24.0.1+9-30) for windows-amd64 JRE (24.0.1+9-30), built on 2025-03-05T07:23:45Z with MS VC++ 17.6 (VS2022)

END.
